timestamp,acc_x,acc_y,acc_z,gyro_x,gyro_y,gyro_z,mag_x,mag_y,mag_z,baro_pressure,tiltXY,tiltYZ,tiltXZ,roll,pitch,yaw,totalTiltFromVertical,angularSpeed,heading,altitude
1744178726600,1744178725767,7.438687324523926,-6.345765590667725,0.9918249845504761,1744178725844,-0.16126830875873566,0.10369429737329483,0.06154462695121765,1744178725803,-23.26875114440918,39.09375,10.83750057220459,1001.5987548828125,-81.1167045645311,130.46669868074295,82.40535657126458,-40.466698680742944,-5.792144295275283,74.50565594494465,40.80840705709921,0.20136463399566654,74.50565594494464,-1.2323018092258864
1744178726605,1744178725897,7.7353973388671875,-6.323033809661865,0.7896314859390259,1744178725844,-0.16126830875873566,0.10369429737329483,0.06154462695121765,1744178725803,-23.26875114440918,39.09375,10.83750057220459,1001.5987548828125,-82.88165511030034,129.26309693680855,84.17142047374715,-39.26309693680855,-4.519003769498733,74.50565594494465,39.48049666331189,0.20136463399566654,74.50565594494464,-1.2323018092258864
1744178726665,1744178725897,7.7353973388671875,-6.323033809661865,0.7896314859390259,1744178725947,-0.13393209874629974,0.0717766135931015,0.09315688163042068,1744178725803,-23.26875114440918,39.09375,10.83750057220459,1001.5987548828125,-82.88165511030034,129.26309693680855,84.17142047374715,-39.26309693680855,-4.519003769498733,74.50565594494465,39.48049666331189,0.1782355013138129,74.50565594494464,-1.2323018092258864
1744178726741,1744178725897,7.7353973388671875,-6.323033809661865,0.7896314859390259,1744178725947,-0.13393209874629974,0.0717766135931015,0.09315688163042068,1744178726003,-23.775001525878906,39.54375076293945,10.74375057220459,1001.5987548828125,-82.88165511030034,129.26309693680855,84.17142047374715,-39.26309693680855,-4.519003769498733,74.80006574246993,39.48049666331189,0.1782355013138129,74.80006574246994,-1.2323018092258864
1744178726751,1744178726027,7.639684677124023,-6.401398658752441,0.7627122402191162,1744178725947,-0.13393209874629974,0.0717766135931015,0.09315688163042068,1744178726003,-23.775001525878906,39.54375076293945,10.74375057220459,1001.5987548828125,-83.20536864294218,129.96011239710745,84.2987351341701,-39.96011239710746,-4.375924584698143,74.80006574246993,40.159032442179566,0.1782355013138129,74.80006574246994,-1.2323018092258864
1744178726763,1744178726027,7.639684677124023,-6.401398658752441,0.7627122402191162,1744178726052,-0.07880155742168427,-0.07544180005788803,0.1360701322555542,1744178726003,-23.775001525878906,39.54375076293945,10.74375057220459,1001.5987548828125,-83.20536864294218,129.96011239710745,84.2987351341701,-39.96011239710746,-4.375924584698143,74.80006574246993,40.159032442179566,0.17440249866358384,74.80006574246994,-1.2323018092258864
1744178726763,1744178726027,7.639684677124023,-6.401398658752441,0.7627122402191162,1744178726052,-0.07880155742168427,-0.07544180005788803,0.1360701322555542,1744178726003,-23.775001525878906,39.54375076293945,10.74375057220459,1001.6036987304688,-83.20536864294218,129.96011239710745,84.2987351341701,-39.96011239710746,-4.375924584698143,74.80006574246993,40.159032442179566,0.17440249866358384,74.80006574246994,-1.2739415022504197
1744178726838,1744178726027,7.639684677124023,-6.401398658752441,0.7627122402191162,1744178726052,-0.07880155742168427,-0.07544180005788803,0.1360701322555542,1744178726103,-24.95625114440918,38.681251525878906,10.74375057220459,1001.6036987304688,-83.20536864294218,129.96011239710745,84.2987351341701,-39.96011239710746,-4.375924584698143,74.47732122948604,40.159032442179566,0.17440249866358384,74.47732122948605,-1.2739415022504197
1744178726877,1744178726027,7.639684677124023,-6.401398658752441,0.7627122402191162,1744178726156,-0.1542433500289917,-0.004581485874950886,0.06536252796649933,1744178726103,-24.95625114440918,38.681251525878906,10.74375057220459,1001.6036987304688,-83.20536864294218,129.96011239710745,84.2987351341701,-39.96011239710746,-4.375924584698143,74.47732122948604,40.159032442179566,0.16758359437355386,74.47732122948605,-1.2739415022504197
1744178726887,1744178726157,7.971090316772461,-6.256034851074219,0.8422735929489136,1744178726156,-0.1542433500289917,-0.004581485874950886,0.06536252796649933,1744178726103,-24.95625114440918,38.681251525878906,10.74375057220459,1001.6036987304688,-82.33216076395148,128.12626042119717,83.96816420854654,-38.12626042119719,-4.751640386379021,74.47732122948604,38.376467143476724,0.16758359437355386,74.47732122948605,-1.2739415022504197
1744178726996,1744178726157,7.971090316772461,-6.256034851074219,0.8422735929489136,1744178726156,-0.1542433500289917,-0.004581485874950886,0.06536252796649933,1744178726103,-24.95625114440918,38.681251525878906,10.74375057220459,1001.606201171875,-82.33216076395148,128.12626042119717,83.96816420854654,-38.12626042119719,-4.751640386379021,74.47732122948604,38.376467143476724,0.16758359437355386,74.47732122948605,-1.295018320465513
1744178726996,1744178726157,7.971090316772461,-6.256034851074219,0.8422735929489136,1744178726259,-0.09376774728298187,0.029626941308379173,-0.02626718580722809,1744178726103,-24.95625114440918,38.681251525878906,10.74375057220459,1001.606201171875,-82.33216076395148,128.12626042119717,83.96816420854654,-38.12626042119719,-4.751640386379021,74.47732122948604,38.376467143476724,0.10178463111907782,74.47732122948605,-1.295018320465513
1744178727038,1744178726157,7.971090316772461,-6.256034851074219,0.8422735929489136,1744178726259,-0.09376774728298187,0.029626941308379173,-0.02626718580722809,1744178726303,-23.45625114440918,38.60625076293945,8.25,1001.606201171875,-82.33216076395148,128.12626042119717,83.96816420854654,-38.12626042119719,-4.751640386379021,77.93755351557657,38.376467143476724,0.10178463111907782,77.93755351557655,-1.295018320465513
1744178727058,1744178726287,7.9250288009643555,-5.908477306365967,1.0480563640594482,1744178726259,-0.09376774728298187,0.029626941308379173,-0.02626718580722809,1744178726303,-23.45625114440918,38.60625076293945,8.25,1001.606201171875,-79.94139605991231,126.70624069305791,82.4665553830951,-36.706240693057886,-6.052079137611721,77.93755351557657,37.13244790507579,0.10178463111907782,77.93755351557655,-1.295018320465513
1744178727078,1744178726287,7.9250288009643555,-5.908477306365967,1.0480563640594482,1744178726364,-0.1107192412018776,-0.061850059777498245,0.0899498388171196,1744178726303,-23.45625114440918,38.60625076293945,8.25,1001.606201171875,-79.94139605991231,126.70624069305791,82.4665553830951,-36.706240693057886,-6.052079137611721,77.93755351557657,37.13244790507579,0.15548361254494136,77.93755351557655,-1.295018320465513
1744178727146,1744178726287,7.9250288009643555,-5.908477306365967,1.0480563640594482,1744178726364,-0.1107192412018776,-0.061850059777498245,0.0899498388171196,1744178726303,-23.45625114440918,38.60625076293945,8.25,1001.6087036132812,-79.94139605991231,126.70624069305791,82.4665553830951,-36.706240693057886,-6.052079137611721,77.93755351557657,37.13244790507579,0.15548361254494136,77.93755351557655,-1.3160950960495454
1744178727148,1744178726438,7.36032247543335,-5.819344520568848,1.3674981594085693,1744178726364,-0.1107192412018776,-0.061850059777498245,0.0899498388171196,1744178726303,-23.45625114440918,38.60625076293945,8.25,1001.6087036132812,-76.77589483233069,128.33120693476783,79.47484282771656,-38.33120693476784,-8.292099656419282,77.93755351557657,39.08259872906154,0.15548361254494136,77.93755351557655,-1.3160950960495454
1744178727160,1744178726438,7.36032247543335,-5.819344520568848,1.3674981594085693,1744178726468,-0.19303326308727264,-0.13469567894935608,0.030695954337716103,1744178726303,-23.45625114440918,38.60625076293945,8.25,1001.6087036132812,-76.77589483233069,128.33120693476783,79.47484282771656,-38.33120693476784,-8.292099656419282,77.93755351557657,39.08259872906154,0.23737524765327023,77.93755351557655,-1.3160950960495454
1744178727237,1744178726438,7.36032247543335,-5.819344520568848,1.3674981594085693,1744178726468,-0.19303326308727264,-0.13469567894935608,0.030695954337716103,1744178726503,-24.150001525878906,39.01875305175781,7.162500381469727,1001.6087036132812,-76.77589483233069,128.33120693476783,79.47484282771656,-38.33120693476784,-8.292099656419282,79.5982681797101,39.08259872906154,0.23737524765327023,79.59826817971009,-1.3160950960495454
1744178727254,1744178726438,7.36032247543335,-5.819344520568848,1.3674981594085693,1744178726468,-0.19303326308727264,-0.13469567894935608,0.030695954337716103,1744178726503,-24.150001525878906,39.01875305175781,7.162500381469727,1001.6112060546875,-76.77589483233069,128.33120693476783,79.47484282771656,-38.33120693476784,-8.292099656419282,79.5982681797101,39.08259872906154,0.23737524765327023,79.59826817971009,-1.3371718289926737
1744178727260,1744178726569,7.609176158905029,-5.953342914581299,1.2430713176727295,1744178726468,-0.19303326308727264,-0.13469567894935608,0.030695954337716103,1744178726503,-24.150001525878906,39.01875305175781,7.162500381469727,1001.6112060546875,-78.2059648463334,128.03926887742537,80.72184737889954,-38.03926887742538,-7.331637427143833,79.5982681797101,38.634066813831495,0.23737524765327023,79.59826817971009,-1.3371718289926737
1744178727269,1744178726569,7.609176158905029,-5.953342914581299,1.2430713176727295,1744178726571,-0.2023489624261856,-0.23075416684150696,0.05604684352874756,1744178726503,-24.150001525878906,39.01875305175781,7.162500381469727,1001.6112060546875,-78.2059648463334,128.03926887742537,80.72184737889954,-38.03926887742538,-7.331637427143833,79.5982681797101,38.634066813831495,0.31198371236205236,79.59826817971009,-1.3371718289926737
1744178727292,1744178726569,7.609176158905029,-5.953342914581299,1.2430713176727295,1744178726571,-0.2023489624261856,-0.23075416684150696,0.05604684352874756,1744178726603,-24.01875114440918,37.875,5.943750381469727,1001.6112060546875,-78.2059648463334,128.03926887742537,80.72184737889954,-38.03926887742538,-7.331637427143833,81.08127288080213,38.634066813831495,0.31198371236205236,81.08127288080215,-1.3371718289926737
1744178727379,1744178726569,7.609176158905029,-5.953342914581299,1.2430713176727295,1744178726676,-0.24801109731197357,-0.13011419773101807,-0.02672533318400383,1744178726603,-24.01875114440918,37.875,5.943750381469727,1001.6112060546875,-78.2059648463334,128.03926887742537,80.72184737889954,-38.03926887742538,-7.331637427143833,81.08127288080213,38.634066813831495,0.28134223336511655,81.08127288080215,-1.3371718289926737
1744178727402,1744178726569,7.609176158905029,-5.953342914581299,1.2430713176727295,1744178726676,-0.24801109731197357,-0.13011419773101807,-0.02672533318400383,1744178726603,-24.01875114440918,37.875,5.943750381469727,1001.6112060546875,-78.2059648463334,128.03926887742537,80.72184737889954,-38.03926887742538,-7.331637427143833,81.08127288080213,38.634066813831495,0.28134223336511655,81.08127288080215,-1.3371718289926737
1744178727414,1744178726698,7.887939929962158,-6.04247522354126,1.1180464029312134,1744178726676,-0.24801109731197357,-0.13011419773101807,-0.02672533318400383,1744178726603,-24.01875114440918,37.875,5.943750381469727,1001.6112060546875,-79.5170537484908,127.45354868950739,81.93256508931864,-37.45354868950738,-6.419963917159026,81.08127288080213,37.92011077488121,0.28134223336511655,81.08127288080215,-1.3371718289926737
1744178727496,1744178726698,7.887939929962158,-6.04247522354126,1.1180464029312134,1744178726780,-0.21502439677715302,-0.210442915558815,-0.04932733252644539,1744178726603,-24.01875114440918,37.875,5.943750381469727,1001.6112060546875,-79.5170537484908,127.45354868950739,81.93256508931864,-37.45354868950738,-6.419963917159026,81.08127288080213,37.92011077488121,0.3048850564597215,81.08127288080215,-1.3371718289926737
1744178727501,1744178726698,7.887939929962158,-6.04247522354126,1.1180464029312134,1744178726780,-0.21502439677715302,-0.210442915558815,-0.04932733252644539,1744178726803,-24.693750381469727,38.25,3.2437500953674316,1001.6112060546875,-79.5170537484908,127.45354868950739,81.93256508931864,-37.45354868950738,-6.419963917159026,85.1526910033485,37.92011077488121,0.3048850564597215,85.15269100334848,-1.3371718289926737
1744178727543,1744178726828,8.768498420715332,-6.658029079437256,2.2121646404266357,1744178726780,-0.21502439677715302,-0.210442915558815,-0.04932733252644539,1744178726803,-24.693750381469727,38.25,3.2437500953674316,1001.6112060546875,-71.62066549592741,127.2098511568283,75.84057863189216,-37.20985115682827,-11.360976476970832,85.1526910033485,38.664244259565834,0.3048850564597215,85.15269100334848,-1.3371718289926737
1744178727574,1744178726828,8.768498420715332,-6.658029079437256,2.2121646404266357,1744178726780,-0.21502439677715302,-0.210442915558815,-0.04932733252644539,1744178726803,-24.693750381469727,38.25,3.2437500953674316,1001.6087036132812,-71.62066549592741,127.2098511568283,75.84057863189216,-37.20985115682827,-11.360976476970832,85.1526910033485,38.664244259565834,0.3048850564597215,85.15269100334848,-1.3160950960495454
1744178727584,1744178726828,8.768498420715332,-6.658029079437256,2.2121646404266357,1744178726883,-0.3061959743499756,0.07406735420227051,-0.19654574990272522,1744178726803,-24.693750381469727,38.25,3.2437500953674316,1001.6087036132812,-71.62066549592741,127.2098511568283,75.84057863189216,-37.20985115682827,-11.360976476970832,85.1526910033485,38.664244259565834,0.37131143191595933,85.15269100334848,-1.3160950960495454
1744178727641,1744178726828,8.768498420715332,-6.658029079437256,2.2121646404266357,1744178726883,-0.3061959743499756,0.07406735420227051,-0.19654574990272522,1744178726903,-25.312501907348633,38.98125076293945,2.2875001430511475,1001.6087036132812,-71.62066549592741,127.2098511568283,75.84057863189216,-37.20985115682827,-11.360976476970832,86.64161698467802,38.664244259565834,0.37131143191595933,86.64161698467802,-1.3160950960495454
1744178727687,1744178726959,13.911870956420898,-9.162715911865234,0.6652047038078308,1744178726883,-0.3061959743499756,0.07406735420227051,-0.19654574990272522,1744178726903,-25.312501907348633,38.98125076293945,2.2875001430511475,1001.6087036132812,-85.8476642909334,123.36992774183227,87.26245195351595,-33.36992774183228,-2.2867530897996566,86.64161698467802,33.43914136775044,0.37131143191595933,86.64161698467802,-1.3160950960495454
1744178727696,1744178726959,13.911870956420898,-9.162715911865234,0.6652047038078308,1744178726988,0.24785839021205902,1.1126902103424072,0.29733842611312866,1744178726903,-25.312501907348633,38.98125076293945,2.2875001430511475,1001.6087036132812,-85.8476642909334,123.36992774183227,87.26245195351595,-33.36992774183228,-2.2867530897996566,86.64161698467802,33.43914136775044,1.1781016193154885,86.64161698467802,-1.3160950960495454
1744178727759,1744178726959,13.911870956420898,-9.162715911865234,0.6652047038078308,1744178726988,0.24785839021205902,1.1126902103424072,0.29733842611312866,1744178726903,-25.312501907348633,38.98125076293945,2.2875001430511475,1001.6087036132812,-85.8476642909334,123.36992774183227,87.26245195351595,-33.36992774183228,-2.2867530897996566,86.64161698467802,33.43914136775044,1.1781016193154885,86.64161698467802,-1.3160950960495454
1744178727798,1744178726959,13.911870956420898,-9.162715911865234,0.6652047038078308,1744178727092,1.3390156030654907,1.5639665126800537,1.296560525894165,1744178726903,-25.312501907348633,38.98125076293945,2.2875001430511475,1001.6087036132812,-85.8476642909334,123.36992774183227,87.26245195351595,-33.36992774183228,-2.2867530897996566,86.64161698467802,33.43914136775044,2.4331097869484646,86.64161698467802,-1.3160950960495454
1744178727807,1744178726959,13.911870956420898,-9.162715911865234,0.6652047038078308,1744178727092,1.3390156030654907,1.5639665126800537,1.296560525894165,1744178727103,-30.562501907348633,36.67500305175781,10.518750190734863,1001.6087036132812,-85.8476642909334,123.36992774183227,87.26245195351595,-33.36992774183228,-2.2867530897996566,73.99658993945476,33.43914136775044,2.4331097869484646,73.9965899394548,-1.3160950960495454
1744178727808,1744178727089,12.260823249816895,-10.8430757522583,-1.4003994464874268,1744178727092,1.3390156030654907,1.5639665126800537,1.296560525894165,1744178727103,-30.562501907348633,36.67500305175781,10.518750190734863,1001.6087036132812,-97.3590991636398,131.48850532509502,96.51593849487088,-41.488505325095,4.890257882743332,73.99658993945476,41.72379800747447,2.4331097869484646,73.9965899394548,-1.3160950960495454
1744178727875,1744178727089,12.260823249816895,-10.8430757522583,-1.4003994464874268,1744178727092,1.3390156030654907,1.5639665126800537,1.296560525894165,1744178727103,-30.562501907348633,36.67500305175781,10.518750190734863,1001.6074829101562,-97.3590991636398,131.48850532509502,96.51593849487088,-41.488505325095,4.890257882743332,73.99658993945476,41.72379800747447,2.4331097869484646,73.9965899394548,-1.3058137474406695
1744178727941,1744178727089,12.260823249816895,-10.8430757522583,-1.4003994464874268,1744178727196,2.927722215652466,1.7146974802017212,1.5699224472045898,1744178727103,-30.562501907348633,36.67500305175781,10.518750190734863,1001.6074829101562,-97.3590991636398,131.48850532509502,96.51593849487088,-41.488505325095,4.890257882743332,73.99658993945476,41.72379800747447,3.7385025492664794,73.9965899394548,-1.3058137474406695
1744178727995,1744178727240,12.806386947631836,-11.69013500213623,1.4901303052902222,1744178727196,2.927722215652466,1.7146974802017212,1.5699224472045898,1744178727103,-30.562501907348633,36.67500305175781,10.518750190734863,1001.6074829101562,-82.73573696969568,132.39096376051384,83.36300249464911,-42.39096376051382,-4.911807087902914,73.99658993945476,42.6209587591394,3.7385025492664794,73.9965899394548,-1.3058137474406695
1744178728012,1744178727240,12.806386947631836,-11.69013500213623,1.4901303052902222,1744178727299,2.4162757396698,1.4804308414459229,3.2704172134399414,1744178727103,-30.562501907348633,36.67500305175781,10.518750190734863,1001.6074829101562,-82.73573696969568,132.39096376051384,83.36300249464911,-42.39096376051382,-4.911807087902914,73.99658993945476,42.6209587591394,4.327319340698741,73.9965899394548,-1.3058137474406695
1744178728013,1744178727240,12.806386947631836,-11.69013500213623,1.4901303052902222,1744178727299,2.4162757396698,1.4804308414459229,3.2704172134399414,1744178727303,-32.88750076293945,12.24375057220459,32.868751525878906,1001.6074829101562,-82.73573696969568,132.39096376051384,83.36300249464911,-42.39096376051382,-4.911807087902914,20.43057759871463,42.6209587591394,4.327319340698741,20.43057759871465,-1.3058137474406695
1744178728024,1744178727240,12.806386947631836,-11.69013500213623,1.4901303052902222,1744178727299,2.4162757396698,1.4804308414459229,3.2704172134399414,1744178727303,-32.88750076293945,12.24375057220459,32.868751525878906,1001.5887451171875,-82.73573696969568,132.39096376051384,83.36300249464911,-42.39096376051382,-4.911807087902914,20.43057759871463,42.6209587591394,4.327319340698741,20.43057759871465,-1.1479937730126144
1744178728097,1744178727370,-4.137788772583008,0.06041877344250679,3.7531423568725586,1744178727299,2.4162757396698,1.4804308414459229,3.2704172134399414,1744178727303,-32.88750076293945,12.24375057220459,32.868751525878906,1001.5887451171875,0.9222782939008972,-89.16344334676349,-47.79069545808279,179.1634433467635,-42.2062653550632,20.43057759871463,137.7870014403696,4.327319340698741,20.43057759871465,-1.1479937730126144
1744178728164,1744178727370,-4.137788772583008,0.06041877344250679,3.7531423568725586,1744178727404,1.3034327030181885,1.1246020793914795,0.4627300798892975,1744178727303,-32.88750076293945,12.24375057220459,32.868751525878906,1001.5887451171875,0.9222782939008972,-89.16344334676349,-47.79069545808279,179.1634433467635,-42.2062653550632,20.43057759871463,137.7870014403696,1.7826345040706735,20.43057759871465,-1.1479937730126144
1744178728164,1744178727370,-4.137788772583008,0.06041877344250679,3.7531423568725586,1744178727404,1.3034327030181885,1.1246020793914795,0.4627300798892975,1744178727403,-29.812501907348633,-1.818750023841858,37.6875,1001.5887451171875,0.9222782939008972,-89.16344334676349,-47.79069545808279,179.1634433467635,-42.2062653550632,-2.7628767481962146,137.7870014403696,1.7826345040706735,357.2371232518038,-1.1479937730126144
1744178728193,1744178727370,-4.137788772583008,0.06041877344250679,3.7531423568725586,1744178727404,1.3034327030181885,1.1246020793914795,0.4627300798892975,1744178727403,-29.812501907348633,-1.818750023841858,37.6875,1001.5599975585938,0.9222782939008972,-89.16344334676349,-47.79069545808279,179.1634433467635,-42.2062653550632,-2.7628767481962146,137.7870014403696,1.7826345040706735,357.2371232518038,-0.9058614123395681
1744178728213,1744178727370,-4.137788772583008,0.06041877344250679,3.7531423568725586,1744178727507,0.2585485279560089,0.8604030609130859,-0.2577849328517914,1744178727403,-29.812501907348633,-1.818750023841858,37.6875,1001.5599975585938,0.9222782939008972,-89.16344334676349,-47.79069545808279,179.1634433467635,-42.2062653550632,-2.7628767481962146,137.7870014403696,0.9346624204183183,357.2371232518038,-0.9058614123395681
1744178728219,1744178727501,2.376671075820923,5.161916732788086,2.321038007736206,1744178727507,0.2585485279560089,0.8604030609130859,-0.2577849328517914,1744178727403,-29.812501907348633,-1.818750023841858,37.6875,1001.5599975585938,65.78909821139099,24.722484334527103,45.678499018156465,65.2775156654729,-22.216763953813537,-2.7628767481962146,67.22118867615667,0.9346624204183183,357.2371232518038,-0.9058614123395681
1744178728303,1744178727501,2.376671075820923,5.161916732788086,2.321038007736206,1744178727507,0.2585485279560089,0.8604030609130859,-0.2577849328517914,1744178727603,-21.712501525878906,-4.481250286102295,40.89375305175781,1001.5599975585938,65.78909821139099,24.722484334527103,45.678499018156465,65.2775156654729,-22.216763953813537,-6.253677078701045,67.22118867615667,0.9346624204183183,353.74632292129894,-0.9058614123395681
1744178728346,1744178727501,2.376671075820923,5.161916732788086,2.321038007736206,1744178727611,-0.21731515228748322,0.2542724609375,-0.5155698657035828,1744178727603,-21.712501525878906,-4.481250286102295,40.89375305175781,1001.5599975585938,65.78909821139099,24.722484334527103,45.678499018156465,65.2775156654729,-22.216763953813537,-6.253677078701045,67.22118867615667,0.6145670396519446,353.74632292129894,-0.9058614123395681
1744178728355,1744178727631,7.390830993652344,3.290729284286499,-5.673980712890625,1744178727611,-0.21731515228748322,0.2542724609375,-0.5155698657035828,1744178727603,-21.712501525878906,-4.481250286102295,40.89375305175781,1001.5599975585938,149.8876234100747,65.99922804540932,127.51364325460031,24.000771954590675,35.04311437706671,-6.253677078701045,41.58830129559628,0.6145670396519446,353.74632292129894,-0.9058614123395681
1744178728355,1744178727631,7.390830993652344,3.290729284286499,-5.673980712890625,1744178727611,-0.21731515228748322,0.2542724609375,-0.5155698657035828,1744178727603,-21.712501525878906,-4.481250286102295,40.89375305175781,1001.5411987304688,149.8876234100747,65.99922804540932,127.51364325460031,24.000771954590675,35.04311437706671,-6.253677078701045,41.58830129559628,0.6145670396519446,353.74632292129894,-0.7475212840727541
1744178728416,1744178727631,7.390830993652344,3.290729284286499,-5.673980712890625,1744178727716,-0.19822561740875244,0.057268574833869934,-0.30146175622940063,1744178727603,-21.712501525878906,-4.481250286102295,40.89375305175781,1001.5411987304688,149.8876234100747,65.99922804540932,127.51364325460031,24.000771954590675,35.04311437706671,-6.253677078701045,41.58830129559628,0.36531120367365993,353.74632292129894,-0.7475212840727541
1744178728475,1744178727739,7.515257835388184,1.064207911491394,-7.188039302825928,1744178727716,-0.19822561740875244,0.057268574833869934,-0.30146175622940063,1744178727603,-21.712501525878906,-4.481250286102295,40.89375305175781,1001.5411987304688,171.5783879553735,81.94014415074957,133.72510590925117,8.05985584925042,43.44106802183,-6.253677078701045,44.03545030492129,0.36531120367365993,353.74632292129894,-0.7475212840727541
1744178728516,1744178727739,7.515257835388184,1.064207911491394,-7.188039302825928,1744178727716,-0.19822561740875244,0.057268574833869934,-0.30146175622940063,1744178727803,-25.725000381469727,-1.0125000476837158,43.42500305175781,1001.5411987304688,171.5783879553735,81.94014415074957,133.72510590925117,8.05985584925042,43.44106802183,-1.3356699210359293,44.03545030492129,0.36531120367365993,358.6643300789641,-0.7475212840727541
1744178728526,1744178727739,7.515257835388184,1.064207911491394,-7.188039302825928,1744178727716,-0.19822561740875244,0.057268574833869934,-0.30146175622940063,1744178727803,-25.725000381469727,-1.0125000476837158,43.42500305175781,1001.53125,171.5783879553735,81.94014415074957,133.72510590925117,8.05985584925042,43.44106802183,-1.3356699210359293,44.03545030492129,0.36531120367365993,358.6643300789641,-0.6637234242483636
1744178728526,1744178727739,7.515257835388184,1.064207911491394,-7.188039302825928,1744178727820,0.1484401375055313,-0.07971785217523575,-0.24801109731197357,1744178727803,-25.725000381469727,-1.0125000476837158,43.42500305175781,1001.53125,171.5783879553735,81.94014415074957,133.72510590925117,8.05985584925042,43.44106802183,-1.3356699210359293,44.03545030492129,0.2998314772801265,358.6643300789641,-0.6637234242483636
1744178728585,1744178727869,8.291728973388672,1.679761528968811,-6.401997089385986,1744178727820,0.1484401375055313,-0.07971785217523575,-0.24801109731197357,1744178727803,-25.725000381469727,-1.0125000476837158,43.42500305175781,1001.53125,165.29808223359055,78.54784754470218,127.67152757633143,11.452152455297826,37.115616665020355,-1.3356699210359293,38.597880839617105,0.2998314772801265,358.6643300789641,-0.6637234242483636
1744178728648,1744178727869,8.291728973388672,1.679761528968811,-6.401997089385986,1744178727924,0.12553271651268005,-0.13194678723812103,-0.022754713892936707,1744178727803,-25.725000381469727,-1.0125000476837158,43.42500305175781,1001.53125,165.29808223359055,78.54784754470218,127.67152757633143,11.452152455297826,37.115616665020355,-1.3356699210359293,38.597880839617105,0.18353799220287956,358.6643300789641,-0.6637234242483636
1744178728691,1744178727869,8.291728973388672,1.679761528968811,-6.401997089385986,1744178727924,0.12553271651268005,-0.13194678723812103,-0.022754713892936707,1744178727803,-25.725000381469727,-1.0125000476837158,43.42500305175781,1001.5224609375,165.29808223359055,78.54784754470218,127.67152757633143,11.452152455297826,37.115616665020355,-1.3356699210359293,38.597880839617105,0.18353799220287956,358.6643300789641,-0.5896928523647094
1744178728704,1744178727869,8.291728973388672,1.679761528968811,-6.401997089385986,1744178727924,0.12553271651268005,-0.13194678723812103,-0.022754713892936707,1744178728003,-22.78125,-2.0250000953674316,40.95000076293945,1001.5224609375,165.29808223359055,78.54784754470218,127.67152757633143,11.452152455297826,37.115616665020355,-2.831001758315887,38.597880839617105,0.18353799220287956,357.1689982416841,-0.5896928523647094
1744178728745,1744178727998,7.741977691650391,2.2510478496551514,-5.375475883483887,1744178727924,0.12553271651268005,-0.13194678723812103,-0.022754713892936707,1744178728003,-22.78125,-2.0250000953674316,40.95000076293945,1001.5224609375,157.27789132336252,73.7877477866834,124.77334997442378,16.212252213316603,33.69209777751615,-2.831001758315887,36.97060964261712,0.18353799220287956,357.1689982416841,-0.5896928523647094
1744178728757,1744178727998,7.741977691650391,2.2510478496551514,-5.375475883483887,1744178728028,-0.023365577682852745,-0.014660755172371864,0.014966187067329884,1744178728003,-22.78125,-2.0250000953674316,40.95000076293945,1001.5224609375,157.27789132336252,73.7877477866834,124.77334997442378,16.212252213316603,33.69209777751615,-2.831001758315887,36.97060964261712,0.03138271368145156,357.1689982416841,-0.5896928523647094
1744178728827,1744178727998,7.741977691650391,2.2510478496551514,-5.375475883483887,1744178728028,-0.023365577682852745,-0.014660755172371864,0.014966187067329884,1744178728103,-24.900001525878906,-1.03125,41.92500305175781,1001.5224609375,157.27789132336252,73.7877477866834,124.77334997442378,16.212252213316603,33.69209777751615,-1.4090484482391628,36.97060964261712,0.03138271368145156,358.59095155176084,-0.5896928523647094
1744178728839,1744178727998,7.741977691650391,2.2510478496551514,-5.375475883483887,1744178728132,-0.05085449293255806,-0.06307178735733032,0.11591159552335739,1744178728103,-24.900001525878906,-1.03125,41.92500305175781,1001.5224609375,157.27789132336252,73.7877477866834,124.77334997442378,16.212252213316603,33.69209777751615,-1.4090484482391628,36.97060964261712,0.14142039382156413,358.59095155176084,-0.5896928523647094
1744178728847,1744178727998,7.741977691650391,2.2510478496551514,-5.375475883483887,1744178728132,-0.05085449293255806,-0.06307178735733032,0.11591159552335739,1744178728103,-24.900001525878906,-1.03125,41.92500305175781,1001.5162353515625,157.27789132336252,73.7877477866834,124.77334997442378,16.212252213316603,33.69209777751615,-1.4090484482391628,36.97060964261712,0.14142039382156413,358.59095155176084,-0.5372542123446022
1744178728892,1744178728150,7.983652591705322,1.597209095954895,-6.205785751342773,1744178728132,-0.05085449293255806,-0.06307178735733032,0.11591159552335739,1744178728103,-24.900001525878906,-1.03125,41.92500305175781,1001.5162353515625,165.56679509775998,78.6867650852204,127.8583374113289,11.3132349147796,37.3149375326764,-1.4090484482391628,38.75205922645667,0.14142039382156413,358.59095155176084,-0.5372542123446022
1744178728915,1744178728150,7.983652591705322,1.597209095954895,-6.205785751342773,1744178728132,-0.05085449293255806,-0.06307178735733032,0.11591159552335739,1744178728203,-22.98750114440918,-1.3312500715255737,41.38125228881836,1001.5162353515625,165.56679509775998,78.6867650852204,127.8583374113289,11.3132349147796,37.3149375326764,-1.8425907753429303,38.75205922645667,0.14142039382156413,358.15740922465704,-0.5372542123446022
1744178728995,1744178728280,6.81595516204834,1.9459630250930786,-6.49770975112915,1744178728132,-0.05085449293255806,-0.06307178735733032,0.11591159552335739,1744178728203,-22.98750114440918,-1.3312500715255737,41.38125228881836,1001.5162353515625,163.32785951067987,74.06589496138194,133.63068153647697,15.934105038618055,42.510886864057206,-1.8425907753429303,44.860502885219084,0.14142039382156413,358.15740922465704,-0.5372542123446022
1744178728998,1744178728280,6.81595516204834,1.9459630250930786,-6.49770975112915,1744178728132,-0.05085449293255806,-0.06307178735733032,0.11591159552335739,1744178728203,-22.98750114440918,-1.3312500715255737,41.38125228881836,1001.51123046875,163.32785951067987,74.06589496138194,133.63068153647697,15.934105038618055,42.510886864057206,-1.8425907753429303,44.860502885219084,0.14142039382156413,358.15740922465704,-0.4950974672232
1744178729007,1744178728280,6.81595516204834,1.9459630250930786,-6.49770975112915,1744178728132,-0.05085449293255806,-0.06307178735733032,0.11591159552335739,1744178728303,-21.712501525878906,-2.1000001430511475,40.837501525878906,1001.51123046875,163.32785951067987,74.06589496138194,133.63068153647697,15.934105038618055,42.510886864057206,-2.9437465864832646,44.860502885219084,0.14142039382156413,357.05625341351674,-0.4950974672232
1744178729056,1744178728280,6.81595516204834,1.9459630250930786,-6.49770975112915,1744178728340,-0.08857539296150208,0.017562363296747208,0.020158538594841957,1744178728303,-21.712501525878906,-2.1000001430511475,40.837501525878906,1001.51123046875,163.32785951067987,74.06589496138194,133.63068153647697,15.934105038618055,42.510886864057206,-2.9437465864832646,44.860502885219084,0.09252244874154152,357.05625341351674,-0.4950974672232
1744178729114,1744178728280,6.81595516204834,1.9459630250930786,-6.49770975112915,1744178728340,-0.08857539296150208,0.017562363296747208,0.020158538594841957,1744178728403,-23.53125,-1.5750000476837158,41.45625305175781,1001.51123046875,163.32785951067987,74.06589496138194,133.63068153647697,15.934105038618055,42.510886864057206,-2.175726677370223,44.860502885219084,0.09252244874154152,357.8242733226298,-0.4950974672232
1744178729122,1744178728410,7.175477027893066,1.7754744291305542,-6.597609996795654,1744178728340,-0.08857539296150208,0.017562363296747208,0.020158538594841957,1744178728403,-23.53125,-1.5750000476837158,41.45625305175781,1001.51123046875,164.93803193474318,76.10208126533676,132.5974932355944,13.89791873466323,41.750480994988656,-2.175726677370223,43.59672541633461,0.09252244874154152,357.8242733226298,-0.4950974672232
1744178729147,1744178728410,7.175477027893066,1.7754744291305542,-6.597609996795654,1744178728444,0.02107483521103859,0.0027488914784044027,-0.0769689604640007,1744178728403,-23.53125,-1.5750000476837158,41.45625305175781,1001.51123046875,164.93803193474318,76.10208126533676,132.5974932355944,13.89791873466323,41.750480994988656,-2.175726677370223,43.59672541633461,0.07984939547949865,357.8242733226298,-0.4950974672232
1744178729193,1744178728410,7.175477027893066,1.7754744291305542,-6.597609996795654,1744178728444,0.02107483521103859,0.0027488914784044027,-0.0769689604640007,1744178728403,-23.53125,-1.5750000476837158,41.45625305175781,1001.5075073242188,164.93803193474318,76.10208126533676,132.5974932355944,13.89791873466323,41.750480994988656,-2.175726677370223,43.59672541633461,0.07984939547949865,357.8242733226298,-0.4637368510474249
1744178729211,1744178728410,7.175477027893066,1.7754744291305542,-6.597609996795654,1744178728444,0.02107483521103859,0.0027488914784044027,-0.0769689604640007,1744178728503,-23.587501525878906,-0.9750000238418579,41.625,1001.5075073242188,164.93803193474318,76.10208126533676,132.5974932355944,13.89791873466323,41.750480994988656,-1.3418179734399744,43.59672541633461,0.07984939547949865,358.65818202656004,-0.4637368510474249
1744178729245,1744178728410,7.175477027893066,1.7754744291305542,-6.597609996795654,1744178728548,-0.024892739951610565,-0.04886918142437935,-0.0743727833032608,1744178728503,-23.587501525878906,-0.9750000238418579,41.625,1001.5075073242188,164.93803193474318,76.10208126533676,132.5974932355944,13.89791873466323,41.750480994988656,-1.3418179734399744,43.59672541633461,0.09240755538191237,358.65818202656004,-0.4637368510474249
1744178729300,1744178728540,7.227520942687988,1.817348837852478,-5.831906795501709,1744178728548,-0.024892739951610565,-0.04886918142437935,-0.0743727833032608,1744178728503,-23.587501525878906,-0.9750000238418579,41.625,1001.5075073242188,162.69183143264667,75.88567563821232,128.9001564332844,14.11432436178768,38.04471746678,-1.3418179734399744,40.20361265371756,0.09240755538191237,358.65818202656004,-0.4637368510474249
1744178729315,1744178728540,7.227520942687988,1.817348837852478,-5.831906795501709,1744178728548,-0.024892739951610565,-0.04886918142437935,-0.0743727833032608,1744178728603,-23.418750762939453,-0.6000000238418579,41.15625,1001.5075073242188,162.69183143264667,75.88567563821232,128.9001564332844,14.11432436178768,38.04471746678,-0.8352324108710442,40.20361265371756,0.09240755538191237,359.1647675891289,-0.4637368510474249
1744178729325,1744178728540,7.227520942687988,1.817348837852478,-5.831906795501709,1744178728548,-0.024892739951610565,-0.04886918142437935,-0.0743727833032608,1744178728603,-23.418750762939453,-0.6000000238418579,41.15625,1001.5062255859375,162.69183143264667,75.88567563821232,128.9001564332844,14.11432436178768,38.04471746678,-0.8352324108710442,40.20361265371756,0.09240755538191237,359.1647675891289,-0.45294055150865153
1744178729380,1744178728540,7.227520942687988,1.817348837852478,-5.831906795501709,1744178728651,-0.024281874299049377,-0.12064579129219055,-0.168904110789299,1744178728603,-23.418750762939453,-0.6000000238418579,41.15625,1001.5062255859375,162.69183143264667,75.88567563821232,128.9001564332844,14.11432436178768,38.04471746678,-0.8352324108710442,40.20361265371756,0.2089823318309886,359.1647675891289,-0.45294055150865153
1744178729387,1744178728670,7.280761241912842,1.85383939743042,-5.648856163024902,1744178728651,-0.024281874299049377,-0.12064579129219055,-0.168904110789299,1744178728603,-23.418750762939453,-0.6000000238418579,41.15625,1001.5062255859375,161.831218865946,75.71480463474074,127.80647925966747,14.285195365259257,36.93843219065084,-0.8352324108710442,39.2341573377048,0.2089823318309886,359.1647675891289,-0.45294055150865153
1744178729458,1744178728670,7.280761241912842,1.85383939743042,-5.648856163024902,1744178728756,-0.005039634648710489,-0.10109812021255493,-0.22434009611606598,1744178728603,-23.418750762939453,-0.6000000238418579,41.15625,1001.5062255859375,161.831218865946,75.71480463474074,127.80647925966747,14.285195365259257,36.93843219065084,-0.8352324108710442,39.2341573377048,0.2461192933381502,359.1647675891289,-0.45294055150865153
1744178729495,1744178728670,7.280761241912842,1.85383939743042,-5.648856163024902,1744178728756,-0.005039634648710489,-0.10109812021255493,-0.22434009611606598,1744178728603,-23.418750762939453,-0.6000000238418579,41.15625,1001.5050048828125,161.831218865946,75.71480463474074,127.80647925966747,14.285195365259257,36.93843219065084,-0.8352324108710442,39.2341573377048,0.2461192933381502,359.1647675891289,-0.4426583510758597
1744178729503,1744178728670,7.280761241912842,1.85383939743042,-5.648856163024902,1744178728756,-0.005039634648710489,-0.10109812021255493,-0.22434009611606598,1744178728803,-24.600000381469727,0.1875,40.743751525878906,1001.5050048828125,161.831218865946,75.71480463474074,127.80647925966747,14.285195365259257,36.93843219065084,0.2636694565420751,39.2341573377048,0.2461192933381502,0.2636694565420612,-0.4426583510758597
1744178729565,1744178728800,8.108677864074707,1.2442678213119507,-5.944967746734619,1744178728756,-0.005039634648710489,-0.10109812021255493,-0.22434009611606598,1744178728803,-24.600000381469727,0.1875,40.743751525878906,1001.5050048828125,168.17876791433127,81.2760729210231,126.24742259389126,8.723927078976898,35.930053143229365,0.2636694565420751,36.83494713308809,0.2461192933381502,0.2636694565420612,-0.4426583510758597
1744178729566,1744178728800,8.108677864074707,1.2442678213119507,-5.944967746734619,1744178728859,-0.029932374134659767,-0.04276053607463837,-0.14920371770858765,1744178728803,-24.600000381469727,0.1875,40.743751525878906,1001.5050048828125,168.17876791433127,81.2760729210231,126.24742259389126,8.723927078976898,35.930053143229365,0.2636694565420751,36.83494713308809,0.15807011053577336,0.2636694565420612,-0.4426583510758597
1744178729597,1744178728800,8.108677864074707,1.2442678213119507,-5.944967746734619,1744178728859,-0.029932374134659767,-0.04276053607463837,-0.14920371770858765,1744178728903,-25.818750381469727,0.75,40.95000076293945,1001.5050048828125,168.17876791433127,81.2760729210231,126.24742259389126,8.723927078976898,35.930053143229365,1.049255921335758,36.83494713308809,0.15807011053577336,1.0492559213357708,-0.4426583510758597
1744178729657,1744178728800,8.108677864074707,1.2442678213119507,-5.944967746734619,1744178728859,-0.029932374134659767,-0.04276053607463837,-0.14920371770858765,1744178728903,-25.818750381469727,0.75,40.95000076293945,1001.5037231445312,168.17876791433127,81.2760729210231,126.24742259389126,8.723927078976898,35.930053143229365,1.049255921335758,36.83494713308809,0.15807011053577336,1.0492559213357708,-0.4318620296949427
1744178729662,1744178728952,8.274380683898926,0.98703932762146,-5.929414749145508,1744178728859,-0.029932374134659767,-0.04276053607463837,-0.14920371770858765,1744178728903,-25.818750381469727,0.75,40.95000076293945,1001.5037231445312,170.54892708904796,83.1974112921609,125.62535412730745,6.802588707839105,35.433923118541486,1.049255921335758,35.996907163738264,0.15807011053577336,1.0492559213357708,-0.4318620296949427
1744178729672,1744178728952,8.274380683898926,0.98703932762146,-5.929414749145508,1744178728963,-0.0513126403093338,-0.0010690133785828948,-0.11682789027690887,1744178728903,-25.818750381469727,0.75,40.95000076293945,1001.5037231445312,170.54892708904796,83.1974112921609,125.62535412730745,6.802588707839105,35.433923118541486,1.049255921335758,35.996907163738264,0.12760441133312014,1.0492559213357708,-0.4318620296949427
1744178729756,1744178728952,8.274380683898926,0.98703932762146,-5.929414749145508,1744178729067,-0.03649916872382164,0.03588830679655075,0.001221729558892548,1744178728903,-25.818750381469727,0.75,40.95000076293945,1001.5037231445312,170.54892708904796,83.1974112921609,125.62535412730745,6.802588707839105,35.433923118541486,1.049255921335758,35.996907163738264,0.05120207520568305,1.0492559213357708,-0.4318620296949427
1744178729801,1744178729081,7.634300708770752,0.8243274092674255,-5.916851997375488,1744178729067,-0.03649916872382164,0.03588830679655075,0.001221729558892548,1744178728903,-25.818750381469727,0.75,40.95000076293945,1001.5037231445312,172.0686852368333,83.83726113698172,127.77694533419185,6.162738863018286,37.61627528936978,1.049255921335758,38.04391455106664,0.05120207520568305,1.0492559213357708,-0.4318620296949427
1744178729823,1744178729081,7.634300708770752,0.8243274092674255,-5.916851997375488,1744178729067,-0.03649916872382164,0.03588830679655075,0.001221729558892548,1744178728903,-25.818750381469727,0.75,40.95000076293945,1001.5050048828125,172.0686852368333,83.83726113698172,127.77694533419185,6.162738863018286,37.61627528936978,1.049255921335758,38.04391455106664,0.05120207520568305,1.0492559213357708,-0.4426583510758597
1744178729823,1744178729081,7.634300708770752,0.8243274092674255,-5.916851997375488,1744178729067,-0.03649916872382164,0.03588830679655075,0.001221729558892548,1744178729103,-23.90625,1.537500023841858,40.63125228881836,1001.5050048828125,172.0686852368333,83.83726113698172,127.77694533419185,6.162738863018286,37.61627528936978,2.1670573101285444,38.04391455106664,0.05120207520568305,2.1670573101285413,-0.4426583510758597
1744178729926,1744178729081,7.634300708770752,0.8243274092674255,-5.916851997375488,1744178729171,0.0334448479115963,-0.046425722539424896,-0.02000582218170166,1744178729103,-23.90625,1.537500023841858,40.63125228881836,1001.5050048828125,172.0686852368333,83.83726113698172,127.77694533419185,6.162738863018286,37.61627528936978,2.1670573101285444,38.04391455106664,0.0606146722032161,2.1670573101285413,-0.4426583510758597
1744178729930,1744178729211,7.384250640869141,1.153340458869934,-5.922834396362305,1744178729171,0.0334448479115963,-0.046425722539424896,-0.02000582218170166,1744178729103,-23.90625,1.537500023841858,40.63125228881836,1001.5050048828125,168.98081685848712,81.12273948358029,128.73275480746273,8.877260516419707,38.396191900500305,2.1670573101285444,39.25417581671439,0.0606146722032161,2.1670573101285413,-0.4426583510758597
1744178729952,1744178729211,7.384250640869141,1.153340458869934,-5.922834396362305,1744178729171,0.0334448479115963,-0.046425722539424896,-0.02000582218170166,1744178729103,-23.90625,1.537500023841858,40.63125228881836,1001.5050048828125,168.98081685848712,81.12273948358029,128.73275480746273,8.877260516419707,38.396191900500305,2.1670573101285444,39.25417581671439,0.0606146722032161,2.1670573101285413,-0.4426583510758597
1744178729999,1744178729211,7.384250640869141,1.153340458869934,-5.922834396362305,1744178729276,0.04169152304530144,-0.08979712426662445,-0.10919208079576492,1744178729103,-23.90625,1.537500023841858,40.63125228881836,1001.5050048828125,168.98081685848712,81.12273948358029,128.73275480746273,8.877260516419707,38.396191900500305,2.1670573101285444,39.25417581671439,0.14739273092286928,2.1670573101285413,-0.4426583510758597
1744178730026,1744178729211,7.384250640869141,1.153340458869934,-5.922834396362305,1744178729276,0.04169152304530144,-0.08979712426662445,-0.10919208079576492,1744178729303,-24.993751525878906,1.9687501192092896,40.89375305175781,1001.5050048828125,168.98081685848712,81.12273948358029,128.73275480746273,8.877260516419707,38.396191900500305,2.756265614321523,39.25417581671439,0.14739273092286928,2.756265614321535,-0.4426583510758597
1744178730067,1744178729341,7.779664516448975,0.9056833982467651,-5.711069583892822,1744178729276,0.04169152304530144,-0.08979712426662445,-0.10919208079576492,1744178729303,-24.993751525878906,1.9687501192092896,40.89375305175781,1001.5050048828125,170.9888546475292,83.35970123655694,126.28247787253193,6.640298763443067,36.09869677936596,2.756265614321523,36.622532295513885,0.14739273092286928,2.756265614321535,-0.4426583510758597
1744178730091,1744178729341,7.779664516448975,0.9056833982467651,-5.711069583892822,1744178729379,0.03909534588456154,-0.14782927930355072,-0.04306596517562866,1744178729303,-24.993751525878906,1.9687501192092896,40.89375305175781,1001.5050048828125,170.9888546475292,83.35970123655694,126.28247787253193,6.640298763443067,36.09869677936596,2.756265614321523,36.622532295513885,0.15886037657562432,2.756265614321535,-0.4426583510758597
1744178730097,1744178729341,7.779664516448975,0.9056833982467651,-5.711069583892822,1744178729379,0.03909534588456154,-0.14782927930355072,-0.04306596517562866,1744178729403,-26.043750762939453,1.2937500476837158,40.5,1001.5050048828125,170.9888546475292,83.35970123655694,126.28247787253193,6.640298763443067,36.09869677936596,1.8296597249850235,36.622532295513885,0.15886037657562432,1.8296597249850493,-0.4426583510758597
1744178730157,1744178729341,7.779664516448975,0.9056833982467651,-5.711069583892822,1744178729379,0.03909534588456154,-0.14782927930355072,-0.04306596517562866,1744178729403,-26.043750762939453,1.2937500476837158,40.5,1001.5050048828125,170.9888546475292,83.35970123655694,126.28247787253193,6.640298763443067,36.09869677936596,1.8296597249850235,36.622532295513885,0.15886037657562432,1.8296597249850493,-0.4426583510758597
1744178730183,1744178729341,7.779664516448975,0.9056833982467651,-5.711069583892822,1744178729483,0.008704823441803455,-0.09605848789215088,-0.12095122784376144,1744178729403,-26.043750762939453,1.2937500476837158,40.5,1001.5050048828125,170.9888546475292,83.35970123655694,126.28247787253193,6.640298763443067,36.09869677936596,1.8296597249850235,36.622532295513885,0.15470037674224638,1.8296597249850493,-0.4426583510758597
1744178730194,1744178729471,8.426324844360352,1.1976077556610107,-4.774279594421387,1744178729483,0.008704823441803455,-0.09605848789215088,-0.12095122784376144,1744178729403,-26.043750762939453,1.2937500476837158,40.5,1001.5050048828125,165.91815806137666,81.91090268785771,119.53549937553123,8.089097312142286,29.290405084806,1.8296597249850235,30.291123602292974,0.15470037674224638,1.8296597249850493,-0.4426583510758597
1744178730194,1744178729471,8.426324844360352,1.1976077556610107,-4.774279594421387,1744178729483,0.008704823441803455,-0.09605848789215088,-0.12095122784376144,1744178729503,-26.718751907348633,1.6875001192092896,40.25625228881836,1001.5050048828125,165.91815806137666,81.91090268785771,119.53549937553123,8.089097312142286,29.290405084806,2.4003740126446766,30.291123602292974,0.15470037674224638,2.400374012644704,-0.4426583510758597
1744178730276,1744178729471,8.426324844360352,1.1976077556610107,-4.774279594421387,1744178729483,0.008704823441803455,-0.09605848789215088,-0.12095122784376144,1744178729503,-26.718751907348633,1.6875001192092896,40.25625228881836,1001.5062255859375,165.91815806137666,81.91090268785771,119.53549937553123,8.089097312142286,29.290405084806,2.4003740126446766,30.291123602292974,0.15470037674224638,2.400374012644704,-0.45294055150865153
1744178730287,1744178729471,8.426324844360352,1.1976077556610107,-4.774279594421387,1744178729587,-0.05711585655808449,-0.06261363625526428,-0.13362666964530945,1744178729503,-26.718751907348633,1.6875001192092896,40.25625228881836,1001.5062255859375,165.91815806137666,81.91090268785771,119.53549937553123,8.089097312142286,29.290405084806,2.4003740126446766,30.291123602292974,0.15823645394145716,2.400374012644704,-0.45294055150865153
1744178730307,1744178729601,8.543573379516602,0.6161518096923828,-5.473581790924072,1744178729587,-0.05711585655808449,-0.06261363625526428,-0.13362666964530945,1744178729503,-26.718751907348633,1.6875001192092896,40.25625228881836,1001.5062255859375,173.57734877606626,85.87504172243578,122.64632853986052,4.1249582775642235,32.57886028860933,2.4003740126446766,32.810398897171765,0.15823645394145716,2.400374012644704,-0.45294055150865153
1744178730362,1744178729601,8.543573379516602,0.6161518096923828,-5.473581790924072,1744178729587,-0.05711585655808449,-0.06261363625526428,-0.13362666964530945,1744178729603,-28.70625114440918,2.6812500953674316,40.650001525878906,1001.5062255859375,173.57734877606626,85.87504172243578,122.64632853986052,4.1249582775642235,32.57886028860933,3.7737293989978284,32.810398897171765,0.15823645394145716,3.7737293989978298,-0.45294055150865153
1744178730397,1744178729601,8.543573379516602,0.6161518096923828,-5.473581790924072,1744178729691,-0.036651886999607086,-0.03756818547844887,-0.025503603741526604,1744178729603,-28.70625114440918,2.6812500953674316,40.650001525878906,1001.5062255859375,173.57734877606626,85.87504172243578,122.64632853986052,4.1249582775642235,32.57886028860933,3.7737293989978284,32.810398897171765,0.05835377609529578,3.7737293989978298,-0.45294055150865153
1744178730410,1744178729601,8.543573379516602,0.6161518096923828,-5.473581790924072,1744178729691,-0.036651886999607086,-0.03756818547844887,-0.025503603741526604,1744178729703,-27.11250114440918,2.8687500953674316,39.78750228881836,1001.5062255859375,173.57734877606626,85.87504172243578,122.64632853986052,4.1249582775642235,32.57886028860933,4.123991664905799,32.810398897171765,0.05835377609529578,4.123991664905816,-0.45294055150865153
1744178730464,1744178729601,8.543573379516602,0.6161518096923828,-5.473581790924072,1744178729691,-0.036651886999607086,-0.03756818547844887,-0.025503603741526604,1744178729703,-27.11250114440918,2.8687500953674316,39.78750228881836,1001.5075073242188,173.57734877606626,85.87504172243578,122.64632853986052,4.1249582775642235,32.57886028860933,4.123991664905799,32.810398897171765,0.05835377609529578,4.123991664905816,-0.4637368510474249
1744178730471,1744178729731,8.038089752197266,0.6400800347328186,-5.656632900238037,1744178729691,-0.036651886999607086,-0.03756818547844887,-0.025503603741526604,1744178729703,-27.11250114440918,2.8687500953674316,39.78750228881836,1001.5075073242188,173.54411888023336,85.44709477167989,125.13514350312259,4.552905228320113,35.04996188108376,4.123991664905799,35.30687081798311,0.05835377609529578,4.123991664905816,-0.4637368510474249
1744178730483,1744178729731,8.038089752197266,0.6400800347328186,-5.656632900238037,1744178729795,-0.008552107028663158,-0.014202605932950974,-0.10094540566205978,1744178729703,-27.11250114440918,2.8687500953674316,39.78750228881836,1001.5075073242188,173.54411888023336,85.44709477167989,125.13514350312259,4.552905228320113,35.04996188108376,4.123991664905799,35.30687081798311,0.10229773934058473,4.123991664905816,-0.4637368510474249
1744178730539,1744178729731,8.038089752197266,0.6400800347328186,-5.656632900238037,1744178729795,-0.008552107028663158,-0.014202605932950974,-0.10094540566205978,1744178729803,-27.600000381469727,3.2062501907348633,40.29375076293945,1001.5075073242188,173.54411888023336,85.44709477167989,125.13514350312259,4.552905228320113,35.04996188108376,4.5495479283734275,35.30687081798311,0.10229773934058473,4.549547928373443,-0.4637368510474249
1744178730590,1744178729883,8.507680892944336,0.39122650027275085,-5.493920803070068,1744178729795,-0.008552107028663158,-0.014202605932950974,-0.10094540566205978,1744178729803,-27.600000381469727,3.2062501907348633,40.29375076293945,1001.5075073242188,175.92679740945545,87.36710305027329,122.85276061348337,2.632896949726718,32.825188309403174,4.5495479283734275,32.918831573059634,0.10229773934058473,4.549547928373443,-0.4637368510474249
1744178730594,1744178729883,8.507680892944336,0.39122650027275085,-5.493920803070068,1744178729795,-0.008552107028663158,-0.014202605932950974,-0.10094540566205978,1744178729803,-27.600000381469727,3.2062501907348633,40.29375076293945,1001.5087280273438,175.92679740945545,87.36710305027329,122.85276061348337,2.632896949726718,32.825188309403174,4.5495479283734275,32.918831573059634,0.10229773934058473,4.549547928373443,-0.47401903069129947
1744178730594,1744178729883,8.507680892944336,0.39122650027275085,-5.493920803070068,1744178729900,0.04062250629067421,0.004123337101191282,-0.02214384824037552,1744178729803,-27.600000381469727,3.2062501907348633,40.29375076293945,1001.5087280273438,175.92679740945545,87.36710305027329,122.85276061348337,2.632896949726718,32.825188309403174,4.5495479283734275,32.918831573059634,0.04644932659445891,4.549547928373443,-0.47401903069129947
1744178730705,1744178729883,8.507680892944336,0.39122650027275085,-5.493920803070068,1744178730003,0.03649916872382164,0.007330377586185932,0.03222311660647392,1744178729803,-27.600000381469727,3.2062501907348633,40.29375076293945,1001.5087280273438,175.92679740945545,87.36710305027329,122.85276061348337,2.632896949726718,32.825188309403174,4.5495479283734275,32.918831573059634,0.04923670375766916,4.549547928373443,-0.47401903069129947
1744178730714,1744178729883,8.507680892944336,0.39122650027275085,-5.493920803070068,1744178730003,0.03649916872382164,0.007330377586185932,0.03222311660647392,1744178730003,-26.606250762939453,3.075000047683716,39.58125305175781,1001.5087280273438,175.92679740945545,87.36710305027329,122.85276061348337,2.632896949726718,32.825188309403174,4.442288635110514,32.918831573059634,0.04923670375766916,4.442288635110515,-0.47401903069129947
1744178730742,1744178730014,8.160721778869629,0.6574280261993408,-5.342574596405029,1744178730003,0.03649916872382164,0.007330377586185932,0.03222311660647392,1744178730003,-26.606250762939453,3.075000047683716,39.58125305175781,1001.5087280273438,172.98476192837123,85.39419661717031,123.21154046111404,4.60580338282969,33.12666957649215,4.442288635110514,33.40913889636178,0.04923670375766916,4.442288635110515,-0.47401903069129947
1744178730795,1744178730014,8.160721778869629,0.6574280261993408,-5.342574596405029,1744178730003,0.03649916872382164,0.007330377586185932,0.03222311660647392,1744178730003,-26.606250762939453,3.075000047683716,39.58125305175781,1001.5099487304688,172.98476192837123,85.39419661717031,123.21154046111404,4.60580338282969,33.12666957649215,4.442288635110514,33.40913889636178,0.04923670375766916,4.442288635110515,-0.4843012001769531
1744178730797,1744178730014,8.160721778869629,0.6574280261993408,-5.342574596405029,1744178730107,0.04016435891389847,0.001832594396546483,0.005650499369949102,1744178730003,-26.606250762939453,3.075000047683716,39.58125305175781,1001.5099487304688,172.98476192837123,85.39419661717031,123.21154046111404,4.60580338282969,33.12666957649215,4.442288635110514,33.40913889636178,0.04060125949175104,4.442288635110515,-0.4843012001769531
1744178730849,1744178730144,8.365307807922363,0.6604190468788147,-5.355136871337891,1744178730107,0.04016435891389847,0.001832594396546483,0.005650499369949102,1744178730003,-26.606250762939453,3.075000047683716,39.58125305175781,1001.5099487304688,172.96953081876688,85.48601147793828,122.62575301558078,4.513988522061721,32.544980299492146,4.442288635110514,32.82241539013932,0.04060125949175104,4.442288635110515,-0.4843012001769531
1744178730911,1744178730144,8.365307807922363,0.6604190468788147,-5.355136871337891,1744178730107,0.04016435891389847,0.001832594396546483,0.005650499369949102,1744178730203,-27.187501907348633,3.3187501430511475,40.16250228881836,1001.5099487304688,172.96953081876688,85.48601147793828,122.62575301558078,4.513988522061721,32.544980299492146,4.723792938560478,32.82241539013932,0.04060125949175104,4.72379293856045,-0.4843012001769531
1744178730921,1744178730144,8.365307807922363,0.6604190468788147,-5.355136871337891,1744178730211,0.009315688163042068,-0.007330377586185932,0.052687086164951324,1744178730203,-27.187501907348633,3.3187501430511475,40.16250228881836,1001.5099487304688,172.96953081876688,85.48601147793828,122.62575301558078,4.513988522061721,32.544980299492146,4.723792938560478,32.82241539013932,0.05400412512077299,4.72379293856045,-0.4843012001769531
1744178730928,1744178730144,8.365307807922363,0.6604190468788147,-5.355136871337891,1744178730211,0.009315688163042068,-0.007330377586185932,0.052687086164951324,1744178730203,-27.187501907348633,3.3187501430511475,40.16250228881836,1001.51123046875,172.96953081876688,85.48601147793828,122.62575301558078,4.513988522061721,32.544980299492146,4.723792938560478,32.82241539013932,0.05400412512077299,4.72379293856045,-0.4950974672232
1744178730995,1744178730273,8.090731620788574,0.735194742679596,-5.408975601196289,1744178730211,0.009315688163042068,-0.007330377586185932,0.052687086164951324,1744178730203,-27.187501907348633,3.3187501430511475,40.16250228881836,1001.51123046875,172.2597194190335,84.80786300109409,123.76430115164078,5.1921369989059185,33.65554150469718,4.723792938560478,34.00702699529912,0.05400412512077299,4.72379293856045,-0.4950974672232
1744178731012,1744178730273,8.090731620788574,0.735194742679596,-5.408975601196289,1744178730211,0.009315688163042068,-0.007330377586185932,0.052687086164951324,1744178730303,-26.812501907348633,2.3812501430511475,39.20625305175781,1001.51123046875,172.2597194190335,84.80786300109409,123.76430115164078,5.1921369989059185,33.65554150469718,3.4756748275528135,34.00702699529912,0.05400412512077299,3.4756748275528366,-0.4950974672232
1744178731018,1744178730273,8.090731620788574,0.735194742679596,-5.408975601196289,1744178730315,0.007330377586185932,-0.0308486707508564,0.07299833744764328,1744178730303,-26.812501907348633,2.3812501430511475,39.20625305175781,1001.51123046875,172.2597194190335,84.80786300109409,123.76430115164078,5.1921369989059185,33.65554150469718,3.4756748275528135,34.00702699529912,0.07958726149812417,3.4756748275528366,-0.4950974672232
1744178731077,1744178730273,8.090731620788574,0.735194742679596,-5.408975601196289,1744178730315,0.007330377586185932,-0.0308486707508564,0.07299833744764328,1744178730303,-26.812501907348633,2.3812501430511475,39.20625305175781,1001.51123046875,172.2597194190335,84.80786300109409,123.76430115164078,5.1921369989059185,33.65554150469718,3.4756748275528135,34.00702699529912,0.07958726149812417,3.4756748275528366,-0.4950974672232
1744178731124,1744178730273,8.090731620788574,0.735194742679596,-5.408975601196289,1744178730419,0.02779434807598591,-0.04886918142437935,0.021991131827235222,1744178730303,-26.812501907348633,2.3812501430511475,39.20625305175781,1001.51123046875,172.2597194190335,84.80786300109409,123.76430115164078,5.1921369989059185,33.65554150469718,3.4756748275528135,34.00702699529912,0.06036830755537878,3.4756748275528366,-0.4950974672232
1744178731148,1744178730403,7.823333740234375,0.844068169593811,-5.504688262939453,1744178730419,0.02779434807598591,-0.04886918142437935,0.021991131827235222,1744178730303,-26.812501907348633,2.3812501430511475,39.20625305175781,1001.51123046875,171.28238063675914,83.84211457307423,125.13115283322935,6.1578854269257715,34.97527069838,3.4756748275528135,35.44509094551158,0.06036830755537878,3.4756748275528366,-0.4950974672232
1744178731203,1744178730403,7.823333740234375,0.844068169593811,-5.504688262939453,1744178730419,0.02779434807598591,-0.04886918142437935,0.021991131827235222,1744178730503,-27.806251525878906,2.043750047683716,39.1875,1001.51123046875,171.28238063675914,83.84211457307423,125.13115283322935,6.1578854269257715,34.97527069838,2.985448370615017,35.44509094551158,0.06036830755537878,2.9854483706150177,-0.4950974672232
1744178731234,1744178730403,7.823333740234375,0.844068169593811,-5.504688262939453,1744178730523,0.035124726593494415,-0.06062832847237587,-0.017562363296747208,1744178730503,-27.806251525878906,2.043750047683716,39.1875,1001.51123046875,171.28238063675914,83.84211457307423,125.13115283322935,6.1578854269257715,34.97527069838,2.985448370615017,35.44509094551158,0.07223556766710544,2.9854483706150177,-0.4950974672232
1744178731247,1744178730403,7.823333740234375,0.844068169593811,-5.504688262939453,1744178730523,0.035124726593494415,-0.06062832847237587,-0.017562363296747208,1744178730503,-27.806251525878906,2.043750047683716,39.1875,1001.512451171875,171.28238063675914,83.84211457307423,125.13115283322935,6.1578854269257715,34.97527069838,2.985448370615017,35.44509094551158,0.07223556766710544,2.9854483706150177,-0.5053796159002499
1744178731292,1744178730533,8.124829292297363,0.9349954724311829,-5.386841773986816,1744178730523,0.035124726593494415,-0.06062832847237587,-0.017562363296747208,1744178730503,-27.806251525878906,2.043750047683716,39.1875,1001.512451171875,170.15325818386304,83.43534858594082,123.5447698160655,6.56465141405919,33.371410117039574,2.985448370615017,33.93751158249376,0.07223556766710544,2.9854483706150177,-0.5053796159002499
1744178731307,1744178730533,8.124829292297363,0.9349954724311829,-5.386841773986816,1744178730523,0.035124726593494415,-0.06062832847237587,-0.017562363296747208,1744178730603,-28.443750381469727,2.1000001430511475,39.243751525878906,1001.512451171875,170.15325818386304,83.43534858594082,123.5447698160655,6.56465141405919,33.371410117039574,3.0630735026460107,33.93751158249376,0.07223556766710544,3.0630735026460343,-0.5053796159002499
1744178731364,1744178730533,8.124829292297363,0.9349954724311829,-5.386841773986816,1744178730628,0.022754713892936707,-0.04230238497257233,-0.03894263133406639,1744178730603,-28.443750381469727,2.1000001430511475,39.243751525878906,1001.512451171875,170.15325818386304,83.43534858594082,123.5447698160655,6.56465141405919,33.371410117039574,3.0630735026460107,33.93751158249376,0.06183686047931387,3.0630735026460343,-0.5053796159002499
1744178731397,1744178730685,8.307880401611328,0.9684949517250061,-5.131408214569092,1744178730628,0.022754713892936707,-0.04230238497257233,-0.03894263133406639,1744178730603,-28.443750381469727,2.1000001430511475,39.243751525878906,1001.512451171875,169.3118021565523,83.35073078053638,121.70178071158202,6.64926921946363,31.529153273745788,3.0630735026460107,32.15184239197482,0.06183686047931387,3.0630735026460343,-0.5053796159002499
1744178731408,1744178730685,8.307880401611328,0.9684949517250061,-5.131408214569092,1744178730628,0.022754713892936707,-0.04230238497257233,-0.03894263133406639,1744178730603,-28.443750381469727,2.1000001430511475,39.243751525878906,1001.512451171875,169.3118021565523,83.35073078053638,121.70178071158202,6.64926921946363,31.529153273745788,3.0630735026460107,32.15184239197482,0.06183686047931387,3.0630735026460343,-0.5053796159002499
1744178731463,1744178730685,8.307880401611328,0.9684949517250061,-5.131408214569092,1744178730731,-0.016187917441129684,-0.039248060435056686,-0.0386371985077858,1744178730603,-28.443750381469727,2.1000001430511475,39.243751525878906,1001.512451171875,169.3118021565523,83.35073078053638,121.70178071158202,6.64926921946363,31.529153273745788,3.0630735026460107,32.15184239197482,0.05740463419903255,3.0630735026460343,-0.5053796159002499
1744178731516,1744178730685,8.307880401611328,0.9684949517250061,-5.131408214569092,1744178730731,-0.016187917441129684,-0.039248060435056686,-0.0386371985077858,1744178730803,-29.156251907348633,2.3812501430511475,39.48750305175781,1001.512451171875,169.3118021565523,83.35073078053638,121.70178071158202,6.64926921946363,31.529153273745788,3.4509793525902013,32.15184239197482,0.05740463419903255,3.4509793525901955,-0.5053796159002499
1744178731525,1744178730815,8.550751686096191,0.7692924737930298,-5.007579803466797,1744178730731,-0.016187917441129684,-0.039248060435056686,-0.0386371985077858,1744178730803,-29.156251907348633,2.3812501430511475,39.48750305175781,1001.512451171875,171.2661825253225,84.85906450909953,120.35453508371114,5.140935490900488,30.25392400793743,3.4509793525902013,30.64677289314909,0.05740463419903255,3.4509793525901955,-0.5053796159002499
1744178731536,1744178730815,8.550751686096191,0.7692924737930298,-5.007579803466797,1744178730835,-0.021227551624178886,0.012980876490473747,-0.004581485874950886,1744178730803,-29.156251907348633,2.3812501430511475,39.48750305175781,1001.512451171875,171.2661825253225,84.85906450909953,120.35453508371114,5.140935490900488,30.25392400793743,3.4509793525902013,30.64677289314909,0.025300239430497258,3.4509793525901955,-0.5053796159002499
1744178731585,1744178730815,8.550751686096191,0.7692924737930298,-5.007579803466797,1744178730835,-0.021227551624178886,0.012980876490473747,-0.004581485874950886,1744178730803,-29.156251907348633,2.3812501430511475,39.48750305175781,1001.5137329101562,171.2661825253225,84.85906450909953,120.35453508371114,5.140935490900488,30.25392400793743,3.4509793525902013,30.64677289314909,0.025300239430497258,3.4509793525901955,-0.5161758611043532
1744178731651,1744178730815,8.550751686096191,0.7692924737930298,-5.007579803466797,1744178730939,0.014508038759231567,0.039248060435056686,-0.006414080038666725,1744178730803,-29.156251907348633,2.3812501430511475,39.48750305175781,1001.5137329101562,171.2661825253225,84.85906450909953,120.35453508371114,5.140935490900488,30.25392400793743,3.4509793525902013,30.64677289314909,0.042332420900483,3.4509793525901955,-0.5161758611043532
1744178731656,1744178730945,8.140382766723633,0.7980063557624817,-5.200201988220215,1744178730939,0.014508038759231567,0.039248060435056686,-0.006414080038666725,1744178730803,-29.156251907348633,2.3812501430511475,39.48750305175781,1001.5137329101562,171.27563155177887,84.40115135724245,122.57106750438012,5.598848642757538,32.446889155633976,3.4509793525902013,32.87431829021064,0.042332420900483,3.4509793525901955,-0.5161758611043532
1744178731695,1744178730945,8.140382766723633,0.7980063557624817,-5.200201988220215,1744178730939,0.014508038759231567,0.039248060435056686,-0.006414080038666725,1744178731004,-27.58125114440918,2.2687501907348633,39.26250076293945,1001.5137329101562,171.27563155177887,84.40115135724245,122.57106750438012,5.598848642757538,32.446889155633976,3.3071103046533605,32.87431829021064,0.042332420900483,3.3071103046533494,-0.5161758611043532
1744178731742,1744178730945,8.140382766723633,0.7980063557624817,-5.200201988220215,1744178730939,0.014508038759231567,0.039248060435056686,-0.006414080038666725,1744178731004,-27.58125114440918,2.2687501907348633,39.26250076293945,1001.5137329101562,171.27563155177887,84.40115135724245,122.57106750438012,5.598848642757538,32.446889155633976,3.3071103046533605,32.87431829021064,0.042332420900483,3.3071103046533494,-0.5161758611043532
1744178731756,1744178730945,8.140382766723633,0.7980063557624817,-5.200201988220215,1744178731043,0.017256930470466614,-0.007788525894284248,-0.020311253145337105,1744178731004,-27.58125114440918,2.2687501907348633,39.26250076293945,1001.5137329101562,171.27563155177887,84.40115135724245,122.57106750438012,5.598848642757538,32.446889155633976,3.3071103046533605,32.87431829021064,0.02776706302802696,3.3071103046533494,-0.5161758611043532
1744178731796,1744178731075,8.10688304901123,0.8554341197013855,-5.2737812995910645,1744178731043,0.017256930470466614,-0.007788525894284248,-0.020311253145337105,1744178731004,-27.58125114440918,2.2687501907348633,39.26250076293945,1001.5137329101562,170.7865774489292,83.97646894870196,123.04526283276397,6.023531051298036,32.900429902965,3.3071103046533605,33.38622644771974,0.02776706302802696,3.3071103046533494,-0.5161758611043532
1744178731836,1744178731075,8.10688304901123,0.8554341197013855,-5.2737812995910645,1744178731043,0.017256930470466614,-0.007788525894284248,-0.020311253145337105,1744178731103,-28.14375114440918,2.137500047683716,38.8125,1001.5137329101562,170.7865774489292,83.97646894870196,123.04526283276397,6.023531051298036,32.900429902965,3.1522354998440965,33.38622644771974,0.02776706302802696,3.152235499844096,-0.5161758611043532
1744178731843,1744178731075,8.10688304901123,0.8554341197013855,-5.2737812995910645,1744178731147,-0.009162971749901772,-0.012370011769235134,0.0001527161948615685,1744178731103,-28.14375114440918,2.137500047683716,38.8125,1001.5137329101562,170.7865774489292,83.97646894870196,123.04526283276397,6.023531051298036,32.900429902965,3.1522354998440965,33.38622644771974,0.015394822658825488,3.152235499844096,-0.5161758611043532
1744178731899,1744178731075,8.10688304901123,0.8554341197013855,-5.2737812995910645,1744178731147,-0.009162971749901772,-0.012370011769235134,0.0001527161948615685,1744178731103,-28.14375114440918,2.137500047683716,38.8125,1001.5149536132812,170.7865774489292,83.97646894870196,123.04526283276397,6.023531051298036,32.900429902965,3.1522354998440965,33.38622644771974,0.015394822658825488,3.152235499844096,-0.5264579889924859
1744178731912,1744178731075,8.10688304901123,0.8554341197013855,-5.2737812995910645,1744178731147,-0.009162971749901772,-0.012370011769235134,0.0001527161948615685,1744178731203,-27.58125114440918,1.9875000715255737,39.22500228881836,1001.5149536132812,170.7865774489292,83.97646894870196,123.04526283276397,6.023531051298036,32.900429902965,2.9006515159074513,33.38622644771974,0.015394822658825488,2.900651515907441,-0.5264579889924859
1744178731920,1744178731205,8.215158462524414,0.8404789566993713,-5.469992637634277,1744178731147,-0.009162971749901772,-0.012370011769235134,0.0001527161948615685,1744178731203,-27.58125114440918,1.9875000715255737,39.22500228881836,1001.5149536132812,171.26466771424802,84.15849021127949,123.65731989796461,5.84150978872053,33.51984781486697,2.9006515159074513,33.96639618378567,0.015394822658825488,2.900651515907441,-0.5264579889924859
1744178731994,1744178731205,8.215158462524414,0.8404789566993713,-5.469992637634277,1744178731251,-0.006719512399286032,-0.021227551624178886,-0.009162971749901772,1744178731203,-27.58125114440918,1.9875000715255737,39.22500228881836,1001.5149536132812,171.26466771424802,84.15849021127949,123.65731989796461,5.84150978872053,33.51984781486697,2.9006515159074513,33.96639618378567,0.02407739284330503,2.900651515907441,-0.5264579889924859
1744178732051,1744178731205,8.215158462524414,0.8404789566993713,-5.469992637634277,1744178731251,-0.006719512399286032,-0.021227551624178886,-0.009162971749901772,1744178731203,-27.58125114440918,1.9875000715255737,39.22500228881836,1001.5149536132812,171.26466771424802,84.15849021127949,123.65731989796461,5.84150978872053,33.51984781486697,2.9006515159074513,33.96639618378567,0.02407739284330503,2.900651515907441,-0.5264579889924859
1744178732060,1744178731205,8.215158462524414,0.8404789566993713,-5.469992637634277,1744178731355,-0.007788525894284248,-0.022449281066656113,-0.030543239787220955,1744178731203,-27.58125114440918,1.9875000715255737,39.22500228881836,1001.5149536132812,171.26466771424802,84.15849021127949,123.65731989796461,5.84150978872053,33.51984781486697,2.9006515159074513,33.96639618378567,0.03869781457285848,2.900651515907441,-0.5264579889924859
1744178732060,1744178731335,8.290532112121582,0.7082754969596863,-5.587839126586914,1744178731355,-0.007788525894284248,-0.022449281066656113,-0.030543239787220955,1744178731203,-27.58125114440918,1.9875000715255737,39.22500228881836,1001.5149536132812,172.7761095502379,85.11697227467533,123.98006743913153,4.883027725324677,33.883580445620254,2.9006515159074513,34.192002542040434,0.03869781457285848,2.900651515907441,-0.5264579889924859
1744178732096,1744178731335,8.290532112121582,0.7082754969596863,-5.587839126586914,1744178731355,-0.007788525894284248,-0.022449281066656113,-0.030543239787220955,1744178731403,-27.76875114440918,1.9875000715255737,38.625,1001.5149536132812,172.7761095502379,85.11697227467533,123.98006743913153,4.883027725324677,33.883580445620254,2.945631603004576,34.192002542040434,0.03869781457285848,2.9456316030045855,-0.5264579889924859
1744178732181,1744178731335,8.290532112121582,0.7082754969596863,-5.587839126586914,1744178731459,0.008857538923621178,-0.03222311660647392,-0.038789913058280945,1744178731403,-27.76875114440918,1.9875000715255737,38.625,1001.5149536132812,172.7761095502379,85.11697227467533,123.98006743913153,4.883027725324677,33.883580445620254,2.945631603004576,34.192002542040434,0.05120002533873274,2.9456316030045855,-0.5264579889924859
1744178732206,1744178731487,8.392227172851562,0.719641387462616,-5.13021183013916,1744178731459,0.008857538923621178,-0.03222311660647392,-0.038789913058280945,1744178731403,-27.76875114440918,1.9875000715255737,38.625,1001.5149536132812,172.01492662852786,85.09882260716174,121.43766022780135,4.901177392838257,31.344338395862337,2.945631603004576,31.686628295499126,0.05120002533873274,2.9456316030045855,-0.5264579889924859
1744178732211,1744178731487,8.392227172851562,0.719641387462616,-5.13021183013916,1744178731459,0.008857538923621178,-0.03222311660647392,-0.038789913058280945,1744178731403,-27.76875114440918,1.9875000715255737,38.625,1001.5149536132812,172.01492662852786,85.09882260716174,121.43766022780135,4.901177392838257,31.344338395862337,2.945631603004576,31.686628295499126,0.05120002533873274,2.9456316030045855,-0.5264579889924859
1744178732293,1744178731487,8.392227172851562,0.719641387462616,-5.13021183013916,1744178731563,-0.005039634648710489,-0.005803215317428112,-0.01893680728971958,1744178731403,-27.76875114440918,1.9875000715255737,38.625,1001.5149536132812,172.01492662852786,85.09882260716174,121.43766022780135,4.901177392838257,31.344338395862337,2.945631603004576,31.686628295499126,0.020437169464994222,2.9456316030045855,-0.5264579889924859
1744178732294,1744178731487,8.392227172851562,0.719641387462616,-5.13021183013916,1744178731563,-0.005039634648710489,-0.005803215317428112,-0.01893680728971958,1744178731603,-27.637500762939453,2.700000047683716,38.88750076293945,1001.5149536132812,172.01492662852786,85.09882260716174,121.43766022780135,4.901177392838257,31.344338395862337,3.9717322336538783,31.686628295499126,0.020437169464994222,3.9717322336538814,-0.5264579889924859
1744178732318,1744178731617,8.486145973205566,0.6604190468788147,-5.216353416442871,1744178731563,-0.005039634648710489,-0.005803215317428112,-0.01893680728971958,1744178731603,-27.637500762939453,2.700000047683716,38.88750076293945,1001.5149536132812,172.7844282961497,85.55002822853555,121.57864785793996,4.449971771464453,31.501529318518482,3.9717322336538783,31.782245473831942,0.020437169464994222,3.9717322336538814,-0.5264579889924859
1744178732362,1744178731617,8.486145973205566,0.6604190468788147,-5.216353416442871,1744178731563,-0.005039634648710489,-0.005803215317428112,-0.01893680728971958,1744178731603,-27.637500762939453,2.700000047683716,38.88750076293945,1001.5149536132812,172.7844282961497,85.55002822853555,121.57864785793996,4.449971771464453,31.501529318518482,3.9717322336538783,31.782245473831942,0.020437169464994222,3.9717322336538814,-0.5264579889924859
1744178732380,1744178731617,8.486145973205566,0.6604190468788147,-5.216353416442871,1744178731667,0.012675444595515728,0.010690134018659592,0.009773836471140385,1744178731603,-27.637500762939453,2.700000047683716,38.88750076293945,1001.5149536132812,172.7844282961497,85.55002822853555,121.57864785793996,4.449971771464453,31.501529318518482,3.9717322336538783,31.782245473831942,0.019247694417656516,3.9717322336538814,-0.5264579889924859
1744178732461,1744178731617,8.486145973205566,0.6604190468788147,-5.216353416442871,1744178731667,0.012675444595515728,0.010690134018659592,0.009773836471140385,1744178731703,-29.325000762939453,2.8312501907348633,39.30000305175781,1001.5149536132812,172.7844282961497,85.55002822853555,121.57864785793996,4.449971771464453,31.501529318518482,4.120582796502642,31.782245473831942,0.019247694417656516,4.120582796502617,-0.5264579889924859
1744178732461,1744178731746,8.433503150939941,0.7208378314971924,-5.325226783752441,1744178731667,0.012675444595515728,0.010690134018659592,0.009773836471140385,1744178731703,-29.325000762939453,2.8312501907348633,39.30000305175781,1001.5149536132812,172.29113600417335,85.1146247956659,122.26983421660618,4.8853752043341,32.17576853174816,4.120582796502642,32.50511541245189,0.019247694417656516,4.120582796502617,-0.5264579889924859
1744178732478,1744178731746,8.433503150939941,0.7208378314971924,-5.325226783752441,1744178731771,-0.00946840364485979,0.0021380267571657896,0.01740964688360691,1744178731703,-29.325000762939453,2.8312501907348633,39.30000305175781,1001.5149536132812,172.29113600417335,85.1146247956659,122.26983421660618,4.8853752043341,32.17576853174816,4.120582796502642,32.50511541245189,0.019932827963142483,4.120582796502617,-0.5264579889924859
1744178732525,1744178731746,8.433503150939941,0.7208378314971924,-5.325226783752441,1744178731771,-0.00946840364485979,0.0021380267571657896,0.01740964688360691,1744178731803,-27.131250381469727,2.71875,38.28750228881836,1001.5149536132812,172.29113600417335,85.1146247956659,122.26983421660618,4.8853752043341,32.17576853174816,4.0616876299592,32.50511541245189,0.019932827963142483,4.061687629959181,-0.5264579889924859
1744178732531,1744178731746,8.433503150939941,0.7208378314971924,-5.325226783752441,1744178731771,-0.00946840364485979,0.0021380267571657896,0.01740964688360691,1744178731803,-27.131250381469727,2.71875,38.28750228881836,1001.5149536132812,172.29113600417335,85.1146247956659,122.26983421660618,4.8853752043341,32.17576853174816,4.0616876299592,32.50511541245189,0.019932827963142483,4.061687629959181,-0.5264579889924859
1744178732573,1744178731746,8.433503150939941,0.7208378314971924,-5.325226783752441,1744178731875,-0.005803215317428112,-0.017104214057326317,-0.022907428443431854,1744178731803,-27.131250381469727,2.71875,38.28750228881836,1001.5149536132812,172.29113600417335,85.1146247956659,122.26983421660618,4.8853752043341,32.17576853174816,4.0616876299592,32.50511541245189,0.029171591050716143,4.061687629959181,-0.5264579889924859
1744178732656,1744178731876,8.310871124267578,0.7112665176391602,-5.186442852020264,1744178731875,-0.005803215317428112,-0.017104214057326317,-0.022907428443431854,1744178731803,-27.131250381469727,2.71875,38.28750228881836,1001.5149536132812,172.19119267245108,85.10839381437198,121.96644207102644,4.8916061856280235,31.872618614533447,4.0616876299592,32.20667456484601,0.029171591050716143,4.061687629959181,-0.5264579889924859
1744178732704,1744178731876,8.310871124267578,0.7112665176391602,-5.186442852020264,1744178731875,-0.005803215317428112,-0.017104214057326317,-0.022907428443431854,1744178731803,-27.131250381469727,2.71875,38.28750228881836,1001.5149536132812,172.19119267245108,85.10839381437198,121.96644207102644,4.8916061856280235,31.872618614533447,4.0616876299592,32.20667456484601,0.029171591050716143,4.061687629959181,-0.5264579889924859
1744178732718,1744178731876,8.310871124267578,0.7112665176391602,-5.186442852020264,1744178731979,-0.01740964688360691,-0.009162971749901772,0.00045814859913662076,1744178731803,-27.131250381469727,2.71875,38.28750228881836,1001.5149536132812,172.19119267245108,85.10839381437198,121.96644207102644,4.8916061856280235,31.872618614533447,4.0616876299592,32.20667456484601,0.01967906898306606,4.061687629959181,-0.5264579889924859
1744178732718,1744178731876,8.310871124267578,0.7112665176391602,-5.186442852020264,1744178731979,-0.01740964688360691,-0.009162971749901772,0.00045814859913662076,1744178732003,-27.168750762939453,2.4937500953674316,37.70625305175781,1001.5149536132812,172.19119267245108,85.10839381437198,121.96644207102644,4.8916061856280235,31.872618614533447,3.7838174817545753,32.20667456484601,0.01967906898306606,3.783817481754568,-0.5264579889924859
1744178732784,1744178732006,8.234899520874023,0.6975077986717224,-5.207978248596191,1744178731979,-0.01740964688360691,-0.009162971749901772,0.00045814859913662076,1744178732003,-27.168750762939453,2.4937500953674316,37.70625305175781,1001.5149536132812,172.37173456163697,85.1585213688824,122.31039261550781,4.841478631117588,32.2179480701921,3.7838174817545753,32.54090956117115,0.01967906898306606,3.783817481754568,-0.5264579889924859
1744178732797,1744178732006,8.234899520874023,0.6975077986717224,-5.207978248596191,1744178732083,-0.0256563201546669,-0.012217295356094837,-0.014202605932950974,1744178732003,-27.168750762939453,2.4937500953674316,37.70625305175781,1001.5149536132812,172.37173456163697,85.1585213688824,122.31039261550781,4.841478631117588,32.2179480701921,3.7838174817545753,32.54090956117115,0.03176827167133141,3.783817481754568,-0.5264579889924859
1744178732803,1744178732006,8.234899520874023,0.6975077986717224,-5.207978248596191,1744178732083,-0.0256563201546669,-0.012217295356094837,-0.014202605932950974,1744178732103,-28.781251907348633,2.90625,39.11250305175781,1001.5149536132812,172.37173456163697,85.1585213688824,122.31039261550781,4.841478631117588,32.2179480701921,4.24954684051634,32.54090956117115,0.03176827167133141,4.249546840516359,-0.5264579889924859
1744178732856,1744178732006,8.234899520874023,0.6975077986717224,-5.207978248596191,1744178732083,-0.0256563201546669,-0.012217295356094837,-0.014202605932950974,1744178732103,-28.781251907348633,2.90625,39.11250305175781,1001.5162353515625,172.37173456163697,85.1585213688824,122.31039261550781,4.841478631117588,32.2179480701921,4.24954684051634,32.54090956117115,0.03176827167133141,4.249546840516359,-0.5372542123446022
1744178732867,1744178732137,8.443673133850098,0.5808576941490173,-5.349154949188232,1744178732083,-0.0256563201546669,-0.012217295356094837,-0.014202605932950974,1744178732103,-28.781251907348633,2.90625,39.11250305175781,1001.5162353515625,173.80260945211896,86.06470504005901,122.35468471634414,3.935294959940984,32.293571369900974,4.24954684051634,32.50669299408753,0.03176827167133141,4.249546840516359,-0.5372542123446022
1744178732934,1744178732137,8.443673133850098,0.5808576941490173,-5.349154949188232,1744178732187,-0.0062613640911877155,-0.009162971749901772,0.01802051067352295,1744178732103,-28.781251907348633,2.90625,39.11250305175781,1001.5162353515625,173.80260945211896,86.06470504005901,122.35468471634414,3.935294959940984,32.293571369900974,4.24954684051634,32.50669299408753,0.021163731629995394,4.249546840516359,-0.5372542123446022
1744178732987,1744178732137,8.443673133850098,0.5808576941490173,-5.349154949188232,1744178732291,-0.0009162971982732415,-0.009926552884280682,0.03741546720266342,1744178732103,-28.781251907348633,2.90625,39.11250305175781,1001.5162353515625,173.80260945211896,86.06470504005901,122.35468471634414,3.935294959940984,32.293571369900974,4.24954684051634,32.50669299408753,0.03872070813806957,4.249546840516359,-0.5372542123446022
1744178732994,1744178732266,8.184649467468262,0.625723123550415,-5.182853698730469,1744178732291,-0.0009162971982732415,-0.009926552884280682,0.03741546720266342,1744178732103,-28.781251907348633,2.90625,39.11250305175781,1001.5162353515625,173.11602852618591,85.62819505234621,122.34365797819756,4.371804947653794,32.26824390163419,4.24954684051634,32.53131922127264,0.03872070813806957,4.249546840516359,-0.5372542123446022
1744178732999,1744178732266,8.184649467468262,0.625723123550415,-5.182853698730469,1744178732291,-0.0009162971982732415,-0.009926552884280682,0.03741546720266342,1744178732103,-28.781251907348633,2.90625,39.11250305175781,1001.5174560546875,173.11602852618591,85.62819505234621,122.34365797819756,4.371804947653794,32.26824390163419,4.24954684051634,32.53131922127264,0.03872070813806957,4.249546840516359,-0.5475363194241312
1744178733024,1744178732266,8.184649467468262,0.625723123550415,-5.182853698730469,1744178732291,-0.0009162971982732415,-0.009926552884280682,0.03741546720266342,1744178732303,-26.681251525878906,2.6625001430511475,38.0625,1001.5174560546875,173.11602852618591,85.62819505234621,122.34365797819756,4.371804947653794,32.26824390163419,4.0013644557475185,32.53131922127264,0.03872070813806957,4.0013644557475345,-0.5475363194241312
1744178733108,1744178732266,8.184649467468262,0.625723123550415,-5.182853698730469,1744178732395,0.006719512399286032,-0.07055488228797913,0.05222893878817558,1744178732303,-26.681251525878906,2.6625001430511475,38.0625,1001.5174560546875,173.11602852618591,85.62819505234621,122.34365797819756,4.371804947653794,32.26824390163419,4.0013644557475185,32.53131922127264,0.08803979389170412,4.0013644557475345,-0.5475363194241312
1744178733115,1744178732266,8.184649467468262,0.625723123550415,-5.182853698730469,1744178732395,0.006719512399286032,-0.07055488228797913,0.05222893878817558,1744178732403,-27.95625114440918,2.4000000953674316,38.56875228881836,1001.5174560546875,173.11602852618591,85.62819505234621,122.34365797819756,4.371804947653794,32.26824390163419,3.5607271018837796,32.53131922127264,0.08803979389170412,3.560727101883799,-0.5475363194241312
1744178733125,1744178732418,7.805387496948242,0.5150550603866577,-5.242076396942139,1744178732395,0.006719512399286032,-0.07055488228797913,0.05222893878817558,1744178732403,-27.95625114440918,2.4000000953674316,38.56875228881836,1001.5174560546875,174.38847090893208,86.22468964600087,123.88519882727708,3.775310353999137,33.82761280096511,3.5607271018837796,34.01270383862762,0.08803979389170412,3.560727101883799,-0.5475363194241312
1744178733187,1744178732418,7.805387496948242,0.5150550603866577,-5.242076396942139,1744178732395,0.006719512399286032,-0.07055488228797913,0.05222893878817558,1744178732403,-27.95625114440918,2.4000000953674316,38.56875228881836,1001.5174560546875,174.38847090893208,86.22468964600087,123.88519882727708,3.775310353999137,33.82761280096511,3.5607271018837796,34.01270383862762,0.08803979389170412,3.560727101883799,-0.5475363194241312
1744178733251,1744178732418,7.805387496948242,0.5150550603866577,-5.242076396942139,1744178732499,0.053756099194288254,-0.18692462146282196,0.053603384643793106,1744178732403,-27.95625114440918,2.4000000953674316,38.56875228881836,1001.5174560546875,174.38847090893208,86.22468964600087,123.88519882727708,3.775310353999137,33.82761280096511,3.5607271018837796,34.01270383862762,0.20175196443870347,3.560727101883799,-0.5475363194241312
1744178733303,1744178732548,7.069594383239746,0.23330020904541016,-5.13320255279541,1744178732499,0.053756099194288254,-0.18692462146282196,0.053603384643793106,1744178732403,-27.95625114440918,2.4000000953674316,38.56875228881836,1001.5174560546875,177.39774054663096,88.10989607485993,125.98324262861858,1.8901039251400675,35.96841899650399,3.5607271018837796,36.01135263368197,0.20175196443870347,3.560727101883799,-0.5475363194241312
1744178733317,1744178732548,7.069594383239746,0.23330020904541016,-5.13320255279541,1744178732603,0.21975859999656677,-0.20693044364452362,-0.09850194305181503,1744178732403,-27.95625114440918,2.4000000953674316,38.56875228881836,1001.5174560546875,177.39774054663096,88.10989607485993,125.98324262861858,1.8901039251400675,35.96841899650399,3.5607271018837796,36.01135263368197,0.31751643038487537,3.560727101883799,-0.5475363194241312
1744178733317,1744178732548,7.069594383239746,0.23330020904541016,-5.13320255279541,1744178732603,0.21975859999656677,-0.20693044364452362,-0.09850194305181503,1744178732603,-28.837501525878906,2.3062500953674316,36.75,1001.5174560546875,177.39774054663096,88.10989607485993,125.98324262861858,1.8901039251400675,35.96841899650399,3.590893689195721,36.01135263368197,0.31751643038487537,3.5908936891956955,-0.5475363194241312
1744178733327,1744178732548,7.069594383239746,0.23330020904541016,-5.13320255279541,1744178732603,0.21975859999656677,-0.20693044364452362,-0.09850194305181503,1744178732603,-28.837501525878906,2.3062500953674316,36.75,1001.5174560546875,177.39774054663096,88.10989607485993,125.98324262861858,1.8901039251400675,35.96841899650399,3.590893689195721,36.01135263368197,0.31751643038487537,3.5908936891956955,-0.5475363194241312
1744178733398,1744178732678,6.816553592681885,-1.2442678213119507,-4.420141696929932,1744178732603,0.21975859999656677,-0.20693044364452362,-0.09850194305181503,1744178732603,-28.837501525878906,2.3062500953674316,36.75,1001.5174560546875,-164.27811390027827,100.34466463626316,122.96108153789395,-10.344664636263145,32.53388889474949,3.590893689195721,33.96596091499534,0.31751643038487537,3.5908936891956955,-0.5475363194241312
1744178733456,1744178732678,6.816553592681885,-1.2442678213119507,-4.420141696929932,1744178732707,0.21135921776294708,-0.4718930423259735,0.33399030566215515,1744178732603,-28.837501525878906,2.3062500953674316,36.75,1001.5174560546875,-164.27811390027827,100.34466463626316,122.96108153789395,-10.344664636263145,32.53388889474949,3.590893689195721,33.96596091499534,0.6155528300684904,3.5908936891956955,-0.5475363194241312
1744178733488,1744178732678,6.816553592681885,-1.2442678213119507,-4.420141696929932,1744178732707,0.21135921776294708,-0.4718930423259735,0.33399030566215515,1744178732603,-28.837501525878906,2.3062500953674316,36.75,1001.5174560546875,-164.27811390027827,100.34466463626316,122.96108153789395,-10.344664636263145,32.53388889474949,3.590893689195721,33.96596091499534,0.6155528300684904,3.5908936891956955,-0.5475363194241312
1744178733498,1744178732809,2.761317253112793,-1.482353687286377,-2.933600664138794,1744178732707,0.21135921776294708,-0.4718930423259735,0.33399030566215515,1744178732603,-28.837501525878906,2.3062500953674316,36.75,1001.5174560546875,-153.1924480761022,118.22816925139134,136.73279102672788,-28.228169251391318,43.10791448354896,3.590893689195721,49.96603147720025,0.6155528300684904,3.5908936891956955,-0.5475363194241312
1744178733516,1744178732809,2.761317253112793,-1.482353687286377,-2.933600664138794,1744178732707,0.21135921776294708,-0.4718930423259735,0.33399030566215515,1744178732803,-32.92500305175781,-1.350000023841858,33.150001525878906,1001.5174560546875,-153.1924480761022,118.22816925139134,136.73279102672788,-28.228169251391318,43.10791448354896,-2.3320236155391685,49.96603147720025,0.6155528300684904,357.6679763844608,-0.5475363194241312
1744178733537,1744178732809,2.761317253112793,-1.482353687286377,-2.933600664138794,1744178732811,1.3098467588424683,-0.8112284541130066,-0.4195113778114319,1744178732803,-32.92500305175781,-1.350000023841858,33.150001525878906,1001.5174560546875,-153.1924480761022,118.22816925139134,136.73279102672788,-28.228169251391318,43.10791448354896,-2.3320236155391685,49.96603147720025,1.5968030349814417,357.6679763844608,-0.5475363194241312
1744178733597,1744178732809,2.761317253112793,-1.482353687286377,-2.933600664138794,1744178732811,1.3098467588424683,-0.8112284541130066,-0.4195113778114319,1744178732903,-37.875,-3.3937501907348633,28.968751907348633,1001.5174560546875,-153.1924480761022,118.22816925139134,136.73279102672788,-28.228169251391318,43.10791448354896,-6.6818634433496715,49.96603147720025,1.5968030349814417,353.3181365566503,-0.5475363194241312
1744178733625,1744178732809,2.761317253112793,-1.482353687286377,-2.933600664138794,1744178732915,2.0021092891693115,-1.235321283340454,-1.9139920473098755,1744178732903,-37.875,-3.3937501907348633,28.968751907348633,1001.5174560546875,-153.1924480761022,118.22816925139134,136.73279102672788,-28.228169251391318,43.10791448354896,-6.6818634433496715,49.96603147720025,3.032791756124611,353.3181365566503,-0.5475363194241312
1744178733630,1744178732809,2.761317253112793,-1.482353687286377,-2.933600664138794,1744178732915,2.0021092891693115,-1.235321283340454,-1.9139920473098755,1744178732903,-37.875,-3.3937501907348633,28.968751907348633,1001.5187377929688,-153.1924480761022,118.22816925139134,136.73279102672788,-28.228169251391318,43.10791448354896,-6.6818634433496715,49.96603147720025,3.032791756124611,353.3181365566503,-0.5583325209341039
1744178733684,1744178732938,4.164707660675049,-2.480160713195801,1.5445669889450073,1744178732915,2.0021092891693115,-1.235321283340454,-1.9139920473098755,1744178732903,-37.875,-3.3937501907348633,28.968751907348633,1001.5187377929688,-58.08663306258766,120.77458354205154,69.6516712746099,-30.77458354205156,-17.674326224325792,-6.6818634433496715,35.05198596292357,3.032791756124611,353.3181365566503,-0.5583325209341039
1744178733763,1744178732938,4.164707660675049,-2.480160713195801,1.5445669889450073,1744178733020,0.7238747477531433,-0.892626166343689,-2.9355106353759766,1744178732903,-37.875,-3.3937501907348633,28.968751907348633,1001.5187377929688,-58.08663306258766,120.77458354205154,69.6516712746099,-30.77458354205156,-17.674326224325792,-6.6818634433496715,35.05198596292357,3.1524591692330572,353.3181365566503,-0.5583325209341039
1744178733815,1744178733068,20.940189361572266,-3.3481571674346924,-0.17347964644432068,1744178733020,0.7238747477531433,-0.892626166343689,-2.9355106353759766,1744178732903,-37.875,-3.3937501907348633,28.968751907348633,1001.5187377929688,-92.96604089789331,99.08421241074419,90.47465779859422,-9.084212410744179,0.46870459876535675,-6.6818634433496715,9.0961945463195,3.1524591692330572,353.3181365566503,-0.5583325209341039
1744178733818,1744178733068,20.940189361572266,-3.3481571674346924,-0.17347964644432068,1744178733020,0.7238747477531433,-0.892626166343689,-2.9355106353759766,1744178732903,-37.875,-3.3937501907348633,28.968751907348633,1001.5337524414062,-92.96604089789331,99.08421241074419,90.47465779859422,-9.084212410744179,0.46870459876535675,-6.6818634433496715,9.0961945463195,3.1524591692330572,353.3181365566503,-0.684801476972754
1744178733818,1744178733068,20.940189361572266,-3.3481571674346924,-0.17347964644432068,1744178733020,0.7238747477531433,-0.892626166343689,-2.9355106353759766,1744178733103,-40.03125,12.356250762939453,22.23750114440918,1001.5337524414062,-92.96604089789331,99.08421241074419,90.47465779859422,-9.084212410744179,0.46870459876535675,29.05870598707087,9.0961945463195,3.1524591692330572,29.05870598707088,-0.684801476972754
1744178733824,1744178733068,20.940189361572266,-3.3481571674346924,-0.17347964644432068,1744178733123,0.383928507566452,0.08674279600381851,-0.8206968307495117,1744178733103,-40.03125,12.356250762939453,22.23750114440918,1001.5337524414062,-92.96604089789331,99.08421241074419,90.47465779859422,-9.084212410744179,0.46870459876535675,29.05870598707087,9.0961945463195,0.9102025596443112,29.05870598707088,-0.684801476972754
1744178733894,1744178733068,20.940189361572266,-3.3481571674346924,-0.17347964644432068,1744178733123,0.383928507566452,0.08674279600381851,-0.8206968307495117,1744178733203,-39.712501525878906,13.687500953674316,23.73750114440918,1001.5337524414062,-92.96604089789331,99.08421241074419,90.47465779859422,-9.084212410744179,0.46870459876535675,29.968578354833856,9.0961945463195,0.9102025596443112,29.96857835483388,-0.684801476972754
1744178733924,1744178733219,12.622737884521484,-2.754737138748169,-2.7984061241149902,1744178733123,0.383928507566452,0.08674279600381851,-0.8206968307495117,1744178733203,-39.712501525878906,13.687500953674316,23.73750114440918,1001.5337524414062,-135.45055509378716,102.31098480168018,102.50005411170972,-12.310984801680164,12.221348226786688,29.968578354833856,17.280309199980536,0.9102025596443112,29.96857835483388,-0.684801476972754
1744178733932,1744178733219,12.622737884521484,-2.754737138748169,-2.7984061241149902,1744178733227,0.2968802750110626,0.2286161482334137,0.27626359462738037,1744178733203,-39.712501525878906,13.687500953674316,23.73750114440918,1001.5337524414062,-135.45055509378716,102.31098480168018,102.50005411170972,-12.310984801680164,12.221348226786688,29.968578354833856,17.280309199980536,0.4655371248785299,29.96857835483388,-0.684801476972754
1744178733978,1744178733219,12.622737884521484,-2.754737138748169,-2.7984061241149902,1744178733227,0.2968802750110626,0.2286161482334137,0.27626359462738037,1744178733203,-39.712501525878906,13.687500953674316,23.73750114440918,1001.5487060546875,-135.45055509378716,102.31098480168018,102.50005411170972,-12.310984801680164,12.221348226786688,29.968578354833856,17.280309199980536,0.4655371248785299,29.96857835483388,-0.8107548057329828
1744178734026,1744178733219,12.622737884521484,-2.754737138748169,-2.7984061241149902,1744178733227,0.2968802750110626,0.2286161482334137,0.27626359462738037,1744178733303,-40.38750076293945,12.262500762939453,25.368751525878906,1001.5487060546875,-135.45055509378716,102.31098480168018,102.50005411170972,-12.310984801680164,12.221348226786688,25.797742908443833,17.280309199980536,0.4655371248785299,25.79774290844381,-0.8107548057329828
1744178734036,1744178733219,12.622737884521484,-2.754737138748169,-2.7984061241149902,1744178733331,0.27519458532333374,0.24694208800792694,0.18203771114349365,1744178733303,-40.38750076293945,12.262500762939453,25.368751525878906,1001.5487060546875,-135.45055509378716,102.31098480168018,102.50005411170972,-12.310984801680164,12.221348226786688,25.797742908443833,17.280309199980536,0.4121288425958057,25.79774290844381,-0.8107548057329828
1744178734057,1744178733350,9.340383529663086,-2.960519790649414,-1.5858432054519653,1744178733331,0.27519458532333374,0.24694208800792694,0.18203771114349365,1744178733303,-40.38750076293945,12.262500762939453,25.368751525878906,1001.5487060546875,-118.17634134156772,107.58648694828698,99.63598995362945,-17.58648694828696,9.193496282359606,25.797742908443833,19.7769884731765,0.4121288425958057,25.79774290844381,-0.8107548057329828
1744178734106,1744178733350,9.340383529663086,-2.960519790649414,-1.5858432054519653,1744178733331,0.27519458532333374,0.24694208800792694,0.18203771114349365,1744178733403,-39.31875228881836,10.293750762939453,26.025001525878906,1001.5487060546875,-118.17634134156772,107.58648694828698,99.63598995362945,-17.58648694828696,9.193496282359606,21.580439354538633,19.7769884731765,0.4121288425958057,21.580439354538612,-0.8107548057329828
1744178734124,1744178733350,9.340383529663086,-2.960519790649414,-1.5858432054519653,1744178733331,0.27519458532333374,0.24694208800792694,0.18203771114349365,1744178733403,-39.31875228881836,10.293750762939453,26.025001525878906,1001.5549926757812,-118.17634134156772,107.58648694828698,99.63598995362945,-17.58648694828696,9.193496282359606,21.580439354538633,19.7769884731765,0.4121288425958057,21.580439354538612,-0.8637061586950168
1744178734132,1744178733350,9.340383529663086,-2.960519790649414,-1.5858432054519653,1744178733435,0.09208786487579346,0.12690715491771698,0.22968515753746033,1744178733403,-39.31875228881836,10.293750762939453,26.025001525878906,1001.5549926757812,-118.17634134156772,107.58648694828698,99.63598995362945,-17.58648694828696,9.193496282359606,21.580439354538633,19.7769884731765,0.27810226971331925,21.580439354538612,-0.8637061586950168
1744178734188,1744178733480,8.548358917236328,-2.648256540298462,-1.8317056894302368,1744178733435,0.09208786487579346,0.12690715491771698,0.22968515753746033,1744178733403,-39.31875228881836,10.293750762939453,26.025001525878906,1001.5549926757812,-124.670243506458,107.21282790987415,102.09420912154377,-17.212827909874132,11.56746167941378,21.580439354538633,20.640420317727557,0.27810226971331925,21.580439354538612,-0.8637061586950168
1744178734231,1744178733480,8.548358917236328,-2.648256540298462,-1.8317056894302368,1744178733435,0.09208786487579346,0.12690715491771698,0.22968515753746033,1744178733503,-39.13125228881836,9.543750762939453,26.531251907348633,1001.5549926757812,-124.670243506458,107.21282790987415,102.09420912154377,-17.212827909874132,11.56746167941378,19.784536783170907,20.640420317727557,0.27810226971331925,19.784536783170893,-0.8637061586950168
1744178734253,1744178733480,8.548358917236328,-2.648256540298462,-1.8317056894302368,1744178733539,0.01802051067352295,-0.009621120058000088,0.07254019379615784,1744178733503,-39.13125228881836,9.543750762939453,26.531251907348633,1001.5549926757812,-124.670243506458,107.21282790987415,102.09420912154377,-17.212827909874132,11.56746167941378,19.784536783170907,20.640420317727557,0.07536169101134303,19.784536783170893,-0.8637061586950168
1744178734289,1744178733480,8.548358917236328,-2.648256540298462,-1.8317056894302368,1744178733539,0.01802051067352295,-0.009621120058000088,0.07254019379615784,1744178733503,-39.13125228881836,9.543750762939453,26.531251907348633,1001.5599975585938,-124.670243506458,107.21282790987415,102.09420912154377,-17.212827909874132,11.56746167941378,19.784536783170907,20.640420317727557,0.07536169101134303,19.784536783170893,-0.9058614123395681
1744178734301,1744178733610,9.692726135253906,-2.6141586303710938,-1.7754744291305542,1744178733539,0.01802051067352295,-0.009621120058000088,0.07254019379615784,1744178733503,-39.13125228881836,9.543750762939453,26.531251907348633,1001.5599975585938,-124.183415441713,105.09372056701261,100.38013403640602,-15.093720567012612,10.029427610875434,19.784536783170907,18.057335776532792,0.07536169101134303,19.784536783170893,-0.9058614123395681
1744178734301,1744178733610,9.692726135253906,-2.6141586303710938,-1.7754744291305542,1744178733539,0.01802051067352295,-0.009621120058000088,0.07254019379615784,1744178733603,-38.0625,9.300000190734863,26.400001525878906,1001.5599975585938,-124.183415441713,105.09372056701261,100.38013403640602,-15.093720567012612,10.029427610875434,19.40597008445175,18.057335776532792,0.07536169101134303,19.405970084451724,-0.9058614123395681
1744178734357,1744178733610,9.692726135253906,-2.6141586303710938,-1.7754744291305542,1744178733643,-0.07788526266813278,0.07070759683847427,0.1980729103088379,1744178733603,-38.0625,9.300000190734863,26.400001525878906,1001.5599975585938,-124.183415441713,105.09372056701261,100.38013403640602,-15.093720567012612,10.029427610875434,19.40597008445175,18.057335776532792,0.22427339608114288,19.405970084451724,-0.9058614123395681
1744178734406,1744178733610,9.692726135253906,-2.6141586303710938,-1.7754744291305542,1744178733643,-0.07788526266813278,0.07070759683847427,0.1980729103088379,1744178733703,-39,7.856250286102295,26.343751907348633,1001.5599975585938,-124.183415441713,105.09372056701261,100.38013403640602,-15.093720567012612,10.029427610875434,16.60566601113168,18.057335776532792,0.22427339608114288,16.60566601113169,-0.9058614123395681
1744178734458,1744178733610,9.692726135253906,-2.6141586303710938,-1.7754744291305542,1744178733643,-0.07788526266813278,0.07070759683847427,0.1980729103088379,1744178733703,-39,7.856250286102295,26.343751907348633,1001.5662231445312,-124.183415441713,105.09372056701261,100.38013403640602,-15.093720567012612,10.029427610875434,16.60566601113168,18.057335776532792,0.22427339608114288,16.60566601113169,-0.9582981971161453
1744178734473,1744178733610,9.692726135253906,-2.6141586303710938,-1.7754744291305542,1744178733747,-0.11026109009981155,0.07422006875276566,0.2903134822845459,1744178733703,-39,7.856250286102295,26.343751907348633,1001.5662231445312,-124.183415441713,105.09372056701261,100.38013403640602,-15.093720567012612,10.029427610875434,16.60566601113168,18.057335776532792,0.3192930387462955,16.60566601113169,-0.9582981971161453
1744178734473,1744178733739,9.609575271606445,-2.1948165893554688,-1.6923238039016724,1744178733747,-0.11026109009981155,0.07422006875276566,0.2903134822845459,1744178733703,-39,7.856250286102295,26.343751907348633,1001.5662231445312,-127.63419138800407,102.86560780676817,99.98783537765833,-12.865607806768164,9.741955763081434,16.60566601113168,16.088071096262127,0.3192930387462955,16.60566601113169,-0.9582981971161453
1744178734561,1744178733739,9.609575271606445,-2.1948165893554688,-1.6923238039016724,1744178733851,-0.2023489624261856,0.07101303339004517,0.25213444232940674,1744178733703,-39,7.856250286102295,26.343751907348633,1001.5662231445312,-127.63419138800407,102.86560780676817,99.98783537765833,-12.865607806768164,9.741955763081434,16.60566601113168,16.088071096262127,0.330998082343343,16.60566601113169,-0.9582981971161453
1744178734587,1744178733869,9.07537841796875,-1.9351953268051147,-2.0416758060455322,1744178733851,-0.2023489624261856,0.07101303339004517,0.25213444232940674,1744178733703,-39,7.856250286102295,26.343751907348633,1001.5662231445312,-136.53372452413623,102.0372285322592,102.67867486203406,-12.037228532259201,12.40862772371789,16.60566601113168,17.221783339633937,0.330998082343343,16.60566601113169,-0.9582981971161453
1744178734594,1744178733869,9.07537841796875,-1.9351953268051147,-2.0416758060455322,1744178733851,-0.2023489624261856,0.07101303339004517,0.25213444232940674,1744178733703,-39,7.856250286102295,26.343751907348633,1001.5700073242188,-136.53372452413623,102.0372285322592,102.67867486203406,-12.037228532259201,12.40862772371789,16.60566601113168,17.221783339633937,0.330998082343343,16.60566601113169,-0.9901714079181345
1744178734645,1744178733869,9.07537841796875,-1.9351953268051147,-2.0416758060455322,1744178733851,-0.2023489624261856,0.07101303339004517,0.25213444232940674,1744178733903,-38.493751525878906,6.487500190734863,25.98750114440918,1001.5700073242188,-136.53372452413623,102.0372285322592,102.67867486203406,-12.037228532259201,12.40862772371789,14.016787998425675,17.221783339633937,0.330998082343343,14.016787998425684,-0.9901714079181345
1744178734664,1744178733869,9.07537841796875,-1.9351953268051147,-2.0416758060455322,1744178733955,-0.15439607203006744,0.027947064489126205,0.16416990756988525,1744178733903,-38.493751525878906,6.487500190734863,25.98750114440918,1001.5700073242188,-136.53372452413623,102.0372285322592,102.67867486203406,-12.037228532259201,12.40862772371789,14.016787998425675,17.221783339633937,0.2270923689236999,14.016787998425684,-0.9901714079181345
