timestamp,acc_x,acc_y,acc_z,gyro_x,gyro_y,gyro_z,mag_x,mag_y,mag_z,baro_pressure,tiltXY,tiltYZ,tiltXZ,roll,pitch,yaw,totalTiltFromVertical,angularSpeed,heading,altitude
1744178087027,1744178086332,-0.7052844762802124,9.231510162353516,-1.4057832956314087,1744178086249,-0.17776164412498474,0.11178825795650482,-0.12461641430854797,1744178086203,23.137500762939453,-45.76875305175781,-0.7312500476837158,1001.4474487304688,98.65853661936625,-4.368892465241825,-153.3569819799371,94.36889246524183,8.633756820622926,-90.91534014457476,94.31929010730302,0.244182447063845,269.08465985542523,0.04215891911848679
1744178087066,1744178086332,-0.7052844762802124,9.231510162353516,-1.4057832956314087,1744178086353,-0.04016435891389847,-0.03558287397027016,0.03756818547844887,1744178086203,23.137500762939453,-45.76875305175781,-0.7312500476837158,1001.4474487304688,98.65853661936625,-4.368892465241825,-153.3569819799371,94.36889246524183,8.633756820622926,-90.91534014457476,94.31929010730302,0.06550332210729255,269.08465985542523,0.04215891911848679
1744178087082,1744178086332,-0.7052844762802124,9.231510162353516,-1.4057832956314087,1744178086353,-0.04016435891389847,-0.03558287397027016,0.03756818547844887,1744178086203,23.137500762939453,-45.76875305175781,-0.7312500476837158,1001.4549560546875,98.65853661936625,-4.368892465241825,-153.3569819799371,94.36889246524183,8.633756820622926,-90.91534014457476,94.31929010730302,0.06550332210729255,269.08465985542523,-0.021079395588043948
1744178087141,1744178086332,-0.7052844762802124,9.231510162353516,-1.4057832956314087,1744178086353,-0.04016435891389847,-0.03558287397027016,0.03756818547844887,1744178086403,22.78125,-46.5,0.1875,1001.4549560546875,98.65853661936625,-4.368892465241825,-153.3569819799371,94.36889246524183,8.633756820622926,-89.76896988310453,94.31929010730302,0.06550332210729255,270.23103011689545,-0.021079395588043948
1744178087195,1744178086332,-0.7052844762802124,9.231510162353516,-1.4057832956314087,1744178086457,0.05070177838206291,-0.0539088174700737,0.04780016839504242,1744178086403,22.78125,-46.5,0.1875,1001.4549560546875,98.65853661936625,-4.368892465241825,-153.3569819799371,94.36889246524183,8.633756820622926,-89.76896988310453,94.31929010730302,0.08810043717666761,270.23103011689545,-0.021079395588043948
1744178087195,1744178086462,-0.08015955984592438,9.77527904510498,-0.7561319470405579,1744178086457,0.05070177838206291,-0.0539088174700737,0.04780016839504242,1744178086403,22.78125,-46.5,0.1875,1001.4549560546875,94.42310379045476,-0.4698281761438506,-173.94852460627183,90.46982817614385,4.422955674849294,-89.76896988310453,90.46842896586958,0.08810043717666761,270.23103011689545,-0.021079395588043948
1744178087244,1744178086462,-0.08015955984592438,9.77527904510498,-0.7561319470405579,1744178086457,0.05070177838206291,-0.0539088174700737,0.04780016839504242,1744178086403,22.78125,-46.5,0.1875,1001.4437255859375,94.42310379045476,-0.4698281761438506,-173.94852460627183,90.46982817614385,4.422955674849294,-89.76896988310453,90.46842896586958,0.08810043717666761,270.23103011689545,0.07352115253815628
1744178087291,1744178086462,-0.08015955984592438,9.77527904510498,-0.7561319470405579,1744178086560,-0.03711003437638283,0.029626941308379173,0.07086031138896942,1744178086403,22.78125,-46.5,0.1875,1001.4437255859375,94.42310379045476,-0.4698281761438506,-173.94852460627183,90.46982817614385,4.422955674849294,-89.76896988310453,90.46842896586958,0.08530002363920053,270.23103011689545,0.07352115253815628
1744178087291,1744178086462,-0.08015955984592438,9.77527904510498,-0.7561319470405579,1744178086560,-0.03711003437638283,0.029626941308379173,0.07086031138896942,1744178086603,23.8125,-46.48125076293945,0,1001.4437255859375,94.42310379045476,-0.4698281761438506,-173.94852460627183,90.46982817614385,4.422955674849294,-90,90.46842896586958,0.08530002363920053,270,0.07352115253815628
1744178087300,1744178086592,-0.4366901218891144,9.348159790039062,-0.6825526356697083,1744178086560,-0.03711003437638283,0.029626941308379173,0.07086031138896942,1744178086603,23.8125,-46.48125076293945,0,1001.4437255859375,94.17602095026587,-2.674571828447142,-147.38930721120494,92.67457182844716,4.171488005426544,-90,92.66748121992826,0.08530002363920053,270,0.07352115253815628
1744178087352,1744178086592,-0.4366901218891144,9.348159790039062,-0.6825526356697083,1744178086664,-0.21349723637104034,0.11377356201410294,0.10842850059270859,1744178086603,23.8125,-46.48125076293945,0,1001.4437255859375,94.17602095026587,-2.674571828447142,-147.38930721120494,92.67457182844716,4.171488005426544,-90,92.66748121992826,0.2651079649732007,270,0.07352115253815628
1744178087413,1744178086592,-0.4366901218891144,9.348159790039062,-0.6825526356697083,1744178086664,-0.21349723637104034,0.11377356201410294,0.10842850059270859,1744178086603,23.8125,-46.48125076293945,0,1001.438720703125,94.17602095026587,-2.674571828447142,-147.38930721120494,92.67457182844716,4.171488005426544,-90,92.66748121992826,0.2651079649732007,270,0.11568036917341318
1744178087465,1744178086722,-1.8915263414382935,4.589433670043945,-0.381655216217041,1744178086664,-0.21349723637104034,0.11377356201410294,0.10842850059270859,1744178086603,23.8125,-46.48125076293945,0,1001.438720703125,94.75375288693176,-22.398914560939758,-101.40746885751462,112.39891456093977,4.396560907650312,-90,112.32944327302538,0.2651079649732007,270,0.11568036917341318
1744178087465,1744178086722,-1.8915263414382935,4.589433670043945,-0.381655216217041,1744178086768,-0.22067490220069885,-0.2309068888425827,0.46685341000556946,1744178086603,23.8125,-46.48125076293945,0,1001.438720703125,94.75375288693176,-22.398914560939758,-101.40746885751462,112.39891456093977,4.396560907650312,-90,112.32944327302538,0.5656567070318156,270,0.11568036917341318
1744178087562,1744178086722,-1.8915263414382935,4.589433670043945,-0.381655216217041,1744178086768,-0.22067490220069885,-0.2309068888425827,0.46685341000556946,1744178086803,26.475000381469727,-45.1875,2.2125000953674316,1001.438720703125,94.75375288693176,-22.398914560939758,-101.40746885751462,112.39891456093977,4.396560907650312,-87.19688493747864,112.32944327302538,0.5656567070318156,272.80311506252133,0.11568036917341318
1744178087562,1744178086722,-1.8915263414382935,4.589433670043945,-0.381655216217041,1744178086768,-0.22067490220069885,-0.2309068888425827,0.46685341000556946,1744178086803,26.475000381469727,-45.1875,2.2125000953674316,1001.4425048828125,94.75375288693176,-22.398914560939758,-101.40746885751462,112.39891456093977,4.396560907650312,-87.19688493747864,112.32944327302538,0.5656567070318156,272.80311506252133,0.08380387257083899
1744178087563,1744178086852,-1.6091731786727905,2.974876642227173,-2.5746772289276123,1744178086768,-0.22067490220069885,-0.2309068888425827,0.46685341000556946,1744178086803,26.475000381469727,-45.1875,2.2125000953674316,1001.4425048828125,130.87532376371254,-28.40988537248761,-147.994618222658,118.40988537248762,37.2798996215881,-87.19688493747864,112.24502737116543,0.5656567070318156,272.80311506252133,0.08380387257083899
1744178087577,1744178086852,-1.6091731786727905,2.974876642227173,-2.5746772289276123,1744178086873,0.8778126835823059,-1.041982650756836,0.3926333487033844,1744178086803,26.475000381469727,-45.1875,2.2125000953674316,1001.4425048828125,130.87532376371254,-28.40988537248761,-147.994618222658,118.40988537248762,37.2798996215881,-87.19688493747864,112.24502737116543,1.4179012301462486,272.80311506252133,0.08380387257083899
1744178087600,1744178086852,-1.6091731786727905,2.974876642227173,-2.5746772289276123,1744178086873,0.8778126835823059,-1.041982650756836,0.3926333487033844,1744178086903,28.80000114440918,-44.34375,1.2375000715255737,1001.4425048828125,130.87532376371254,-28.40988537248761,-147.994618222658,118.40988537248762,37.2798996215881,-88.40146281497903,112.24502737116543,1.4179012301462486,271.598537185021,0.08380387257083899
1744178087671,1744178086852,-1.6091731786727905,2.974876642227173,-2.5746772289276123,1744178086976,1.4188861846923828,-0.03909534588456154,-2.034027099609375,1744178086903,28.80000114440918,-44.34375,1.2375000715255737,1001.4425048828125,130.87532376371254,-28.40988537248761,-147.994618222658,118.40988537248762,37.2798996215881,-88.40146281497903,112.24502737116543,2.480329150158516,271.598537185021,0.08380387257083899
1744178087706,1744178086982,-0.10827522724866867,6.092126369476318,2.379662036895752,1744178086976,1.4188861846923828,-0.03909534588456154,-2.034027099609375,1744178086903,28.80000114440918,-44.34375,1.2375000715255737,1001.4425048828125,68.66375127763547,-1.0182094210884582,-2.605175707275578,91.01820942108847,-21.333182559748405,-88.40146281497903,90.9484358129537,2.480329150158516,271.598537185021,0.08380387257083899
1744178087713,1744178086982,-0.10827522724866867,6.092126369476318,2.379662036895752,1744178086976,1.4188861846923828,-0.03909534588456154,-2.034027099609375,1744178086903,28.80000114440918,-44.34375,1.2375000715255737,1001.449951171875,68.66375127763547,-1.0182094210884582,-2.605175707275578,91.01820942108847,-21.333182559748405,-88.40146281497903,90.9484358129537,2.480329150158516,271.598537185021,0.021079438233869707
1744178087792,1744178086982,-0.10827522724866867,6.092126369476318,2.379662036895752,1744178087080,1.1882847547531128,0.13790272176265717,-2.014784812927246,1744178086903,28.80000114440918,-44.34375,1.2375000715255737,1001.449951171875,68.66375127763547,-1.0182094210884582,-2.605175707275578,91.01820942108847,-21.333182559748405,-88.40146281497903,90.9484358129537,2.343159333346858,271.598537185021,0.021079438233869707
1744178087805,1744178086982,-0.10827522724866867,6.092126369476318,2.379662036895752,1744178087080,1.1882847547531128,0.13790272176265717,-2.014784812927246,1744178087103,6.956250190734863,-49.81875228881836,-10.40625,1001.449951171875,68.66375127763547,-1.0182094210884582,-2.605175707275578,91.01820942108847,-21.333182559748405,-101.79842458925258,90.9484358129537,2.343159333346858,258.2015754107474,0.021079438233869707
1744178087831,1744178087112,8.808578491210938,14.906088829040527,4.056432723999023,1744178087080,1.1882847547531128,0.13790272176265717,-2.014784812927246,1744178087103,6.956250190734863,-49.81875228881836,-10.40625,1001.449951171875,74.77659941787181,30.580466430583662,65.27348776756197,59.41953356941634,-13.185623667232536,-101.79842458925258,60.30813104981717,2.343159333346858,258.2015754107474,0.021079438233869707
1744178087909,1744178087112,8.808578491210938,14.906088829040527,4.056432723999023,1744178087080,1.1882847547531128,0.13790272176265717,-2.014784812927246,1744178087103,6.956250190734863,-49.81875228881836,-10.40625,1001.4599609375,74.77659941787181,30.580466430583662,65.27348776756197,59.41953356941634,-13.185623667232536,-101.79842458925258,60.30813104981717,2.343159333346858,258.2015754107474,-0.06323805880204647
1744178087909,1744178087112,8.808578491210938,14.906088829040527,4.056432723999023,1744178087184,0.8866702318191528,-0.09728021919727325,-0.6478220820426941,1744178087103,6.956250190734863,-49.81875228881836,-10.40625,1001.4599609375,74.77659941787181,30.580466430583662,65.27348776756197,59.41953356941634,-13.185623667232536,-101.79842458925258,60.30813104981717,1.1024159791219605,258.2015754107474,-0.06323805880204647
1744178087987,1744178087264,7.012764930725098,14.56092357635498,5.222933769226074,1744178087184,0.8866702318191528,-0.09728021919727325,-0.6478220820426941,1744178087103,6.956250190734863,-49.81875228881836,-10.40625,1001.4599609375,70.2673321478878,25.71618207386042,53.32217116405344,64.28381792613959,-17.909176663088573,-101.79842458925258,65.61359403492456,1.1024159791219605,258.2015754107474,-0.06323805880204647
1744178087989,1744178087264,7.012764930725098,14.56092357635498,5.222933769226074,1744178087288,0.13652828335762024,-0.03375028073787689,-0.1646280586719513,1744178087103,6.956250190734863,-49.81875228881836,-10.40625,1001.4599609375,70.2673321478878,25.71618207386042,53.32217116405344,64.28381792613959,-17.909176663088573,-101.79842458925258,65.61359403492456,0.2165212490924611,258.2015754107474,-0.06323805880204647
1744178088020,1744178087264,7.012764930725098,14.56092357635498,5.222933769226074,1744178087288,0.13652828335762024,-0.03375028073787689,-0.1646280586719513,1744178087303,0.9187500476837158,-48.937503814697266,-17.512500762939453,1001.4599609375,70.2673321478878,25.71618207386042,53.32217116405344,64.28381792613959,-17.909176663088573,-109.68997218506843,65.61359403492456,0.2165212490924611,250.31002781493157,-0.06323805880204647
1744178088090,1744178087264,7.012764930725098,14.56092357635498,5.222933769226074,1744178087288,0.13652828335762024,-0.03375028073787689,-0.1646280586719513,1744178087303,0.9187500476837158,-48.937503814697266,-17.512500762939453,1001.4786987304688,70.2673321478878,25.71618207386042,53.32217116405344,64.28381792613959,-17.909176663088573,-109.68997218506843,65.61359403492456,0.2165212490924611,250.31002781493157,-0.22107446590455382
1744178088114,1744178087264,7.012764930725098,14.56092357635498,5.222933769226074,1744178087392,-0.09819651395082474,0.007788525894284248,0.5389354228973389,1744178087303,0.9187500476837158,-48.937503814697266,-17.512500762939453,1001.4786987304688,70.2673321478878,25.71618207386042,53.32217116405344,64.28381792613959,-17.909176663088573,-109.68997218506843,65.61359403492456,0.5478636751430359,250.31002781493157,-0.22107446590455382
1744178088123,1744178087264,7.012764930725098,14.56092357635498,5.222933769226074,1744178087392,-0.09819651395082474,0.007788525894284248,0.5389354228973389,1744178087403,1.5750000476837158,-49.16250228881836,-16.6875,1001.4786987304688,70.2673321478878,25.71618207386042,53.32217116405344,64.28381792613959,-17.909176663088573,-108.74903776292994,65.61359403492456,0.5478636751430359,251.25096223707004,-0.22107446590455382
1744178088123,1744178087394,7.022336483001709,10.549356460571289,2.33180570602417,1744178087392,-0.09819651395082474,0.007788525894284248,0.5389354228973389,1744178087403,1.5750000476837158,-49.16250228881836,-16.6875,1001.4786987304688,77.53588169407931,33.650313403890316,71.630967562456,56.34968659610969,-10.425782354237137,-108.74903776292994,56.9770950846367,0.5478636751430359,251.25096223707004,-0.22107446590455382
1744178088183,1744178087394,7.022336483001709,10.549356460571289,2.33180570602417,1744178087496,0.013439024798572063,0.1130099818110466,0.907439649105072,1744178087403,1.5750000476837158,-49.16250228881836,-16.6875,1001.4786987304688,77.53588169407931,33.650313403890316,71.630967562456,56.34968659610969,-10.425782354237137,-108.74903776292994,56.9770950846367,0.9145482929536339,251.25096223707004,-0.22107446590455382
1744178088192,1744178087394,7.022336483001709,10.549356460571289,2.33180570602417,1744178087496,0.013439024798572063,0.1130099818110466,0.907439649105072,1744178087403,1.5750000476837158,-49.16250228881836,-16.6875,1001.4937133789062,77.53588169407931,33.650313403890316,71.630967562456,56.34968659610969,-10.425782354237137,-108.74903776292994,56.9770950846367,0.9145482929536339,251.25096223707004,-0.3475475159424768
1744178088207,1744178087394,7.022336483001709,10.549356460571289,2.33180570602417,1744178087496,0.013439024798572063,0.1130099818110466,0.907439649105072,1744178087503,7.162500381469727,-48.750003814697266,-16.40625,1001.4937133789062,77.53588169407931,33.650313403890316,71.630967562456,56.34968659610969,-10.425782354237137,-108.60006453069735,56.9770950846367,0.9145482929536339,251.39993546930265,-0.3475475159424768
1744178088270,1744178087524,7.411767959594727,7.114459991455078,2.0404794216156006,1744178087496,0.013439024798572063,0.1130099818110466,0.907439649105072,1744178087503,7.162500381469727,-48.750003814697266,-16.40625,1001.4937133789062,73.99671946537703,46.17250767910724,74.60762817176739,43.827492320892766,-11.233392195306894,-108.60006453069735,44.95947299246944,0.9145482929536339,251.39993546930265,-0.3475475159424768
1744178088296,1744178087524,7.411767959594727,7.114459991455078,2.0404794216156006,1744178087600,0.08307760953903198,0.7383828163146973,0.5693259835243225,1744178087503,7.162500381469727,-48.750003814697266,-16.40625,1001.4937133789062,73.99671946537703,46.17250767910724,74.60762817176739,43.827492320892766,-11.233392195306894,-108.60006453069735,44.95947299246944,0.9360786014814573,251.39993546930265,-0.3475475159424768
1744178088324,1744178087524,7.411767959594727,7.114459991455078,2.0404794216156006,1744178087600,0.08307760953903198,0.7383828163146973,0.5693259835243225,1744178087603,8.96250057220459,-48.093753814697266,-16.21875,1001.4937133789062,73.99671946537703,46.17250767910724,74.60762817176739,43.827492320892766,-11.233392195306894,-108.6357495902919,44.95947299246944,0.9360786014814573,251.36425040970812,-0.3475475159424768
1744178088378,1744178087524,7.411767959594727,7.114459991455078,2.0404794216156006,1744178087600,0.08307760953903198,0.7383828163146973,0.5693259835243225,1744178087603,8.96250057220459,-48.093753814697266,-16.21875,1001.5,73.99671946537703,46.17250767910724,74.60762817176739,43.827492320892766,-11.233392195306894,-108.6357495902919,44.95947299246944,0.9360786014814573,251.36425040970812,-0.4005012231804872
1744178088378,1744178087654,4.936991214752197,7.878368377685547,0.589830756187439,1744178087600,0.08307760953903198,0.7383828163146973,0.5693259835243225,1744178087603,8.96250057220459,-48.093753814697266,-16.21875,1001.5,85.71841758374353,32.07337615230428,83.18706785698257,57.92662384769572,-3.6299830549229917,-108.6357495902919,57.99862948573862,0.9360786014814573,251.36425040970812,-0.4005012231804872
1744178088446,1744178087654,4.936991214752197,7.878368377685547,0.589830756187439,1744178087705,0.23777911067008972,1.6520837545394897,0.4364628791809082,1744178087603,8.96250057220459,-48.093753814697266,-16.21875,1001.5,85.71841758374353,32.07337615230428,83.18706785698257,57.92662384769572,-3.6299830549229917,-108.6357495902919,57.99862948573862,1.725230269380654,251.36425040970812,-0.4005012231804872
1744178088505,1744178087654,4.936991214752197,7.878368377685547,0.589830756187439,1744178087705,0.23777911067008972,1.6520837545394897,0.4364628791809082,1744178087803,9.09375,-46.20000076293945,-21.900001525878906,1001.5,85.71841758374353,32.07337615230428,83.18706785698257,57.92662384769572,-3.6299830549229917,-115.36216812786091,57.99862948573862,1.725230269380654,244.6378318721391,-0.4005012231804872
1744178088506,1744178087784,2.139183521270752,8.587242126464844,3.214757204055786,1744178087705,0.23777911067008972,1.6520837545394897,0.4364628791809082,1744178087803,9.09375,-46.20000076293945,-21.900001525878906,1001.5,69.47589202959009,13.988338010731345,33.64083277720972,76.01166198926866,-19.964187298453243,-115.36216812786091,76.86782231178104,1.725230269380654,244.6378318721391,-0.4005012231804872
1744178088571,1744178087784,2.139183521270752,8.587242126464844,3.214757204055786,1744178087809,0.13775001466274261,2.174373149871826,0.10537417232990265,1744178087803,9.09375,-46.20000076293945,-21.900001525878906,1001.5,69.47589202959009,13.988338010731345,33.64083277720972,76.01166198926866,-19.964187298453243,-115.36216812786091,76.86782231178104,2.1812788399508496,244.6378318721391,-0.4005012231804872
1744178088571,1744178087784,2.139183521270752,8.587242126464844,3.214757204055786,1744178087809,0.13775001466274261,2.174373149871826,0.10537417232990265,1744178087803,9.09375,-46.20000076293945,-21.900001525878906,1001.5,69.47589202959009,13.988338010731345,33.64083277720972,76.01166198926866,-19.964187298453243,-115.36216812786091,76.86782231178104,2.1812788399508496,244.6378318721391,-0.4005012231804872
1744178088624,1744178087784,2.139183521270752,8.587242126464844,3.214757204055786,1744178087809,0.13775001466274261,2.174373149871826,0.10537417232990265,1744178087903,4.837500095367432,-45.375,-23.568750381469727,1001.5,69.47589202959009,13.988338010731345,33.64083277720972,76.01166198926866,-19.964187298453243,-117.44833458179255,76.86782231178104,2.1812788399508496,242.55166541820745,-0.4005012231804872
1744178088624,1744178087784,2.139183521270752,8.587242126464844,3.214757204055786,1744178087913,0.3796524703502655,2.2847869396209717,0.16829325258731842,1744178087903,4.837500095367432,-45.375,-23.568750381469727,1001.5,69.47589202959009,13.988338010731345,33.64083277720972,76.01166198926866,-19.964187298453243,-117.44833458179255,76.86782231178104,2.3222209146788866,242.55166541820745,-0.4005012231804872
1744178088626,1744178087914,1.3160524368286133,8.475378036499023,5.225924491882324,1744178087913,0.3796524703502655,2.2847869396209717,0.16829325258731842,1744178087903,4.837500095367432,-45.375,-23.568750381469727,1001.5,58.34198501987939,8.826370602316846,14.134965611206074,81.17362939768316,-31.35390495140011,-117.44833458179255,82.47067191166641,2.3222209146788866,242.55166541820745,-0.4005012231804872
1744178088691,1744178087914,1.3160524368286133,8.475378036499023,5.225924491882324,1744178087913,0.3796524703502655,2.2847869396209717,0.16829325258731842,1744178087903,4.837500095367432,-45.375,-23.568750381469727,1001.4949951171875,58.34198501987939,8.826370602316846,14.134965611206074,81.17362939768316,-31.35390495140011,-117.44833458179255,82.47067191166641,2.3222209146788866,242.55166541820745,-0.3583439246919684
1744178088737,1744178087914,1.3160524368286133,8.475378036499023,5.225924491882324,1744178087913,0.3796524703502655,2.2847869396209717,0.16829325258731842,1744178088003,1.6875001192092896,-44.60625076293945,-25.856250762939453,1001.4949951171875,58.34198501987939,8.826370602316846,14.134965611206074,81.17362939768316,-31.35390495140011,-120.0989535918905,82.47067191166641,2.3222209146788866,239.9010464081095,-0.3583439246919684
1744178088747,1744178087914,1.3160524368286133,8.475378036499023,5.225924491882324,1744178088016,0.5847502946853638,1.4578287601470947,0.53221595287323,1744178088003,1.6875001192092896,-44.60625076293945,-25.856250762939453,1001.4949951171875,58.34198501987939,8.826370602316846,14.134965611206074,81.17362939768316,-31.35390495140011,-120.0989535918905,82.47067191166641,1.6584484983077996,239.9010464081095,-0.3583439246919684
1744178088800,1744178088066,-0.5724828243255615,9.4121675491333,5.088935375213623,1744178088016,0.5847502946853638,1.4578287601470947,0.53221595287323,1744178088003,1.6875001192092896,-44.60625076293945,-25.856250762939453,1001.4949951171875,61.60096390239624,-3.4806530907609265,-6.418537623032394,93.48065309076092,-28.3547996700115,-120.0989535918905,93.06263115241251,1.6584484983077996,239.9010464081095,-0.3583439246919684
1744178088823,1744178088066,-0.5724828243255615,9.4121675491333,5.088935375213623,1744178088120,0.4874700903892517,0.8990402221679688,-0.10476330667734146,1744178088003,1.6875001192092896,-44.60625076293945,-25.856250762939453,1001.4949951171875,61.60096390239624,-3.4806530907609265,-6.418537623032394,93.48065309076092,-28.3547996700115,-120.0989535918905,93.06263115241251,1.0280446296372092,239.9010464081095,-0.3583439246919684
1744178088839,1744178088066,-0.5724828243255615,9.4121675491333,5.088935375213623,1744178088120,0.4874700903892517,0.8990402221679688,-0.10476330667734146,1744178088003,1.6875001192092896,-44.60625076293945,-25.856250762939453,1001.4924926757812,61.60096390239624,-3.4806530907609265,-6.418537623032394,93.48065309076092,-28.3547996700115,-120.0989535918905,93.06263115241251,1.0280446296372092,239.9010464081095,-0.3372652114863528
1744178088891,1744178088066,-0.5724828243255615,9.4121675491333,5.088935375213623,1744178088120,0.4874700903892517,0.8990402221679688,-0.10476330667734146,1744178088203,-2.15625,-41.75625228881836,-30.056251525878906,1001.4924926757812,61.60096390239624,-3.4806530907609265,-6.418537623032394,93.48065309076092,-28.3547996700115,-125.74643108125483,93.06263115241251,1.0280446296372092,234.25356891874517,-0.3372652114863528
1744178088891,1744178088196,1.8969101905822754,9.008378982543945,3.6400814056396484,1744178088120,0.4874700903892517,0.8990402221679688,-0.10476330667734146,1744178088203,-2.15625,-41.75625228881836,-30.056251525878906,1001.4924926757812,67.99748464215851,11.891151112279555,27.524809320826332,78.10884888772044,-21.57414589685447,-125.74643108125483,78.95280538232635,1.0280446296372092,234.25356891874517,-0.3372652114863528
1744178088910,1744178088196,1.8969101905822754,9.008378982543945,3.6400814056396484,1744178088225,0.34437501430511475,0.3920224606990814,0.2205221801996231,1744178088203,-2.15625,-41.75625228881836,-30.056251525878906,1001.4924926757812,67.99748464215851,11.891151112279555,27.524809320826332,78.10884888772044,-21.57414589685447,-125.74643108125483,78.95280538232635,0.5664854738916134,234.25356891874517,-0.3372652114863528
1744178088992,1744178088196,1.8969101905822754,9.008378982543945,3.6400814056396484,1744178088225,0.34437501430511475,0.3920224606990814,0.2205221801996231,1744178088203,-2.15625,-41.75625228881836,-30.056251525878906,1001.4962158203125,67.99748464215851,11.891151112279555,27.524809320826332,78.10884888772044,-21.57414589685447,-125.74643108125483,78.95280538232635,0.5664854738916134,234.25356891874517,-0.3686262083493319
1744178089041,1744178088196,1.8969101905822754,9.008378982543945,3.6400814056396484,1744178088329,0.26129740476608276,0.10415244847536087,0.022449281066656113,1744178088203,-2.15625,-41.75625228881836,-30.056251525878906,1001.4962158203125,67.99748464215851,11.891151112279555,27.524809320826332,78.10884888772044,-21.57414589685447,-125.74643108125483,78.95280538232635,0.2821844015556362,234.25356891874517,-0.3686262083493319
1744178089050,1744178088326,2.2893331050872803,9.17886734008789,4.025924205780029,1744178088329,0.26129740476608276,0.10415244847536087,0.022449281066656113,1744178088203,-2.15625,-41.75625228881836,-30.056251525878906,1001.4962158203125,66.31736156283688,14.004609930263845,29.62463153103576,75.99539006973616,-23.053191270385437,-125.74643108125483,77.13384602728132,0.2821844015556362,234.25356891874517,-0.3686262083493319
1744178089113,1744178088326,2.2893331050872803,9.17886734008789,4.025924205780029,1744178088329,0.26129740476608276,0.10415244847536087,0.022449281066656113,1744178088403,-3.3375000953674316,-40.556251525878906,-31.631250381469727,1001.4962158203125,66.31736156283688,14.004609930263845,29.62463153103576,75.99539006973616,-23.053191270385437,-127.95192440687661,77.13384602728132,0.2821844015556362,232.04807559312337,-0.3686262083493319
1744178089147,1744178088326,2.2893331050872803,9.17886734008789,4.025924205780029,1744178088432,0.09621120244264603,-0.0844520553946495,-0.025809036567807198,1744178088403,-3.3375000953674316,-40.556251525878906,-31.631250381469727,1001.4962158203125,66.31736156283688,14.004609930263845,29.62463153103576,75.99539006973616,-23.053191270385437,-127.95192440687661,77.13384602728132,0.1305942246211492,232.04807559312337,-0.3686262083493319
1744178089162,1744178088326,2.2893331050872803,9.17886734008789,4.025924205780029,1744178088432,0.09621120244264603,-0.0844520553946495,-0.025809036567807198,1744178088403,-3.3375000953674316,-40.556251525878906,-31.631250381469727,1001.501220703125,66.31736156283688,14.004609930263845,29.62463153103576,75.99539006973616,-23.053191270385437,-127.95192440687661,77.13384602728132,0.1305942246211492,232.04807559312337,-0.41078346522064324
1744178089190,1744178088455,2.3258235454559326,8.849854469299316,3.524029493331909,1744178088432,0.09621120244264603,-0.0844520553946495,-0.025809036567807198,1744178088403,-3.3375000953674316,-40.556251525878906,-31.631250381469727,1001.501220703125,68.28745542689447,14.724878710767092,33.42440437436302,75.27512128923291,-21.06289352547797,-127.95192440687661,76.2789303479378,0.1305942246211492,232.04807559312337,-0.41078346522064324
1744178089197,1744178088455,2.3258235454559326,8.849854469299316,3.524029493331909,1744178088432,0.09621120244264603,-0.0844520553946495,-0.025809036567807198,1744178088503,-3.468750238418579,-40.368751525878906,-31.668750762939453,1001.501220703125,68.28745542689447,14.724878710767092,33.42440437436302,75.27512128923291,-21.06289352547797,-128.11371430280286,76.2789303479378,0.1305942246211492,231.88628569719714,-0.41078346522064324
1744178089259,1744178088455,2.3258235454559326,8.849854469299316,3.524029493331909,1744178088536,0.036651886999607086,-0.12171480804681778,-0.10842850059270859,1744178088503,-3.468750238418579,-40.368751525878906,-31.668750762939453,1001.501220703125,68.28745542689447,14.724878710767092,33.42440437436302,75.27512128923291,-21.06289352547797,-128.11371430280286,76.2789303479378,0.16707661433991494,231.88628569719714,-0.41078346522064324
1744178089308,1744178088455,2.3258235454559326,8.849854469299316,3.524029493331909,1744178088536,0.036651886999607086,-0.12171480804681778,-0.10842850059270859,1744178088603,-2.15625,-39.91875076293945,-32.75625228881836,1001.501220703125,68.28745542689447,14.724878710767092,33.42440437436302,75.27512128923291,-21.06289352547797,-129.3713806320985,76.2789303479378,0.16707661433991494,230.6286193679015,-0.41078346522064324
1744178089317,1744178088585,3.432504177093506,8.778069496154785,2.895315408706665,1744178088536,0.036651886999607086,-0.12171480804681778,-0.10842850059270859,1744178088603,-2.15625,-39.91875076293945,-32.75625228881836,1001.501220703125,71.74563082352208,21.357077971424765,49.852386802457175,68.64292202857524,-17.07617020756314,-129.3713806320985,69.62735957014281,0.16707661433991494,230.6286193679015,-0.41078346522064324
1744178089317,1744178088585,3.432504177093506,8.778069496154785,2.895315408706665,1744178088536,0.036651886999607086,-0.12171480804681778,-0.10842850059270859,1744178088603,-2.15625,-39.91875076293945,-32.75625228881836,1001.5062255859375,71.74563082352208,21.357077971424765,49.852386802457175,68.64292202857524,-17.07617020756314,-129.3713806320985,69.62735957014281,0.16707661433991494,230.6286193679015,-0.45294055150865153
1744178089343,1744178088585,3.432504177093506,8.778069496154785,2.895315408706665,1744178088641,0.017867794260382652,-0.06979130208492279,-0.09651663154363632,1744178088603,-2.15625,-39.91875076293945,-32.75625228881836,1001.5062255859375,71.74563082352208,21.357077971424765,49.852386802457175,68.64292202857524,-17.07617020756314,-129.3713806320985,69.62735957014281,0.12043896413939455,230.6286193679015,-0.45294055150865153
1744178089431,1744178088715,3.3690943717956543,8.59202766418457,2.968296527862549,1744178088641,0.017867794260382652,-0.06979130208492279,-0.09651663154363632,1744178088603,-2.15625,-39.91875076293945,-32.75625228881836,1001.5062255859375,70.94145240641888,21.411072329564973,48.61875761731408,68.58892767043503,-17.829267221197252,-129.3713806320985,69.66404332420527,0.12043896413939455,230.6286193679015,-0.45294055150865153
1744178089461,1744178088715,3.3690943717956543,8.59202766418457,2.968296527862549,1744178088745,-0.007024944759905338,-0.08139773458242416,-0.04260781779885292,1744178088603,-2.15625,-39.91875076293945,-32.75625228881836,1001.5062255859375,70.94145240641888,21.411072329564973,48.61875761731408,68.58892767043503,-17.829267221197252,-129.3713806320985,69.66404332420527,0.09214318847104619,230.6286193679015,-0.45294055150865153
1744178089469,1744178088715,3.3690943717956543,8.59202766418457,2.968296527862549,1744178088745,-0.007024944759905338,-0.08139773458242416,-0.04260781779885292,1744178088603,-2.15625,-39.91875076293945,-32.75625228881836,1001.51123046875,70.94145240641888,21.411072329564973,48.61875761731408,68.58892767043503,-17.829267221197252,-129.3713806320985,69.66404332420527,0.09214318847104619,230.6286193679015,-0.4950974672232
1744178089524,1744178088715,3.3690943717956543,8.59202766418457,2.968296527862549,1744178088745,-0.007024944759905338,-0.08139773458242416,-0.04260781779885292,1744178088803,-2.8312501907348633,-40.59375,-32.04375076293945,1001.51123046875,70.94145240641888,21.411072329564973,48.61875761731408,68.58892767043503,-17.829267221197252,-128.28673142918137,69.66404332420527,0.09214318847104619,231.71326857081863,-0.4950974672232
1744178089556,1744178088715,3.3690943717956543,8.59202766418457,2.968296527862549,1744178088849,-0.04108065739274025,-0.08307760953903198,-0.12171480804681778,1744178088803,-2.8312501907348633,-40.59375,-32.04375076293945,1001.51123046875,70.94145240641888,21.411072329564973,48.61875761731408,68.58892767043503,-17.829267221197252,-128.28673142918137,69.66404332420527,0.1529836727118723,231.71326857081863,-0.4950974672232
1744178089568,1744178088867,3.744169235229492,8.645866394042969,2.861815929412842,1744178088849,-0.04108065739274025,-0.08307760953903198,-0.12171480804681778,1744178088803,-2.8312501907348633,-40.59375,-32.04375076293945,1001.51123046875,71.68525243896613,23.415452560376238,52.60789680009633,66.58454743962378,-16.895893381073087,-128.28673142918137,67.65135195304688,0.1529836727118723,231.71326857081863,-0.4950974672232
1744178089621,1744178088867,3.744169235229492,8.645866394042969,2.861815929412842,1744178088849,-0.04108065739274025,-0.08307760953903198,-0.12171480804681778,1744178088903,-4.050000190734863,-40.16250228881836,-32.212501525878906,1001.51123046875,71.68525243896613,23.415452560376238,52.60789680009633,66.58454743962378,-16.895893381073087,-128.73150099448364,67.65135195304688,0.1529836727118723,231.26849900551636,-0.4950974672232
1744178089632,1744178088867,3.744169235229492,8.645866394042969,2.861815929412842,1744178088849,-0.04108065739274025,-0.08307760953903198,-0.12171480804681778,1744178088903,-4.050000190734863,-40.16250228881836,-32.212501525878906,1001.5162353515625,71.68525243896613,23.415452560376238,52.60789680009633,66.58454743962378,-16.895893381073087,-128.73150099448364,67.65135195304688,0.1529836727118723,231.26849900551636,-0.5372542123446022
1744178089640,1744178088867,3.744169235229492,8.645866394042969,2.861815929412842,1744178088953,-0.012370011769235134,-0.02779434807598591,-0.03329212963581085,1744178088903,-4.050000190734863,-40.16250228881836,-32.212501525878906,1001.5162353515625,71.68525243896613,23.415452560376238,52.60789680009633,66.58454743962378,-16.895893381073087,-128.73150099448364,67.65135195304688,0.04509887883116068,231.26849900551636,-0.5372542123446022
1744178089689,1744178088867,3.744169235229492,8.645866394042969,2.861815929412842,1744178088953,-0.012370011769235134,-0.02779434807598591,-0.03329212963581085,1744178089003,-4.481250286102295,-40.06875228881836,-31.70625114440918,1001.5162353515625,71.68525243896613,23.415452560376238,52.60789680009633,66.58454743962378,-16.895893381073087,-128.3544344636183,67.65135195304688,0.04509887883116068,231.6455655363817,-0.5372542123446022
1744178089742,1744178088997,3.882354736328125,8.869595527648926,2.6494529247283936,1744178088953,-0.012370011769235134,-0.02779434807598591,-0.03329212963581085,1744178089003,-4.481250286102295,-40.06875228881836,-31.70625114440918,1001.5162353515625,73.36849342989473,23.63971499029389,55.68902272741913,66.36028500970612,-15.30407070086673,-128.3544344636183,67.24666190358029,0.04509887883116068,231.6455655363817,-0.5372542123446022
1744178089792,1744178088997,3.882354736328125,8.869595527648926,2.6494529247283936,1744178089056,-0.0062613640911877155,-0.034208428114652634,-0.06979130208492279,1744178089003,-4.481250286102295,-40.06875228881836,-31.70625114440918,1001.5162353515625,73.36849342989473,23.63971499029389,55.68902272741913,66.36028500970612,-15.30407070086673,-128.3544344636183,67.24666190358029,0.07797593911628586,231.6455655363817,-0.5372542123446022
1744178089797,1744178088997,3.882354736328125,8.869595527648926,2.6494529247283936,1744178089056,-0.0062613640911877155,-0.034208428114652634,-0.06979130208492279,1744178089003,-4.481250286102295,-40.06875228881836,-31.70625114440918,1001.5262451171875,73.36849342989473,23.63971499029389,55.68902272741913,66.36028500970612,-15.30407070086673,-128.3544344636183,67.24666190358029,0.07797593911628586,231.6455655363817,-0.621567190857184
1744178089797,1744178088997,3.882354736328125,8.869595527648926,2.6494529247283936,1744178089056,-0.0062613640911877155,-0.034208428114652634,-0.06979130208492279,1744178089103,-4.856250286102295,-39.67500305175781,-31.51875114440918,1001.5262451171875,73.36849342989473,23.63971499029389,55.68902272741913,66.36028500970612,-15.30407070086673,-128.46445125563184,67.24666190358029,0.07797593911628586,231.53554874436816,-0.621567190857184
1744178089831,1744178089127,3.5473594665527344,8.584251403808594,2.7290141582489014,1744178089056,-0.0062613640911877155,-0.034208428114652634,-0.06979130208492279,1744178089103,-4.856250286102295,-39.67500305175781,-31.51875114440918,1001.5262451171875,72.36405072117165,22.45239101948252,52.428606326687905,67.54760898051748,-16.37336672057114,-128.46445125563184,68.50456633114372,0.07797593911628586,231.53554874436816,-0.621567190857184
1744178089889,1744178089127,3.5473594665527344,8.584251403808594,2.7290141582489014,1744178089160,0.0435241162776947,0.006719512399286032,-0.0027488914784044027,1744178089103,-4.856250286102295,-39.67500305175781,-31.51875114440918,1001.5262451171875,72.36405072117165,22.45239101948252,52.428606326687905,67.54760898051748,-16.37336672057114,-128.46445125563184,68.50456633114372,0.044125468258121546,231.53554874436816,-0.621567190857184
1744178089892,1744178089127,3.5473594665527344,8.584251403808594,2.7290141582489014,1744178089160,0.0435241162776947,0.006719512399286032,-0.0027488914784044027,1744178089203,-5.53125,-40.275001525878906,-31.500001907348633,1001.5262451171875,72.36405072117165,22.45239101948252,52.428606326687905,67.54760898051748,-16.37336672057114,-128.02977759688704,68.50456633114372,0.044125468258121546,231.97022240311296,-0.621567190857184
1744178089950,1744178089127,3.5473594665527344,8.584251403808594,2.7290141582489014,1744178089160,0.0435241162776947,0.006719512399286032,-0.0027488914784044027,1744178089203,-5.53125,-40.275001525878906,-31.500001907348633,1001.5224609375,72.36405072117165,22.45239101948252,52.428606326687905,67.54760898051748,-16.37336672057114,-128.02977759688704,68.50456633114372,0.044125468258121546,231.97022240311296,-0.5896928523647094
1744178089963,1744178089127,3.5473594665527344,8.584251403808594,2.7290141582489014,1744178089264,0.011759147047996521,0.05482511222362518,0.02412915788590908,1744178089203,-5.53125,-40.275001525878906,-31.500001907348633,1001.5224609375,72.36405072117165,22.45239101948252,52.428606326687905,67.54760898051748,-16.37336672057114,-128.02977759688704,68.50456633114372,0.06104331847067809,231.97022240311296,-0.5896928523647094
1744178089981,1744178089257,3.5060834884643555,8.682356834411621,2.8187451362609863,1744178089264,0.011759147047996521,0.05482511222362518,0.02412915788590908,1744178089203,-5.53125,-40.275001525878906,-31.500001907348633,1001.5224609375,72.01387058719412,21.989694864202196,51.202167427456025,68.01030513579781,-16.75358239336142,-128.02977759688704,68.9890658088586,0.06104331847067809,231.97022240311296,-0.5896928523647094
1744178090045,1744178089257,3.5060834884643555,8.682356834411621,2.8187451362609863,1744178089264,0.011759147047996521,0.05482511222362518,0.02412915788590908,1744178089303,-4.40625,-40.125,-31.856250762939453,1001.5224609375,72.01387058719412,21.989694864202196,51.202167427456025,68.01030513579781,-16.75358239336142,-128.44694835222973,68.9890658088586,0.06104331847067809,231.55305164777027,-0.5896928523647094
1744178090089,1744178089257,3.5060834884643555,8.682356834411621,2.8187451362609863,1744178089369,-0.022907428443431854,0.03130681812763214,0.05849030241370201,1744178089303,-4.40625,-40.125,-31.856250762939453,1001.5224609375,72.01387058719412,21.989694864202196,51.202167427456025,68.01030513579781,-16.75358239336142,-128.44694835222973,68.9890658088586,0.07018534473530712,231.55305164777027,-0.5896928523647094
1744178090104,1744178089257,3.5060834884643555,8.682356834411621,2.8187451362609863,1744178089369,-0.022907428443431854,0.03130681812763214,0.05849030241370201,1744178089403,-6.637500286102295,-40.06875228881836,-30.993751525878906,1001.5224609375,72.01387058719412,21.989694864202196,51.202167427456025,68.01030513579781,-16.75358239336142,-127.7224628887899,68.9890658088586,0.07018534473530712,232.2775371112101,-0.5896928523647094
1744178090106,1744178089387,3.260220766067505,9.097511291503906,3.108874797821045,1744178089369,-0.022907428443431854,0.03130681812763214,0.05849030241370201,1744178089403,-6.637500286102295,-40.06875228881836,-30.993751525878906,1001.5224609375,71.13326311745234,19.715852912239768,46.361237800380025,70.28414708776023,-17.832724068007494,-127.7224628887899,71.26767347922981,0.07018534473530712,232.2775371112101,-0.5896928523647094
1744178090125,1744178089387,3.260220766067505,9.097511291503906,3.108874797821045,1744178089369,-0.022907428443431854,0.03130681812763214,0.05849030241370201,1744178089403,-6.637500286102295,-40.06875228881836,-30.993751525878906,1001.5187377929688,71.13326311745234,19.715852912239768,46.361237800380025,70.28414708776023,-17.832724068007494,-127.7224628887899,71.26767347922981,0.07018534473530712,232.2775371112101,-0.5583325209341039
1744178090162,1744178089387,3.260220766067505,9.097511291503906,3.108874797821045,1744178089472,-0.03894263133406639,0.030390523374080658,0.11224640160799026,1744178089403,-6.637500286102295,-40.06875228881836,-30.993751525878906,1001.5187377929688,71.13326311745234,19.715852912239768,46.361237800380025,70.28414708776023,-17.832724068007494,-127.7224628887899,71.26767347922981,0.1226350974236731,232.2775371112101,-0.5583325209341039
1744178090236,1744178089387,3.260220766067505,9.097511291503906,3.108874797821045,1744178089472,-0.03894263133406639,0.030390523374080658,0.11224640160799026,1744178089503,-4.650000095367432,-39.9375,-31.575000762939453,1001.5187377929688,71.13326311745234,19.715852912239768,46.361237800380025,70.28414708776023,-17.832724068007494,-128.3302613163703,71.26767347922981,0.1226350974236731,231.6697386836297,-0.5583325209341039
1744178090241,1744178089517,2.073979139328003,11.22233772277832,3.150151014328003,1744178089472,-0.03894263133406639,0.030390523374080658,0.11224640160799026,1744178089503,-4.650000095367432,-39.9375,-31.575000762939453,1001.5187377929688,74.32037589061649,10.470587694055071,33.359888386210315,79.52941230594493,-15.431073057214887,-128.3302613163703,79.91089080100734,0.1226350974236731,231.6697386836297,-0.5583325209341039
1744178090273,1744178089517,2.073979139328003,11.22233772277832,3.150151014328003,1744178089576,-0.23976442217826843,0.033139415085315704,0.2793179154396057,1744178089503,-4.650000095367432,-39.9375,-31.575000762939453,1001.5187377929688,74.32037589061649,10.470587694055071,33.359888386210315,79.52941230594493,-15.431073057214887,-128.3302613163703,79.91089080100734,0.36959937345753513,231.6697386836297,-0.5583325209341039
1744178090355,1744178089517,2.073979139328003,11.22233772277832,3.150151014328003,1744178089576,-0.23976442217826843,0.033139415085315704,0.2793179154396057,1744178089503,-4.650000095367432,-39.9375,-31.575000762939453,1001.5174560546875,74.32037589061649,10.470587694055071,33.359888386210315,79.52941230594493,-15.431073057214887,-128.3302613163703,79.91089080100734,0.36959937345753513,231.6697386836297,-0.5475363194241312
1744178090391,1744178089647,2.3228325843811035,12.978670120239258,5.44426965713501,1744178089576,-0.23976442217826843,0.033139415085315704,0.2793179154396057,1744178089503,-4.650000095367432,-39.9375,-31.575000762939453,1001.5174560546875,67.24301113554696,10.146971962115327,23.105830030651905,79.85302803788468,-22.43657290833164,-128.3302613163703,80.62834444276588,0.36959937345753513,231.6697386836297,-0.5475363194241312
1744178090399,1744178089647,2.3228325843811035,12.978670120239258,5.44426965713501,1744178089680,-0.9569196701049805,-0.38041603565216064,1.0409135818481445,1744178089503,-4.650000095367432,-39.9375,-31.575000762939453,1001.5174560546875,67.24301113554696,10.146971962115327,23.105830030651905,79.85302803788468,-22.43657290833164,-128.3302613163703,80.62834444276588,1.4642106064672065,231.6697386836297,-0.5475363194241312
1744178090400,1744178089647,2.3228325843811035,12.978670120239258,5.44426965713501,1744178089680,-0.9569196701049805,-0.38041603565216064,1.0409135818481445,1744178089703,1.6875001192092896,-43.03125,-28.631250381469727,1001.5174560546875,67.24301113554696,10.146971962115327,23.105830030651905,79.85302803788468,-22.43657290833164,-123.63818520627864,80.62834444276588,1.4642106064672065,236.36181479372135,-0.5475363194241312
1744178090481,1744178089647,2.3228325843811035,12.978670120239258,5.44426965713501,1744178089680,-0.9569196701049805,-0.38041603565216064,1.0409135818481445,1744178089703,1.6875001192092896,-43.03125,-28.631250381469727,1001.5174560546875,67.24301113554696,10.146971962115327,23.105830030651905,79.85302803788468,-22.43657290833164,-123.63818520627864,80.62834444276588,1.4642106064672065,236.36181479372135,-0.5475363194241312
1744178090488,1744178089647,2.3228325843811035,12.978670120239258,5.44426965713501,1744178089784,-1.1331541538238525,-0.7307469844818115,0.9721912741661072,1744178089703,1.6875001192092896,-43.03125,-28.631250381469727,1001.5174560546875,67.24301113554696,10.146971962115327,23.105830030651905,79.85302803788468,-22.43657290833164,-123.63818520627864,80.62834444276588,1.6622831784092118,236.36181479372135,-0.5475363194241312
1744178090506,1744178089799,0.8452646136283875,10.201799392700195,4.564309120178223,1744178089784,-1.1331541538238525,-0.7307469844818115,0.9721912741661072,1744178089703,1.6875001192092896,-43.03125,-28.631250381469727,1001.5174560546875,65.89614526139324,4.736392604730842,10.49174625418625,85.26360739526916,-24.030875634590874,-123.63818520627864,85.6749476867932,1.6622831784092118,236.36181479372135,-0.5475363194241312
1744178090580,1744178089799,0.8452646136283875,10.201799392700195,4.564309120178223,1744178089888,-0.8287907838821411,-0.8903354406356812,0.5574141144752502,1744178089703,1.6875001192092896,-43.03125,-28.631250381469727,1001.5174560546875,65.89614526139324,4.736392604730842,10.49174625418625,85.26360739526916,-24.030875634590874,-123.63818520627864,85.6749476867932,1.3380216198986226,236.36181479372135,-0.5475363194241312
1744178090594,1744178089799,0.8452646136283875,10.201799392700195,4.564309120178223,1744178089888,-0.8287907838821411,-0.8903354406356812,0.5574141144752502,1744178089703,1.6875001192092896,-43.03125,-28.631250381469727,1001.5162353515625,65.89614526139324,4.736392604730842,10.49174625418625,85.26360739526916,-24.030875634590874,-123.63818520627864,85.6749476867932,1.3380216198986226,236.36181479372135,-0.5372542123446022
1744178090608,1744178089799,0.8452646136283875,10.201799392700195,4.564309120178223,1744178089888,-0.8287907838821411,-0.8903354406356812,0.5574141144752502,1744178089903,13.875000953674316,-46.96875,-18.65625,1001.5162353515625,65.89614526139324,4.736392604730842,10.49174625418625,85.26360739526916,-24.030875634590874,-111.66325251794966,85.6749476867932,1.3380216198986226,248.33674748205033,-0.5372542123446022
1744178090681,1744178089929,1.9680966138839722,10.741978645324707,3.047259569168091,1744178089888,-0.8287907838821411,-0.8903354406356812,0.5574141144752502,1744178089903,13.875000953674316,-46.96875,-18.65625,1001.5162353515625,74.16254429877668,10.382323934525223,32.85671451845573,79.61767606547478,-15.590859538412527,-111.66325251794966,80.00369047771012,1.3380216198986226,248.33674748205033,-0.5372542123446022
1744178090687,1744178089929,1.9680966138839722,10.741978645324707,3.047259569168091,1744178089992,-0.05513054504990578,-1.0360267162322998,0.9179770350456238,1744178089903,13.875000953674316,-46.96875,-18.65625,1001.5162353515625,74.16254429877668,10.382323934525223,32.85671451845573,79.61767606547478,-15.590859538412527,-111.66325251794966,80.00369047771012,1.3853059483795398,248.33674748205033,-0.5372542123446022
1744178090699,1744178089929,1.9680966138839722,10.741978645324707,3.047259569168091,1744178089992,-0.05513054504990578,-1.0360267162322998,0.9179770350456238,1744178090003,18.84375,-46.01250076293945,-15.112500190734863,1001.5162353515625,74.16254429877668,10.382323934525223,32.85671451845573,79.61767606547478,-15.590859538412527,-108.1824224693431,80.00369047771012,1.3853059483795398,251.8175775306569,-0.5372542123446022
1744178090769,1744178089929,1.9680966138839722,10.741978645324707,3.047259569168091,1744178089992,-0.05513054504990578,-1.0360267162322998,0.9179770350456238,1744178090003,18.84375,-46.01250076293945,-15.112500190734863,1001.5099487304688,74.16254429877668,10.382323934525223,32.85671451845573,79.61767606547478,-15.590859538412527,-108.1824224693431,80.00369047771012,1.3853059483795398,251.8175775306569,-0.4843012001769531
1744178090774,1744178090058,-0.6185446381568909,7.774878978729248,2.4777679443359375,1744178089992,-0.05513054504990578,-1.0360267162322998,0.9179770350456238,1744178090003,18.84375,-46.01250076293945,-15.112500190734863,1001.5099487304688,72.32349486482516,-4.5486894386964245,-14.01671217829276,94.54868943869643,-17.62428047287436,-108.1824224693431,94.33476666974111,1.3853059483795398,251.8175775306569,-0.4843012001769531
1744178090782,1744178090058,-0.6185446381568909,7.774878978729248,2.4777679443359375,1744178090096,0.06062832847237587,-0.8826996088027954,0.6165152788162231,1744178090003,18.84375,-46.01250076293945,-15.112500190734863,1001.5099487304688,72.32349486482516,-4.5486894386964245,-14.01671217829276,94.54868943869643,-17.62428047287436,-108.1824224693431,94.33476666974111,1.0783902274259571,251.8175775306569,-0.4843012001769531
1744178090836,1744178090058,-0.6185446381568909,7.774878978729248,2.4777679443359375,1744178090096,0.06062832847237587,-0.8826996088027954,0.6165152788162231,1744178090103,23.17500114440918,-44.306251525878906,-12.90000057220459,1001.5099487304688,72.32349486482516,-4.5486894386964245,-14.01671217829276,94.54868943869643,-17.62428047287436,-106.23319963584346,94.33476666974111,1.0783902274259571,253.76680036415655,-0.4843012001769531
1744178090891,1744178090058,-0.6185446381568909,7.774878978729248,2.4777679443359375,1744178090200,0.4228711426258087,-1.4080432653427124,0.6507236957550049,1744178090103,23.17500114440918,-44.306251525878906,-12.90000057220459,1001.5099487304688,72.32349486482516,-4.5486894386964245,-14.01671217829276,94.54868943869643,-17.62428047287436,-106.23319963584346,94.33476666974111,1.6077459900617626,253.76680036415655,-0.4843012001769531
1744178090892,1744178090058,-0.6185446381568909,7.774878978729248,2.4777679443359375,1744178090200,0.4228711426258087,-1.4080432653427124,0.6507236957550049,1744178090203,27.76875114440918,-43.42500305175781,-11.53125,1001.5099487304688,72.32349486482516,-4.5486894386964245,-14.01671217829276,94.54868943869643,-17.62428047287436,-104.87134804540676,94.33476666974111,1.6077459900617626,255.12865195459324,-0.4843012001769531
1744178090892,1744178090188,-1.414756417274475,8.274380683898926,-1.4225330352783203,1744178090200,0.4228711426258087,-1.4080432653427124,0.6507236957550049,1744178090203,27.76875114440918,-43.42500305175781,-11.53125,1001.5099487304688,99.75493939550742,-9.702628068385447,-135.15703941462908,99.70262806838545,9.618027164943799,-104.87134804540676,99.56495256161558,1.6077459900617626,255.12865195459324,-0.4843012001769531
1744178090913,1744178090188,-1.414756417274475,8.274380683898926,-1.4225330352783203,1744178090200,0.4228711426258087,-1.4080432653427124,0.6507236957550049,1744178090203,27.76875114440918,-43.42500305175781,-11.53125,1001.5025024414062,99.75493939550742,-9.702628068385447,-135.15703941462908,99.70262806838545,9.618027164943799,-104.87134804540676,99.56495256161558,1.6077459900617626,255.12865195459324,-0.4215798084437039
1744178090989,1744178090188,-1.414756417274475,8.274380683898926,-1.4225330352783203,1744178090304,0.4350884258747101,-1.2715150117874146,0.5910117030143738,1744178090203,27.76875114440918,-43.42500305175781,-11.53125,1001.5025024414062,99.75493939550742,-9.702628068385447,-135.15703941462908,99.70262806838545,9.618027164943799,-104.87134804540676,99.56495256161558,1.468110076469347,255.12865195459324,-0.4215798084437039
1744178091060,1744178090319,0.7022934556007385,8.003393173217773,-0.8087740540504456,1744178090304,0.4350884258747101,-1.2715150117874146,0.5910117030143738,1744178090203,27.76875114440918,-43.42500305175781,-11.53125,1001.5025024414062,95.77037275964308,5.014828883957343,139.03080643730337,84.98517111604266,5.74843260376773,-104.87134804540676,85.01045349905846,1.468110076469347,255.12865195459324,-0.4215798084437039
1744178091089,1744178090319,0.7022934556007385,8.003393173217773,-0.8087740540504456,1744178090304,0.4350884258747101,-1.2715150117874146,0.5910117030143738,1744178090203,27.76875114440918,-43.42500305175781,-11.53125,1001.4924926757812,95.77037275964308,5.014828883957343,139.03080643730337,84.98517111604266,5.74843260376773,-104.87134804540676,85.01045349905846,1.468110076469347,255.12865195459324,-0.3372652114863528
1744178091097,1744178090319,0.7022934556007385,8.003393173217773,-0.8087740540504456,1744178090304,0.4350884258747101,-1.2715150117874146,0.5910117030143738,1744178090403,35.625,-39.73125076293945,-7.762500286102295,1001.4924926757812,95.77037275964308,5.014828883957343,139.03080643730337,84.98517111604266,5.74843260376773,-101.05491634527509,85.01045349905846,1.468110076469347,258.9450836547249,-0.3372652114863528
1744178091149,1744178090319,0.7022934556007385,8.003393173217773,-0.8087740540504456,1744178090408,0.39858928322792053,-0.8660535216331482,0.14248420298099518,1744178090403,35.625,-39.73125076293945,-7.762500286102295,1001.4924926757812,95.77037275964308,5.014828883957343,139.03080643730337,84.98517111604266,5.74843260376773,-101.05491634527509,85.01045349905846,0.9639625859629899,258.9450836547249,-0.3372652114863528
1744178091187,1744178090449,-2.3850460052490234,7.3776702880859375,-1.5954145193099976,1744178090408,0.39858928322792053,-0.8660535216331482,0.14248420298099518,1744178090403,35.625,-39.73125076293945,-7.762500286102295,1001.4924926757812,102.20226836915505,-17.914931678717107,-123.77951443256622,107.91493167871711,11.62713395492194,-101.05491634527509,107.53525181176386,0.9639625859629899,258.9450836547249,-0.3372652114863528
1744178091195,1744178090449,-2.3850460052490234,7.3776702880859375,-1.5954145193099976,1744178090408,0.39858928322792053,-0.8660535216331482,0.14248420298099518,1744178090503,34.16250228881836,-40.80000305175781,-6.937500476837158,1001.4924926757812,102.20226836915505,-17.914931678717107,-123.77951443256622,107.91493167871711,11.62713395492194,-99.65009254187494,107.53525181176386,0.9639625859629899,260.3499074581251,-0.3372652114863528
1744178091219,1744178090449,-2.3850460052490234,7.3776702880859375,-1.5954145193099976,1744178090512,0.11423171311616898,-0.6582068204879761,-0.6789761781692505,1744178090503,34.16250228881836,-40.80000305175781,-6.937500476837158,1001.4924926757812,102.20226836915505,-17.914931678717107,-123.77951443256622,107.91493167871711,11.62713395492194,-99.65009254187494,107.53525181176386,0.9525196865890317,260.3499074581251,-0.3372652114863528
1744178091240,1744178090449,-2.3850460052490234,7.3776702880859375,-1.5954145193099976,1744178090512,0.11423171311616898,-0.6582068204879761,-0.6789761781692505,1744178090503,34.16250228881836,-40.80000305175781,-6.937500476837158,1001.47998046875,102.20226836915505,-17.914931678717107,-123.77951443256622,107.91493167871711,11.62713395492194,-99.65009254187494,107.53525181176386,0.9525196865890317,260.3499074581251,-0.2318710057265938
1744178091288,1744178090449,-2.3850460052490234,7.3776702880859375,-1.5954145193099976,1744178090512,0.11423171311616898,-0.6582068204879761,-0.6789761781692505,1744178090603,29.062501907348633,-41.04375076293945,-3.6000001430511475,1001.47998046875,102.20226836915505,-17.914931678717107,-123.77951443256622,107.91493167871711,11.62713395492194,-95.01265816645713,107.53525181176386,0.9525196865890317,264.98734183354287,-0.2318710057265938
1744178091307,1744178090600,0.9218349456787109,10.4219388961792,-1.7341982126235962,1744178090512,0.11423171311616898,-0.6582068204879761,-0.6789761781692505,1744178090603,29.062501907348633,-41.04375076293945,-3.6000001430511475,1001.47998046875,99.44738919441555,5.054736371030458,152.0065581170839,84.94526362896954,9.411306676749005,-95.01265816645713,85.0134743151786,0.9525196865890317,264.98734183354287,-0.2318710057265938
1744178091320,1744178090600,0.9218349456787109,10.4219388961792,-1.7341982126235962,1744178090616,-0.17027856409549713,-0.28817546367645264,-0.37659814953804016,1744178090603,29.062501907348633,-41.04375076293945,-3.6000001430511475,1001.47998046875,99.44738919441555,5.054736371030458,152.0065581170839,84.94526362896954,9.411306676749005,-95.01265816645713,85.0134743151786,0.5038512215833547,264.98734183354287,-0.2318710057265938
1744178091391,1744178090600,0.9218349456787109,10.4219388961792,-1.7341982126235962,1744178090616,-0.17027856409549713,-0.28817546367645264,-0.37659814953804016,1744178090603,29.062501907348633,-41.04375076293945,-3.6000001430511475,1001.469970703125,99.44738919441555,5.054736371030458,152.0065581170839,84.94526362896954,9.411306676749005,-95.01265816645713,85.0134743151786,0.5038512215833547,264.98734183354287,-0.1475548734506127
1744178091426,1744178090600,0.9218349456787109,10.4219388961792,-1.7341982126235962,1744178090721,0.04413498193025589,-0.18631376326084137,0.33399030566215515,1744178090603,29.062501907348633,-41.04375076293945,-3.6000001430511475,1001.469970703125,99.44738919441555,5.054736371030458,152.0065581170839,84.94526362896954,9.411306676749005,-95.01265816645713,85.0134743151786,0.38498082976519843,264.98734183354287,-0.1475548734506127
1744178091447,1744178090730,-0.2667997181415558,9.489934921264648,-1.2550355195999146,1744178090721,0.04413498193025589,-0.18631376326084137,0.33399030566215515,1744178090603,29.062501907348633,-41.04375076293945,-3.6000001430511475,1001.469970703125,97.53359881929332,-1.6103874686796478,-167.9985287450226,91.61038746867966,7.530657479485173,-95.01265816645713,91.5964940692701,0.38498082976519843,264.98734183354287,-0.1475548734506127
1744178091511,1744178090730,-0.2667997181415558,9.489934921264648,-1.2550355195999146,1744178090721,0.04413498193025589,-0.18631376326084137,0.33399030566215515,1744178090803,30.843751907348633,-39.50625228881836,-3.375000238418579,1001.469970703125,97.53359881929332,-1.6103874686796478,-167.9985287450226,91.61038746867966,7.530657479485173,-94.88289528409172,91.5964940692701,0.38498082976519843,265.1171047159083,-0.1475548734506127
1744178091511,1744178090730,-0.2667997181415558,9.489934921264648,-1.2550355195999146,1744178090824,0.1003345400094986,-0.11163553595542908,0.1614210158586502,1744178090803,30.843751907348633,-39.50625228881836,-3.375000238418579,1001.469970703125,97.53359881929332,-1.6103874686796478,-167.9985287450226,91.61038746867966,7.530657479485173,-94.88289528409172,91.5964940692701,0.22042290527032843,265.1171047159083,-0.1475548734506127
1744178091553,1744178090730,-0.2667997181415558,9.489934921264648,-1.2550355195999146,1744178090824,0.1003345400094986,-0.11163553595542908,0.1614210158586502,1744178090803,30.843751907348633,-39.50625228881836,-3.375000238418579,1001.4599609375,97.53359881929332,-1.6103874686796478,-167.9985287450226,91.61038746867966,7.530657479485173,-94.88289528409172,91.5964940692701,0.22042290527032843,265.1171047159083,-0.06323805880204647
1744178091600,1744178090860,-2.4089741706848145,8.749954223632812,-0.04905286431312561,1744178090824,0.1003345400094986,-0.11163553595542908,0.1614210158586502,1744178090803,30.843751907348633,-39.50625228881836,-3.375000238418579,1001.4599609375,90.321200841037,-15.392910589478571,-91.16652713979909,105.39291058947859,0.30967903496129745,-94.88289528409172,105.39268018227837,0.22042290527032843,265.1171047159083,-0.06323805880204647
1744178091611,1744178090860,-2.4089741706848145,8.749954223632812,-0.04905286431312561,1744178090824,0.1003345400094986,-0.11163553595542908,0.1614210158586502,1744178090903,29.26875114440918,-39.39375305175781,-1.7625000476837158,1001.4599609375,90.321200841037,-15.392910589478571,-91.16652713979909,105.39291058947859,0.30967903496129745,-92.56173902308993,105.39268018227837,0.22042290527032843,267.4382609769101,-0.06323805880204647
1744178091662,1744178090860,-2.4089741706848145,8.749954223632812,-0.04905286431312561,1744178090928,0.1026252806186676,-0.13423752784729004,0.26450446248054504,1744178090903,29.26875114440918,-39.39375305175781,-1.7625000476837158,1001.4599609375,90.321200841037,-15.392910589478571,-91.16652713979909,105.39291058947859,0.30967903496129745,-92.56173902308993,105.39268018227837,0.3138698341299054,267.4382609769101,-0.06323805880204647
1744178091704,1744178090990,-2.1230318546295166,9.314062118530273,0.17527425289154053,1744178090928,0.1026252806186676,-0.13423752784729004,0.26450446248054504,1744178090903,29.26875114440918,-39.39375305175781,-1.7625000476837158,1001.4599609375,88.92192153780861,-12.84052450167045,-85.28045158030741,102.84052450167046,-1.0511244467389562,-92.56173902308993,102.83832684954605,0.3138698341299054,267.4382609769101,-0.06323805880204647
1744178091718,1744178090990,-2.1230318546295166,9.314062118530273,0.17527425289154053,1744178090928,0.1026252806186676,-0.13423752784729004,0.26450446248054504,1744178090903,29.26875114440918,-39.39375305175781,-1.7625000476837158,1001.4512329101562,88.92192153780861,-12.84052450167045,-85.28045158030741,102.84052450167046,-1.0511244467389562,-92.56173902308993,102.83832684954605,0.3138698341299054,267.4382609769101,0.01028264746833707
1744178091771,1744178090990,-2.1230318546295166,9.314062118530273,0.17527425289154053,1744178091032,0.043829549103975296,-0.16875138878822327,0.4156934916973114,1744178090903,29.26875114440918,-39.39375305175781,-1.7625000476837158,1001.4512329101562,88.92192153780861,-12.84052450167045,-85.28045158030741,102.84052450167046,-1.0511244467389562,-92.56173902308993,102.83832684954605,0.45077615246607106,267.4382609769101,0.01028264746833707
1744178091825,1744178090990,-2.1230318546295166,9.314062118530273,0.17527425289154053,1744178091032,0.043829549103975296,-0.16875138878822327,0.4156934916973114,1744178091103,34.38750076293945,-37.80000305175781,-2.512500047683716,1001.4512329101562,88.92192153780861,-12.84052450167045,-85.28045158030741,102.84052450167046,-1.0511244467389562,-93.80275654283155,102.83832684954605,0.45077615246607106,266.19724345716844,0.01028264746833707
1744178091852,1744178090990,-2.1230318546295166,9.314062118530273,0.17527425289154053,1744178091137,0.036193739622831345,-0.01802051067352295,0.30222535133361816,1744178091103,34.38750076293945,-37.80000305175781,-2.512500047683716,1001.4512329101562,88.92192153780861,-12.84052450167045,-85.28045158030741,102.84052450167046,-1.0511244467389562,-93.80275654283155,102.83832684954605,0.30491783906742614,266.19724345716844,0.01028264746833707
1744178091861,1744178091121,-3.366103172302246,8.524430274963379,-0.18843477964401245,1744178091137,0.036193739622831345,-0.01802051067352295,0.30222535133361816,1744178091103,34.38750076293945,-37.80000305175781,-2.512500047683716,1001.4512329101562,91.26633208411992,-21.5479334390931,-93.20407909520242,111.54793343909311,1.1778548000406641,-93.80275654283155,111.54315297020567,0.30491783906742614,266.19724345716844,0.01028264746833707
1744178091870,1744178091121,-3.366103172302246,8.524430274963379,-0.18843477964401245,1744178091137,0.036193739622831345,-0.01802051067352295,0.30222535133361816,1744178091103,34.38750076293945,-37.80000305175781,-2.512500047683716,1001.4425048828125,91.26633208411992,-21.5479334390931,-93.20407909520242,111.54793343909311,1.1778548000406641,-93.80275654283155,111.54315297020567,0.30491783906742614,266.19724345716844,0.08380387257083899
1744178091925,1744178091121,-3.366103172302246,8.524430274963379,-0.18843477964401245,1744178091137,0.036193739622831345,-0.01802051067352295,0.30222535133361816,1744178091203,36.431251525878906,-36.76875305175781,-2.606250047683716,1001.4425048828125,91.26633208411992,-21.5479334390931,-93.20407909520242,111.54793343909311,1.1778548000406641,-94.05446961139891,111.54315297020567,0.30491783906742614,265.94553038860107,0.08380387257083899
1744178091928,1744178091121,-3.366103172302246,8.524430274963379,-0.18843477964401245,1744178091240,-0.028405211865901947,0.12935061752796173,0.03222311660647392,1744178091203,36.431251525878906,-36.76875305175781,-2.606250047683716,1001.4425048828125,91.26633208411992,-21.5479334390931,-93.20407909520242,111.54793343909311,1.1778548000406641,-94.05446961139891,111.54315297020567,0.13629661609829583,265.94553038860107,0.08380387257083899
1744178091962,1744178091250,-3.5569307804107666,7.083951473236084,0.5473581552505493,1744178091240,-0.028405211865901947,0.12935061752796173,0.03222311660647392,1744178091203,36.431251525878906,-36.76875305175781,-2.606250047683716,1001.4425048828125,85.58168582045596,-26.66173587287187,-81.25166566104892,116.66173587287187,-3.950095584566775,-94.05446961139891,116.59341388387429,0.13629661609829583,265.94553038860107,0.08380387257083899
1744178092023,1744178091250,-3.5569307804107666,7.083951473236084,0.5473581552505493,1744178091240,-0.028405211865901947,0.12935061752796173,0.03222311660647392,1744178091203,36.431251525878906,-36.76875305175781,-2.606250047683716,1001.4337158203125,85.58168582045596,-26.66173587287187,-81.25166566104892,116.66173587287187,-3.950095584566775,-94.05446961139891,116.59341388387429,0.13629661609829583,265.94553038860107,0.15783975640673797
1744178092096,1744178091250,-3.5569307804107666,7.083951473236084,0.5473581552505493,1744178091344,-0.3220784664154053,0.5006036758422852,-0.07330377399921417,1744178091203,36.431251525878906,-36.76875305175781,-2.606250047683716,1001.4337158203125,85.58168582045596,-26.66173587287187,-81.25166566104892,116.66173587287187,-3.950095584566775,-94.05446961139891,116.59341388387429,0.5997599703863495,265.94553038860107,0.15783975640673797
1744178092113,1744178091250,-3.5569307804107666,7.083951473236084,0.5473581552505493,1744178091344,-0.3220784664154053,0.5006036758422852,-0.07330377399921417,1744178091403,36.97500228881836,-37.57500076293945,-3.8812501430511475,1001.4337158203125,85.58168582045596,-26.66173587287187,-81.25166566104892,116.66173587287187,-3.950095584566775,-95.89736204234526,116.59341388387429,0.5997599703863495,264.10263795765474,0.15783975640673797
1744178092118,1744178091380,-4.0695929527282715,2.9700911045074463,-1.397408366203308,1744178091344,-0.3220784664154053,0.5006036758422852,-0.07330377399921417,1744178091403,36.97500228881836,-37.57500076293945,-3.8812501430511475,1001.4337158203125,115.19667660546025,-53.87709351303611,-108.95133993438387,143.87709351303613,15.502151278042678,-95.89736204234526,141.11143860754973,0.5997599703863495,264.10263795765474,0.15783975640673797
1744178092185,1744178091380,-4.0695929527282715,2.9700911045074463,-1.397408366203308,1744178091448,0.07834340631961823,0.6042979955673218,-0.8248201608657837,1744178091403,36.97500228881836,-37.57500076293945,-3.8812501430511475,1001.4337158203125,115.19667660546025,-53.87709351303611,-108.95133993438387,143.87709351303613,15.502151278042678,-95.89736204234526,141.11143860754973,1.0254960041516987,264.10263795765474,0.15783975640673797
1744178092201,1744178091380,-4.0695929527282715,2.9700911045074463,-1.397408366203308,1744178091448,0.07834340631961823,0.6042979955673218,-0.8248201608657837,1744178091403,36.97500228881836,-37.57500076293945,-3.8812501430511475,1001.4312133789062,115.19667660546025,-53.87709351303611,-108.95133993438387,143.87709351303613,15.502151278042678,-95.89736204234526,141.11143860754973,1.0254960041516987,264.10263795765474,0.17891951400444306
1744178092205,1744178091380,-4.0695929527282715,2.9700911045074463,-1.397408366203308,1744178091448,0.07834340631961823,0.6042979955673218,-0.8248201608657837,1744178091503,33.91875076293945,-40.61250305175781,-6.225000381469727,1001.4312133789062,115.19667660546025,-53.87709351303611,-108.95133993438387,143.87709351303613,15.502151278042678,-98.71435545502968,141.11143860754973,1.0254960041516987,261.2856445449703,0.17891951400444306
1744178092206,1744178091531,-3.305086374282837,2.864806890487671,1.5936198234558105,1744178091448,0.07834340631961823,0.6042979955673218,-0.8248201608657837,1744178091503,33.91875076293945,-40.61250305175781,-6.225000381469727,1001.4312133789062,60.91391597168825,-49.08166997365886,-64.25794083196756,139.08166997365888,-20.01922636540104,-98.71435545502968,135.23380020048543,1.0254960041516987,261.2856445449703,0.17891951400444306
1744178092260,1744178091531,-3.305086374282837,2.864806890487671,1.5936198234558105,1744178091552,0.31459537148475647,0.22937972843647003,-1.2234094142913818,1744178091503,33.91875076293945,-40.61250305175781,-6.225000381469727,1001.4312133789062,60.91391597168825,-49.08166997365886,-64.25794083196756,139.08166997365888,-20.01922636540104,-98.71435545502968,135.23380020048543,1.2838675564691253,261.2856445449703,0.17891951400444306
1744178092322,1744178091531,-3.305086374282837,2.864806890487671,1.5936198234558105,1744178091552,0.31459537148475647,0.22937972843647003,-1.2234094142913818,1744178091603,26.83125114440918,-43.875,-8.081250190734863,1001.4312133789062,60.91391597168825,-49.08166997365886,-64.25794083196756,139.08166997365888,-20.01922636540104,-100.43622917807694,135.23380020048543,1.2838675564691253,259.5637708219231,0.17891951400444306
1744178092349,1744178091531,-3.305086374282837,2.864806890487671,1.5936198234558105,1744178091656,0.30344706773757935,0.32009315490722656,-3.3206608295440674,1744178091603,26.83125114440918,-43.875,-8.081250190734863,1001.4312133789062,60.91391597168825,-49.08166997365886,-64.25794083196756,139.08166997365888,-20.01922636540104,-100.43622917807694,135.23380020048543,3.3498250843298205,259.5637708219231,0.17891951400444306
1744178092358,1744178091531,-3.305086374282837,2.864806890487671,1.5936198234558105,1744178091656,0.30344706773757935,0.32009315490722656,-3.3206608295440674,1744178091603,26.83125114440918,-43.875,-8.081250190734863,1001.4450073242188,60.91391597168825,-49.08166997365886,-64.25794083196756,139.08166997365888,-20.01922636540104,-100.43622917807694,135.23380020048543,3.3498250843298205,259.5637708219231,0.0627243074281103
1744178092391,1744178091662,3.6263227462768555,6.503692150115967,1.1425727605819702,1744178091656,0.30344706773757935,0.32009315490722656,-3.3206608295440674,1744178091603,26.83125114440918,-43.875,-8.081250190734863,1001.4450073242188,80.03592022174725,29.143123604019262,72.5115323747282,60.85687639598074,-8.723456499728515,-100.43622917807694,61.225782692663294,3.3498250843298205,259.5637708219231,0.0627243074281103
1744178092401,1744178091662,3.6263227462768555,6.503692150115967,1.1425727605819702,1744178091656,0.30344706773757935,0.32009315490722656,-3.3206608295440674,1744178091703,11.643750190734863,-49.23750305175781,-11.362500190734863,1001.4450073242188,80.03592022174725,29.143123604019262,72.5115323747282,60.85687639598074,-8.723456499728515,-102.9946162245704,61.225782692663294,3.3498250843298205,257.0053837754296,0.0627243074281103
1744178092479,1744178091662,3.6263227462768555,6.503692150115967,1.1425727605819702,1744178091760,0.30085089802742004,0.01695149764418602,-3.4099998474121094,1744178091703,11.643750190734863,-49.23750305175781,-11.362500190734863,1001.4450073242188,80.03592022174725,29.143123604019262,72.5115323747282,60.85687639598074,-8.723456499728515,-102.9946162245704,61.225782692663294,3.4232875391160023,257.0053837754296,0.0627243074281103
1744178092522,1744178091662,3.6263227462768555,6.503692150115967,1.1425727605819702,1744178091760,0.30085089802742004,0.01695149764418602,-3.4099998474121094,1744178091803,-6.393750190734863,-49.72500228881836,-12.487500190734863,1001.4450073242188,80.03592022174725,29.143123604019262,72.5115323747282,60.85687639598074,-8.723456499728515,-104.0972284245853,61.225782692663294,3.4232875391160023,255.9027715754147,0.0627243074281103
1744178092542,1744178091792,14.550156593322754,13.537394523620605,3.0424740314483643,1744178091760,0.30085089802742004,0.01695149764418602,-3.4099998474121094,1744178091803,-6.393750190734863,-49.72500228881836,-12.487500190734863,1001.4450073242188,77.3334741265954,47.06503813874728,78.1894810828653,42.93496186125272,-8.703815862221482,-104.0972284245853,43.6395160145776,3.4232875391160023,255.9027715754147,0.0627243074281103
1744178092542,1744178091792,14.550156593322754,13.537394523620605,3.0424740314483643,1744178091760,0.30085089802742004,0.01695149764418602,-3.4099998474121094,1744178091803,-6.393750190734863,-49.72500228881836,-12.487500190734863,1001.47998046875,77.3334741265954,47.06503813874728,78.1894810828653,42.93496186125272,-8.703815862221482,-104.0972284245853,43.6395160145776,3.4232875391160023,255.9027715754147,-0.2318710057265938
1744178092551,1744178091792,14.550156593322754,13.537394523620605,3.0424740314483643,1744178091864,0.3802633285522461,0.5404626131057739,-1.8428263664245605,1744178091803,-6.393750190734863,-49.72500228881836,-12.487500190734863,1001.47998046875,77.3334741265954,47.06503813874728,78.1894810828653,42.93496186125272,-8.703815862221482,-104.0972284245853,43.6395160145776,1.9577305871841262,255.9027715754147,-0.2318710057265938
1744178092628,1744178091792,14.550156593322754,13.537394523620605,3.0424740314483643,1744178091864,0.3802633285522461,0.5404626131057739,-1.8428263664245605,1744178091903,-17.45625114440918,-46.38750076293945,-12.768750190734863,1001.47998046875,77.3334741265954,47.06503813874728,78.1894810828653,42.93496186125272,-8.703815862221482,-105.39024536707781,43.6395160145776,1.9577305871841262,254.6097546329222,-0.2318710057265938
1744178092655,1744178091922,15.98764419555664,14.698511123657227,4.479363918304443,1744178091864,0.3802633285522461,0.5404626131057739,-1.8428263664245605,1744178091903,-17.45625114440918,-46.38750076293945,-12.768750190734863,1001.47998046875,73.05142609635685,47.40559553475696,74.3483707343244,42.59440446524303,-11.654154106453229,-105.39024536707781,43.86397022887315,1.9577305871841262,254.6097546329222,-0.2318710057265938
1744178092672,1744178091922,15.98764419555664,14.698511123657227,4.479363918304443,1744178091968,-0.26221370697021484,-0.07559451460838318,-0.40698865056037903,1744178091903,-17.45625114440918,-46.38750076293945,-12.768750190734863,1001.47998046875,73.05142609635685,47.40559553475696,74.3483707343244,42.59440446524303,-11.654154106453229,-105.39024536707781,43.86397022887315,0.490010530955098,254.6097546329222,-0.2318710057265938
1744178092731,1744178091922,15.98764419555664,14.698511123657227,4.479363918304443,1744178091968,-0.26221370697021484,-0.07559451460838318,-0.40698865056037903,1744178091903,-17.45625114440918,-46.38750076293945,-12.768750190734863,1001.5287475585938,73.05142609635685,47.40559553475696,74.3483707343244,42.59440446524303,-11.654154106453229,-105.39024536707781,43.86397022887315,0.490010530955098,254.6097546329222,-0.6426453288732259
1744178092769,1744178092052,7.849654674530029,7.191030025482178,-1.1886346340179443,1744178091968,-0.26221370697021484,-0.07559451460838318,-0.40698865056037903,1744178091903,-17.45625114440918,-46.38750076293945,-12.768750190734863,1001.5287475585938,99.38578684104026,47.507353952496494,98.61060354927648,42.492646047503506,6.370995820502628,-105.39024536707781,42.87749293240093,0.490010530955098,254.6097546329222,-0.6426453288732259
1744178092782,1744178092052,7.849654674530029,7.191030025482178,-1.1886346340179443,1744178092072,-0.527481734752655,0.005345067009329796,0.5074759125709534,1744178091903,-17.45625114440918,-46.38750076293945,-12.768750190734863,1001.5287475585938,99.38578684104026,47.507353952496494,98.61060354927648,42.492646047503506,6.370995820502628,-105.39024536707781,42.87749293240093,0.731981797641667,254.6097546329222,-0.6426453288732259
1744178092830,1744178092052,7.849654674530029,7.191030025482178,-1.1886346340179443,1744178092072,-0.527481734752655,0.005345067009329796,0.5074759125709534,1744178092103,-17.193750381469727,-45.73125076293945,-10.800000190734863,1001.5287475585938,99.38578684104026,47.507353952496494,98.61060354927648,42.492646047503506,6.370995820502628,-103.28764784594834,42.87749293240093,0.731981797641667,256.71235215405164,-0.6426453288732259
1744178092835,1744178092052,7.849654674530029,7.191030025482178,-1.1886346340179443,1744178092072,-0.527481734752655,0.005345067009329796,0.5074759125709534,1744178092103,-17.193750381469727,-45.73125076293945,-10.800000190734863,1001.5162353515625,99.38578684104026,47.507353952496494,98.61060354927648,42.492646047503506,6.370995820502628,-103.28764784594834,42.87749293240093,0.731981797641667,256.71235215405164,-0.5372542123446022
1744178092908,1744178092052,7.849654674530029,7.191030025482178,-1.1886346340179443,1744178092176,0.17684535682201385,0.12476912885904312,0.4169152081012726,1744178092103,-17.193750381469727,-45.73125076293945,-10.800000190734863,1001.5162353515625,99.38578684104026,47.507353952496494,98.61060354927648,42.492646047503506,6.370995820502628,-103.28764784594834,42.87749293240093,0.4697445119337504,256.71235215405164,-0.5372542123446022
1744178092909,1744178092203,4.362713813781738,7.454838752746582,1.4482558965682983,1744178092176,0.17684535682201385,0.12476912885904312,0.4169152081012726,1744178092103,-17.193750381469727,-45.73125076293945,-10.800000190734863,1001.5162353515625,79.00605788535222,30.336984771529412,71.63578649215802,59.6630152284706,-9.518193543212668,-103.28764784594834,60.12354778635453,0.4697445119337504,256.71235215405164,-0.5372542123446022
1744178092969,1744178092203,4.362713813781738,7.454838752746582,1.4482558965682983,1744178092280,0.3136790692806244,0.23747368156909943,0.5590940117835999,1744178092103,-17.193750381469727,-45.73125076293945,-10.800000190734863,1001.5162353515625,79.00605788535222,30.336984771529412,71.63578649215802,59.6630152284706,-9.518193543212668,-103.28764784594834,60.12354778635453,0.6836478786297965,256.71235215405164,-0.5372542123446022
1744178092990,1744178092203,4.362713813781738,7.454838752746582,1.4482558965682983,1744178092280,0.3136790692806244,0.23747368156909943,0.5590940117835999,1744178092103,-17.193750381469727,-45.73125076293945,-10.800000190734863,1001.4824829101562,79.00605788535222,30.336984771529412,71.63578649215802,59.6630152284706,-9.518193543212668,-103.28764784594834,60.12354778635453,0.6836478786297965,256.71235215405164,-0.2529499321662598
1744178093004,1744178092203,4.362713813781738,7.454838752746582,1.4482558965682983,1744178092280,0.3136790692806244,0.23747368156909943,0.5590940117835999,1744178092303,-12.862500190734863,-47.15625,-11.850000381469727,1001.4824829101562,79.00605788535222,30.336984771529412,71.63578649215802,59.6630152284706,-9.518193543212668,-104.10590764936575,60.12354778635453,0.6836478786297965,255.89409235063425,-0.2529499321662598
1744178093077,1744178092333,5.672185897827148,7.196413993835449,1.1312068700790405,1744178092280,0.3136790692806244,0.23747368156909943,0.5590940117835999,1744178092303,-12.862500190734863,-47.15625,-11.850000381469727,1001.4824829101562,81.0667540778897,38.24504308296978,78.72144590415712,51.75495691703022,-7.037708008086187,-104.10590764936575,52.094416252038904,0.6836478786297965,255.89409235063425,-0.2529499321662598
1744178093081,1744178092333,5.672185897827148,7.196413993835449,1.1312068700790405,1744178092384,0.3970620930194855,-0.10094540566205978,0.3075704276561737,1744178092303,-12.862500190734863,-47.15625,-11.850000381469727,1001.4824829101562,81.0667540778897,38.24504308296978,78.72144590415712,51.75495691703022,-7.037708008086187,-104.10590764936575,52.094416252038904,0.5122966412205862,255.89409235063425,-0.2529499321662598
1744178093089,1744178092333,5.672185897827148,7.196413993835449,1.1312068700790405,1744178092384,0.3970620930194855,-0.10094540566205978,0.3075704276561737,1744178092403,-11.02500057220459,-47.32500076293945,-14.006250381469727,1001.4824829101562,81.0667540778897,38.24504308296978,78.72144590415712,51.75495691703022,-7.037708008086187,-106.4865831986896,52.094416252038904,0.5122966412205862,253.5134168013104,-0.2529499321662598
1744178093167,1744178092333,5.672185897827148,7.196413993835449,1.1312068700790405,1744178092384,0.3970620930194855,-0.10094540566205978,0.3075704276561737,1744178092403,-11.02500057220459,-47.32500076293945,-14.006250381469727,1001.4837036132812,81.0667540778897,38.24504308296978,78.72144590415712,51.75495691703022,-7.037708008086187,-106.4865831986896,52.094416252038904,0.5122966412205862,253.5134168013104,-0.26323231983711226
1744178093183,1744178092463,7.1850481033325195,7.919046401977539,1.5493526458740234,1744178092384,0.3970620930194855,-0.10094540566205978,0.3075704276561737,1744178092403,-11.02500057220459,-47.32500076293945,-14.006250381469727,1001.4837036132812,78.92997858752493,42.21784406039603,77.83131247907696,47.78215593960397,-8.244588182895871,-106.4865831986896,48.31716737563398,0.5122966412205862,253.5134168013104,-0.26323231983711226
1744178093189,1744178092463,7.1850481033325195,7.919046401977539,1.5493526458740234,1744178092487,0.17684535682201385,-0.1026252806186676,0.3006981909275055,1744178092403,-11.02500057220459,-47.32500076293945,-14.006250381469727,1001.4837036132812,78.92997858752493,42.21784406039603,77.83131247907696,47.78215593960397,-8.244588182895871,-106.4865831986896,48.31716737563398,0.3636284236396272,253.5134168013104,-0.26323231983711226
1744178093191,1744178092463,7.1850481033325195,7.919046401977539,1.5493526458740234,1744178092487,0.17684535682201385,-0.1026252806186676,0.3006981909275055,1744178092503,-9.956250190734863,-47.45625305175781,-15.075000762939453,1001.4837036132812,78.92997858752493,42.21784406039603,77.83131247907696,47.78215593960397,-8.244588182895871,-107.62302274602011,48.31716737563398,0.3636284236396272,252.37697725397987,-0.26323231983711226
1744178093288,1744178092463,7.1850481033325195,7.919046401977539,1.5493526458740234,1744178092592,-0.08888082206249237,0.06230820715427399,0.2306014597415924,1744178092503,-9.956250190734863,-47.45625305175781,-15.075000762939453,1001.4837036132812,78.92997858752493,42.21784406039603,77.83131247907696,47.78215593960397,-8.244588182895871,-107.62302274602011,48.31716737563398,0.2548708426718082,252.37697725397987,-0.26323231983711226
1744178093291,1744178092463,7.1850481033325195,7.919046401977539,1.5493526458740234,1744178092592,-0.08888082206249237,0.06230820715427399,0.2306014597415924,1744178092603,-7.800000190734863,-47.775001525878906,-15.52500057220459,1001.4837036132812,78.92997858752493,42.21784406039603,77.83131247907696,47.78215593960397,-8.244588182895871,-108.0021278319522,48.31716737563398,0.2548708426718082,251.99787216804782,-0.26323231983711226
1744178093303,1744178092593,6.149554252624512,7.256234645843506,1.3651052713394165,1744178092592,-0.08888082206249237,0.06230820715427399,0.2306014597415924,1744178092603,-7.800000190734863,-47.775001525878906,-15.52500057220459,1001.4837036132812,79.34555570453115,40.28079530812826,77.484176497415,49.71920469187173,-8.167346467496559,-108.0021278319522,50.209929617879155,0.2548708426718082,251.99787216804782,-0.26323231983711226
1744178093396,1744178092593,6.149554252624512,7.256234645843506,1.3651052713394165,1744178092592,-0.08888082206249237,0.06230820715427399,0.2306014597415924,1744178092603,-7.800000190734863,-47.775001525878906,-15.52500057220459,1001.489990234375,79.34555570453115,40.28079530812826,77.484176497415,49.71920469187173,-8.167346467496559,-108.0021278319522,50.209929617879155,0.2548708426718082,251.99787216804782,-0.3161864556299898
1744178093396,1744178092593,6.149554252624512,7.256234645843506,1.3651052713394165,1744178092696,0.040317077189683914,0.23044873774051666,0.4984656572341919,1744178092603,-7.800000190734863,-47.775001525878906,-15.52500057220459,1001.489990234375,79.34555570453115,40.28079530812826,77.484176497415,49.71920469187173,-8.167346467496559,-108.0021278319522,50.209929617879155,0.550636085705642,251.99787216804782,-0.3161864556299898
1744178093415,1744178092593,6.149554252624512,7.256234645843506,1.3651052713394165,1744178092696,0.040317077189683914,0.23044873774051666,0.4984656572341919,1744178092703,-6.525000095367432,-48.50625228881836,-15.24375057220459,1001.489990234375,79.34555570453115,40.28079530812826,77.484176497415,49.71920469187173,-8.167346467496559,-107.44603645228614,50.209929617879155,0.550636085705642,252.55396354771386,-0.3161864556299898
1744178093460,1744178092723,3.6466617584228516,7.785048484802246,1.8197416067123413,1744178092696,0.040317077189683914,0.23044873774051666,0.4984656572341919,1744178092703,-6.525000095367432,-48.50625228881836,-15.24375057220459,1001.489990234375,76.84343324039455,25.099267112745466,63.48008185344382,64.90073288725453,-11.951742165436764,-107.44603645228614,65.48115885625938,0.550636085705642,252.55396354771386,-0.3161864556299898
1744178093471,1744178092723,3.6466617584228516,7.785048484802246,1.8197416067123413,1744178092696,0.040317077189683914,0.23044873774051666,0.4984656572341919,1744178092703,-6.525000095367432,-48.50625228881836,-15.24375057220459,1001.4949951171875,76.84343324039455,25.099267112745466,63.48008185344382,64.90073288725453,-11.951742165436764,-107.44603645228614,65.48115885625938,0.550636085705642,252.55396354771386,-0.3583439246919684
1744178093491,1744178092723,3.6466617584228516,7.785048484802246,1.8197416067123413,1744178092799,0.09850194305181503,-0.16814053058624268,-0.3367392122745514,1744178092703,-6.525000095367432,-48.50625228881836,-15.24375057220459,1001.4949951171875,76.84343324039455,25.099267112745466,63.48008185344382,64.90073288725453,-11.951742165436764,-107.44603645228614,65.48115885625938,0.3890593372405957,252.55396354771386,-0.3583439246919684
1744178093500,1744178092723,3.6466617584228516,7.785048484802246,1.8197416067123413,1744178092799,0.09850194305181503,-0.16814053058624268,-0.3367392122745514,1744178092803,-6.581250190734863,-48.22500228881836,-15.637500762939453,1001.4949951171875,76.84343324039455,25.099267112745466,63.48008185344382,64.90073288725453,-11.951742165436764,-107.96587107236546,65.48115885625938,0.3890593372405957,252.03412892763453,-0.3583439246919684
1744178093566,1744178092854,3.8907296657562256,8.634500503540039,2.8342983722686768,1744178092799,0.09850194305181503,-0.16814053058624268,-0.3367392122745514,1744178092803,-6.581250190734863,-48.22500228881836,-15.637500762939453,1001.4949951171875,71.82743662550229,24.256458166438726,53.9276066227947,65.74354183356127,-16.661031490479765,-107.96587107236546,66.82290794659299,0.3890593372405957,252.03412892763453,-0.3583439246919684
1744178093590,1744178092854,3.8907296657562256,8.634500503540039,2.8342983722686768,1744178092904,-0.22769984602928162,-0.05971203371882439,-0.28817546367645264,1744178092803,-6.581250190734863,-48.22500228881836,-15.637500762939453,1001.4949951171875,71.82743662550229,24.256458166438726,53.9276066227947,65.74354183356127,-16.661031490479765,-107.96587107236546,66.82290794659299,0.37209924041542336,252.03412892763453,-0.3583439246919684
1744178093601,1744178092854,3.8907296657562256,8.634500503540039,2.8342983722686768,1744178092904,-0.22769984602928162,-0.05971203371882439,-0.28817546367645264,1744178092903,-7.481250286102295,-47.73750305175781,-15.375000953674316,1001.4949951171875,71.82743662550229,24.256458166438726,53.9276066227947,65.74354183356127,-16.661031490479765,-107.85239177537889,66.82290794659299,0.37209924041542336,252.1476082246211,-0.3583439246919684
1744178093663,1744178092854,3.8907296657562256,8.634500503540039,2.8342983722686768,1744178092904,-0.22769984602928162,-0.05971203371882439,-0.28817546367645264,1744178092903,-7.481250286102295,-47.73750305175781,-15.375000953674316,1001.4987182617188,71.82743662550229,24.256458166438726,53.9276066227947,65.74354183356127,-16.661031490479765,-107.85239177537889,66.82290794659299,0.37209924041542336,252.1476082246211,-0.38970485810543964
1744178093717,1744178092984,3.4025938510894775,9.400801658630371,1.9010975360870361,1744178092904,-0.22769984602928162,-0.05971203371882439,-0.28817546367645264,1744178092903,-7.481250286102295,-47.73750305175781,-15.375000953674316,1001.4987182617188,78.56742065791948,19.897581311371386,60.807030518627464,70.10241868862862,-10.766522480652876,-107.85239177537889,70.46706195921557,0.37209924041542336,252.1476082246211,-0.38970485810543964
1744178093728,1744178092984,3.4025938510894775,9.400801658630371,1.9010975360870361,1744178093008,-0.11163553595542908,-0.4552469849586487,0.08323032408952713,1744178092903,-7.481250286102295,-47.73750305175781,-15.375000953674316,1001.4987182617188,78.56742065791948,19.897581311371386,60.807030518627464,70.10241868862862,-10.766522480652876,-107.85239177537889,70.46706195921557,0.4760667989369178,252.1476082246211,-0.38970485810543964
1744178093790,1744178092984,3.4025938510894775,9.400801658630371,1.9010975360870361,1744178093008,-0.11163553595542908,-0.4552469849586487,0.08323032408952713,1744178092903,-7.481250286102295,-47.73750305175781,-15.375000953674316,1001.501220703125,78.56742065791948,19.897581311371386,60.807030518627464,70.10241868862862,-10.766522480652876,-107.85239177537889,70.46706195921557,0.4760667989369178,252.1476082246211,-0.41078346522064324
1744178093799,1744178092984,3.4025938510894775,9.400801658630371,1.9010975360870361,1744178093008,-0.11163553595542908,-0.4552469849586487,0.08323032408952713,1744178093103,-6.937500476837158,-48.16875076293945,-14.925000190734863,1001.501220703125,78.56742065791948,19.897581311371386,60.807030518627464,70.10241868862862,-10.766522480652876,-107.21550032536112,70.46706195921557,0.4760667989369178,252.78449967463888,-0.41078346522064324
1744178093811,1744178092984,3.4025938510894775,9.400801658630371,1.9010975360870361,1744178093112,-0.24174973368644714,-0.3295615613460541,-0.16508620977401733,1744178093103,-6.937500476837158,-48.16875076293945,-14.925000190734863,1001.501220703125,78.56742065791948,19.897581311371386,60.807030518627464,70.10241868862862,-10.766522480652876,-107.21550032536112,70.46706195921557,0.440802918674398,252.78449967463888,-0.41078346522064324
1744178093864,1744178093114,2.988037347793579,7.940581798553467,2.0721843242645264,1744178093112,-0.24174973368644714,-0.3295615613460541,-0.16508620977401733,1744178093103,-6.937500476837158,-48.16875076293945,-14.925000190734863,1001.501220703125,75.37420651992278,20.62129613817005,55.25894530869757,69.37870386182995,-13.725276237626389,-107.21550032536112,69.99314226933289,0.440802918674398,252.78449967463888,-0.41078346522064324
1744178093907,1744178093114,2.988037347793579,7.940581798553467,2.0721843242645264,1744178093112,-0.24174973368644714,-0.3295615613460541,-0.16508620977401733,1744178093203,-8.30625057220459,-47.85000228881836,-13.781250953674316,1001.501220703125,75.37420651992278,20.62129613817005,55.25894530869757,69.37870386182995,-13.725276237626389,-106.0668984215473,69.99314226933289,0.440802918674398,253.9331015784527,-0.41078346522064324
1744178093911,1744178093114,2.988037347793579,7.940581798553467,2.0721843242645264,1744178093216,-0.1104138121008873,-0.5665770769119263,-0.1366809904575348,1744178093203,-8.30625057220459,-47.85000228881836,-13.781250953674316,1001.501220703125,75.37420651992278,20.62129613817005,55.25894530869757,69.37870386182995,-13.725276237626389,-106.0668984215473,69.99314226933289,0.593196836755866,253.9331015784527,-0.41078346522064324
1744178093940,1744178093114,2.988037347793579,7.940581798553467,2.0721843242645264,1744178093216,-0.1104138121008873,-0.5665770769119263,-0.1366809904575348,1744178093203,-8.30625057220459,-47.85000228881836,-13.781250953674316,1001.5075073242188,75.37420651992278,20.62129613817005,55.25894530869757,69.37870386182995,-13.725276237626389,-106.0668984215473,69.99314226933289,0.593196836755866,253.9331015784527,-0.4637368510474249
1744178093993,1744178093265,4.156930923461914,8.534600257873535,1.8807586431503296,1744178093216,-0.1104138121008873,-0.5665770769119263,-0.1366809904575348,1744178093203,-8.30625057220459,-47.85000228881836,-13.781250953674316,1001.5075073242188,77.57243409699522,25.96923260012079,65.65613811577535,64.03076739987921,-11.206206735209143,-106.0668984215473,64.56164781071102,0.593196836755866,253.9331015784527,-0.4637368510474249
1744178094063,1744178093265,4.156930923461914,8.534600257873535,1.8807586431503296,1744178093320,-0.1204930767416954,-0.5667297840118408,-0.37400195002555847,1744178093203,-8.30625057220459,-47.85000228881836,-13.781250953674316,1001.5075073242188,77.57243409699522,25.96923260012079,65.65613811577535,64.03076739987921,-11.206206735209143,-106.0668984215473,64.56164781071102,0.6896221343980399,253.9331015784527,-0.4637368510474249
1744178094110,1744178093265,4.156930923461914,8.534600257873535,1.8807586431503296,1744178093320,-0.1204930767416954,-0.5667297840118408,-0.37400195002555847,1744178093403,-11.793750762939453,-47.60625076293945,-13.162500381469727,1001.5075073242188,77.57243409699522,25.96923260012079,65.65613811577535,64.03076739987921,-11.206206735209143,-105.4554196208932,64.56164781071102,0.6896221343980399,254.5445803791068,-0.4637368510474249
1744178094110,1744178093395,6.096911907196045,8.361719131469727,2.0273189544677734,1744178093320,-0.1204930767416954,-0.5667297840118408,-0.37400195002555847,1744178093403,-11.793750762939453,-47.60625076293945,-13.162500381469727,1001.5075073242188,76.37148085367679,36.09750125918566,71.60722355778465,53.90249874081434,-11.084171604009905,-105.4554196208932,54.678011160856094,0.6896221343980399,254.5445803791068,-0.4637368510474249
1744178094110,1744178093395,6.096911907196045,8.361719131469727,2.0273189544677734,1744178093320,-0.1204930767416954,-0.5667297840118408,-0.37400195002555847,1744178093403,-11.793750762939453,-47.60625076293945,-13.162500381469727,1001.5174560546875,76.37148085367679,36.09750125918566,71.60722355778465,53.90249874081434,-11.084171604009905,-105.4554196208932,54.678011160856094,0.6896221343980399,254.5445803791068,-0.5475363194241312
1744178094115,1744178093395,6.096911907196045,8.361719131469727,2.0273189544677734,1744178093424,-0.43111783266067505,-0.29138249158859253,-0.44211336970329285,1744178093403,-11.793750762939453,-47.60625076293945,-13.162500381469727,1001.5174560546875,76.37148085367679,36.09750125918566,71.60722355778465,53.90249874081434,-11.084171604009905,-105.4554196208932,54.678011160856094,0.6828107891010616,254.5445803791068,-0.5475363194241312
1744178094190,1744178093395,6.096911907196045,8.361719131469727,2.0273189544677734,1744178093424,-0.43111783266067505,-0.29138249158859253,-0.44211336970329285,1744178093503,-11.756250381469727,-47.10000228881836,-12.112500190734863,1001.5174560546875,76.37148085367679,36.09750125918566,71.60722355778465,53.90249874081434,-11.084171604009905,-104.4219951921423,54.678011160856094,0.6828107891010616,255.5780048078577,-0.5475363194241312
1744178094224,1744178093395,6.096911907196045,8.361719131469727,2.0273189544677734,1744178093528,-0.33001968264579773,-0.2909243404865265,-0.3831649422645569,1744178093503,-11.756250381469727,-47.10000228881836,-12.112500190734863,1001.5174560546875,76.37148085367679,36.09750125918566,71.60722355778465,53.90249874081434,-11.084171604009905,-104.4219951921423,54.678011160856094,0.5834083782409665,255.5780048078577,-0.5475363194241312
1744178094234,1744178093525,6.272186279296875,7.563114166259766,1.397408366203308,1744178093528,-0.33001968264579773,-0.2909243404865265,-0.3831649422645569,1744178093503,-11.756250381469727,-47.10000228881836,-12.112500190734863,1001.5174560546875,79.53173117876398,39.66934711091694,77.4399520822565,50.330652889083055,-8.094447469216606,-104.4219951921423,50.8024358257992,0.5834083782409665,255.5780048078577,-0.5475363194241312
1744178094290,1744178093525,6.272186279296875,7.563114166259766,1.397408366203308,1744178093528,-0.33001968264579773,-0.2909243404865265,-0.3831649422645569,1744178093503,-11.756250381469727,-47.10000228881836,-12.112500190734863,1001.5287475585938,79.53173117876398,39.66934711091694,77.4399520822565,50.330652889083055,-8.094447469216606,-104.4219951921423,50.8024358257992,0.5834083782409665,255.5780048078577,-0.6426453288732259
1744178094356,1744178093525,6.272186279296875,7.563114166259766,1.397408366203308,1744178093632,-0.28267768025398254,-0.25320345163345337,-0.4130973219871521,1744178093503,-11.756250381469727,-47.10000228881836,-12.112500190734863,1001.5287475585938,79.53173117876398,39.66934711091694,77.4399520822565,50.330652889083055,-8.094447469216606,-104.4219951921423,50.8024358257992,0.5609528110864801,255.5780048078577,-0.6426453288732259
1744178094388,1744178093655,6.612565517425537,6.985845565795898,1.0444670915603638,1744178093632,-0.28267768025398254,-0.25320345163345337,-0.4130973219871521,1744178093503,-11.756250381469727,-47.10000228881836,-12.112500190734863,1001.5287475585938,81.4965866418525,43.42761027545473,81.02417952794673,46.57238972454527,-6.197014811763115,-104.4219951921423,46.88847900325524,0.5609528110864801,255.5780048078577,-0.6426453288732259
1744178094395,1744178093655,6.612565517425537,6.985845565795898,1.0444670915603638,1744178093632,-0.28267768025398254,-0.25320345163345337,-0.4130973219871521,1744178093703,-15.562500953674316,-46.125,-10.856250762939453,1001.5287475585938,81.4965866418525,43.42761027545473,81.02417952794673,46.57238972454527,-6.197014811763115,-103.24441530604618,46.88847900325524,0.5609528110864801,256.75558469395384,-0.6426453288732259
1744178094424,1744178093655,6.612565517425537,6.985845565795898,1.0444670915603638,1744178093736,-0.15867212414741516,-0.15057817101478577,-0.3578140437602997,1744178093703,-15.562500953674316,-46.125,-10.856250762939453,1001.5287475585938,81.4965866418525,43.42761027545473,81.02417952794673,46.57238972454527,-6.197014811763115,-103.24441530604618,46.88847900325524,0.41938230587342196,256.75558469395384,-0.6426453288732259
1744178094429,1744178093655,6.612565517425537,6.985845565795898,1.0444670915603638,1744178093736,-0.15867212414741516,-0.15057817101478577,-0.3578140437602997,1744178093703,-15.562500953674316,-46.125,-10.856250762939453,1001.5387573242188,81.4965866418525,43.42761027545473,81.02417952794673,46.57238972454527,-6.197014811763115,-103.24441530604618,46.88847900325524,0.41938230587342196,256.75558469395384,-0.7269574544988222
1744178094487,1744178093655,6.612565517425537,6.985845565795898,1.0444670915603638,1744178093736,-0.15867212414741516,-0.15057817101478577,-0.3578140437602997,1744178093803,-17.850000381469727,-45.54375076293945,-9.581250190734863,1001.5387573242188,81.4965866418525,43.42761027545473,81.02417952794673,46.57238972454527,-6.197014811763115,-101.88033624901753,46.88847900325524,0.41938230587342196,258.11966375098245,-0.7269574544988222
1744178094523,1744178093784,7.957331657409668,6.6245293617248535,0.6472585201263428,1744178093736,-0.15867212414741516,-0.15057817101478577,-0.3578140437602997,1744178093803,-17.850000381469727,-45.54375076293945,-9.581250190734863,1001.5387573242188,84.41955205602868,50.22240284809129,85.3497332654792,39.77759715190871,-3.5771003039833547,-101.88033624901753,39.91149457881723,0.41938230587342196,258.11966375098245,-0.7269574544988222
1744178094533,1744178093784,7.957331657409668,6.6245293617248535,0.6472585201263428,1744178093839,0.06963858753442764,0.028405211865901947,-0.10537417232990265,1744178093803,-17.850000381469727,-45.54375076293945,-9.581250190734863,1001.5387573242188,84.41955205602868,50.22240284809129,85.3497332654792,39.77759715190871,-3.5771003039833547,-101.88033624901753,39.91149457881723,0.12946082468897277,258.11966375098245,-0.7269574544988222
1744178094592,1744178093784,7.957331657409668,6.6245293617248535,0.6472585201263428,1744178093839,0.06963858753442764,0.028405211865901947,-0.10537417232990265,1744178093803,-17.850000381469727,-45.54375076293945,-9.581250190734863,1001.5474853515625,84.41955205602868,50.22240284809129,85.3497332654792,39.77759715190871,-3.5771003039833547,-101.88033624901753,39.91149457881723,0.12946082468897277,258.11966375098245,-0.8004729584164871
1744178094627,1744178093915,8.158329010009766,6.305685997009277,0.5952146053314209,1744178093839,0.06963858753442764,0.028405211865901947,-0.10537417232990265,1744178093803,-17.850000381469727,-45.54375076293945,-9.581250190734863,1001.5474853515625,84.60763904111852,52.29906447799507,85.82721310878635,37.70093552200494,-3.303748810271469,-101.88033624901753,37.82396450701166,0.12946082468897277,258.11966375098245,-0.8004729584164871
1744178094633,1744178093915,8.158329010009766,6.305685997009277,0.5952146053314209,1744178093943,0.25152358412742615,0.21517711877822876,-0.048563748598098755,1744178093803,-17.850000381469727,-45.54375076293945,-9.581250190734863,1001.5474853515625,84.60763904111852,52.29906447799507,85.82721310878635,37.70093552200494,-3.303748810271469,-101.88033624901753,37.82396450701166,0.3345500612702167,258.11966375098245,-0.8004729584164871
1744178094695,1744178093915,8.158329010009766,6.305685997009277,0.5952146053314209,1744178093943,0.25152358412742615,0.21517711877822876,-0.048563748598098755,1744178094003,-19.200000762939453,-45.50625228881836,-10.481250762939453,1001.5474853515625,84.60763904111852,52.29906447799507,85.82721310878635,37.70093552200494,-3.303748810271469,-102.97047656382638,37.82396450701166,0.3345500612702167,257.02952343617363,-0.8004729584164871
1744178094746,1744178093915,8.158329010009766,6.305685997009277,0.5952146053314209,1744178094048,0.401949018239975,0.25503605604171753,0.08414662629365921,1744178094003,-19.200000762939453,-45.50625228881836,-10.481250762939453,1001.5474853515625,84.60763904111852,52.29906447799507,85.82721310878635,37.70093552200494,-3.303748810271469,-102.97047656382638,37.82396450701166,0.4834118925533365,257.02952343617363,-0.8004729584164871
1744178094764,1744178093915,8.158329010009766,6.305685997009277,0.5952146053314209,1744178094048,0.401949018239975,0.25503605604171753,0.08414662629365921,1744178094003,-19.200000762939453,-45.50625228881836,-10.481250762939453,1001.5499877929688,84.60763904111852,52.29906447799507,85.82721310878635,37.70093552200494,-3.303748810271469,-102.97047656382638,37.82396450701166,0.4834118925533365,257.02952343617363,-0.8215507344868489
1744178094775,1744178094067,8.280363082885742,6.428318023681641,1.022931694984436,1744178094048,0.401949018239975,0.25503605604171753,0.08414662629365921,1744178094003,-19.200000762939453,-45.50625228881836,-10.481250762939453,1001.5499877929688,80.95838971117091,52.17663527870577,82.95752931056144,37.82336472129423,-5.573421751993031,-102.97047656382638,38.170908918695076,0.4834118925533365,257.02952343617363,-0.8215507344868489
1744178094850,1744178094067,8.280363082885742,6.428318023681641,1.022931694984436,1744178094048,0.401949018239975,0.25503605604171753,0.08414662629365921,1744178094103,-19.068750381469727,-45.525001525878906,-11.662500381469727,1001.5499877929688,80.95838971117091,52.17663527870577,82.95752931056144,37.82336472129423,-5.573421751993031,-104.36890342797011,38.170908918695076,0.4834118925533365,255.6310965720299,-0.8215507344868489
1744178094850,1744178094067,8.280363082885742,6.428318023681641,1.022931694984436,1744178094152,0.4689914286136627,0.2657261788845062,0.19425499439239502,1744178094103,-19.068750381469727,-45.525001525878906,-11.662500381469727,1001.5499877929688,80.95838971117091,52.17663527870577,82.95752931056144,37.82336472129423,-5.573421751993031,-104.36890342797011,38.170908918695076,0.5729732673554974,255.6310965720299,-0.8215507344868489
1744178094896,1744178094067,8.280363082885742,6.428318023681641,1.022931694984436,1744178094152,0.4689914286136627,0.2657261788845062,0.19425499439239502,1744178094203,-17.4375,-45.86250305175781,-13.331250190734863,1001.5499877929688,80.95838971117091,52.17663527870577,82.95752931056144,37.82336472129423,-5.573421751993031,-106.20801951374176,38.170908918695076,0.5729732673554974,253.79198048625824,-0.8215507344868489
1744178094914,1744178094196,8.182256698608398,6.8309102058410645,1.9525432586669922,1744178094152,0.4689914286136627,0.2657261788845062,0.19425499439239502,1744178094203,-17.4375,-45.86250305175781,-13.331250190734863,1001.5499877929688,74.04797694227781,50.143375840168474,76.57843475008413,39.856624159831526,-10.380663533063405,-106.20801951374176,40.96712417225247,0.5729732673554974,253.79198048625824,-0.8215507344868489
1744178094924,1744178094196,8.182256698608398,6.8309102058410645,1.9525432586669922,1744178094152,0.4689914286136627,0.2657261788845062,0.19425499439239502,1744178094203,-17.4375,-45.86250305175781,-13.331250190734863,1001.5512084960938,74.04797694227781,50.143375840168474,76.57843475008413,39.856624159831526,-10.380663533063405,-106.20801951374176,40.96712417225247,0.5729732673554974,253.79198048625824,-0.8318325609947408
1744178094979,1744178094196,8.182256698608398,6.8309102058410645,1.9525432586669922,1744178094256,0.40026915073394775,0.05024362727999687,0.4234820008277893,1744178094203,-17.4375,-45.86250305175781,-13.331250190734863,1001.5512084960938,74.04797694227781,50.143375840168474,76.57843475008413,39.856624159831526,-10.380663533063405,-106.20801951374176,40.96712417225247,0.5848733368316894,253.79198048625824,-0.8318325609947408
1744178095027,1744178094196,8.182256698608398,6.8309102058410645,1.9525432586669922,1744178094256,0.40026915073394775,0.05024362727999687,0.4234820008277893,1744178094303,-16.650001525878906,-46.20000076293945,-14.550000190734863,1001.5512084960938,74.04797694227781,50.143375840168474,76.57843475008413,39.856624159831526,-10.380663533063405,-107.48104254227596,40.96712417225247,0.5848733368316894,252.51895745772404,-0.8318325609947408
1744178095035,1744178094327,5.584847927093506,6.500102519989014,2.937189817428589,1744178094256,0.40026915073394775,0.05024362727999687,0.4234820008277893,1744178094303,-16.650001525878906,-46.20000076293945,-14.550000190734863,1001.5512084960938,65.6833010045361,40.668968028421816,62.25916725399815,49.331031971578184,-18.918451876611275,-107.48104254227596,51.94015771790886,0.5848733368316894,252.51895745772404,-0.8318325609947408
1744178095066,1744178094327,5.584847927093506,6.500102519989014,2.937189817428589,1744178094359,-0.005650499369949102,0.29856017231941223,0.027488915249705315,1744178094303,-16.650001525878906,-46.20000076293945,-14.550000190734863,1001.5512084960938,65.6833010045361,40.668968028421816,62.25916725399815,49.331031971578184,-18.918451876611275,-107.48104254227596,51.94015771790886,0.2998762162962118,252.51895745772404,-0.8318325609947408
1744178095082,1744178094327,5.584847927093506,6.500102519989014,2.937189817428589,1744178094359,-0.005650499369949102,0.29856017231941223,0.027488915249705315,1744178094303,-16.650001525878906,-46.20000076293945,-14.550000190734863,1001.5474853515625,65.6833010045361,40.668968028421816,62.25916725399815,49.331031971578184,-18.918451876611275,-107.48104254227596,51.94015771790886,0.2998762162962118,252.51895745772404,-0.8004729584164871
1744178095147,1744178094327,5.584847927093506,6.500102519989014,2.937189817428589,1744178094464,0.12415826320648193,0.14859285950660706,-0.21349723637104034,1744178094303,-16.650001525878906,-46.20000076293945,-14.550000190734863,1001.5474853515625,65.6833010045361,40.668968028421816,62.25916725399815,49.331031971578184,-18.918451876611275,-107.48104254227596,51.94015771790886,0.2882293915562259,252.51895745772404,-0.8004729584164871
1744178095189,1744178094456,5.7649078369140625,6.577271461486816,1.2729816436767578,1744178094464,0.12415826320648193,0.14859285950660706,-0.21349723637104034,1744178094303,-16.650001525878906,-46.20000076293945,-14.550000190734863,1001.5474853515625,79.04626179601193,41.234217253863825,77.54801543369503,48.765782746136175,-8.281142638197052,-107.48104254227596,49.28733193556551,0.2882293915562259,252.51895745772404,-0.8004729584164871
1744178095204,1744178094456,5.7649078369140625,6.577271461486816,1.2729816436767578,1744178094464,0.12415826320648193,0.14859285950660706,-0.21349723637104034,1744178094503,-17.64375114440918,-45.07500076293945,-14.86875057220459,1001.5474853515625,79.04626179601193,41.234217253863825,77.54801543369503,48.765782746136175,-8.281142638197052,-108.25601229706996,49.28733193556551,0.2882293915562259,251.74398770293004,-0.8004729584164871
1744178095257,1744178094456,5.7649078369140625,6.577271461486816,1.2729816436767578,1744178094464,0.12415826320648193,0.14859285950660706,-0.21349723637104034,1744178094503,-17.64375114440918,-45.07500076293945,-14.86875057220459,1001.5411987304688,79.04626179601193,41.234217253863825,77.54801543369503,48.765782746136175,-8.281142638197052,-108.25601229706996,49.28733193556551,0.2882293915562259,251.74398770293004,-0.7475212840727541
1744178095265,1744178094456,5.7649078369140625,6.577271461486816,1.2729816436767578,1744178094567,0.13744457066059113,0.026878049597144127,-0.26618432998657227,1744178094503,-17.64375114440918,-45.07500076293945,-14.86875057220459,1001.5411987304688,79.04626179601193,41.234217253863825,77.54801543369503,48.765782746136175,-8.281142638197052,-108.25601229706996,49.28733193556551,0.3007782190994241,251.74398770293004,-0.7475212840727541
1744178095286,1744178094456,5.7649078369140625,6.577271461486816,1.2729816436767578,1744178094567,0.13744457066059113,0.026878049597144127,-0.26618432998657227,1744178094603,-18.20625114440918,-44.90625,-15.33750057220459,1001.5411987304688,79.04626179601193,41.234217253863825,77.54801543369503,48.765782746136175,-8.281142638197052,-108.85733979922327,49.28733193556551,0.3007782190994241,251.14266020077673,-0.7475212840727541
1744178095341,1744178094586,8.271389961242676,7.464410305023193,1.8442680835723877,1744178094567,0.13744457066059113,0.026878049597144127,-0.26618432998657227,1744178094603,-18.20625114440918,-44.90625,-15.33750057220459,1001.5411987304688,76.12160457858141,47.935729880856115,77.43039511771259,42.06427011914389,-9.399011729446668,-108.85733979922327,42.909743696056005,0.3007782190994241,251.14266020077673,-0.7475212840727541
1744178095391,1744178094586,8.271389961242676,7.464410305023193,1.8442680835723877,1744178094672,0.06750056147575378,0.17226386070251465,0.020769402384757996,1744178094603,-18.20625114440918,-44.90625,-15.33750057220459,1001.5411987304688,76.12160457858141,47.935729880856115,77.43039511771259,42.06427011914389,-9.399011729446668,-108.85733979922327,42.909743696056005,0.1861787624276662,251.14266020077673,-0.7475212840727541
1744178095409,1744178094586,8.271389961242676,7.464410305023193,1.8442680835723877,1744178094672,0.06750056147575378,0.17226386070251465,0.020769402384757996,1744178094603,-18.20625114440918,-44.90625,-15.33750057220459,1001.54248046875,76.12160457858141,47.935729880856115,77.43039511771259,42.06427011914389,-9.399011729446668,-108.85733979922327,42.909743696056005,0.1861787624276662,251.14266020077673,-0.7583172783530512
1744178095409,1744178094586,8.271389961242676,7.464410305023193,1.8442680835723877,1744178094672,0.06750056147575378,0.17226386070251465,0.020769402384757996,1744178094703,-18.993751525878906,-44.53125,-15.225000381469727,1001.54248046875,76.12160457858141,47.935729880856115,77.43039511771259,42.06427011914389,-9.399011729446668,-108.87528865238147,42.909743696056005,0.1861787624276662,251.12471134761853,-0.7583172783530512
1744178095461,1744178094716,6.474977970123291,6.814758777618408,1.2837493419647217,1744178094672,0.06750056147575378,0.17226386070251465,0.020769402384757996,1744178094703,-18.993751525878906,-44.53125,-15.225000381469727,1001.54248046875,79.33176571386912,43.53542878122871,78.78578770278388,46.4645712187713,-7.776448979557245,-108.87528865238147,46.96316264323763,0.1861787624276662,251.12471134761853,-0.7583172783530512
1744178095468,1744178094716,6.474977970123291,6.814758777618408,1.2837493419647217,1744178094776,0.11682789027690887,0.19593487679958344,-0.08628465235233307,1744178094703,-18.993751525878906,-44.53125,-15.225000381469727,1001.54248046875,79.33176571386912,43.53542878122871,78.78578770278388,46.4645712187713,-7.776448979557245,-108.87528865238147,46.96316264323763,0.24389397927087986,251.12471134761853,-0.7583172783530512
1744178095562,1744178094716,6.474977970123291,6.814758777618408,1.2837493419647217,1744178094776,0.11682789027690887,0.19593487679958344,-0.08628465235233307,1744178094703,-18.993751525878906,-44.53125,-15.225000381469727,1001.5399780273438,79.33176571386912,43.53542878122871,78.78578770278388,46.4645712187713,-7.776448979557245,-108.87528865238147,46.96316264323763,0.24389397927087986,251.12471134761853,-0.737239374359977
1744178095570,1744178094846,6.678966045379639,6.353542327880859,1.1066805124282837,1744178094776,0.11682789027690887,0.19593487679958344,-0.08628465235233307,1744178094703,-18.993751525878906,-44.53125,-15.225000381469727,1001.5399780273438,80.119167776605,46.430387097532744,80.59177695823533,43.56961290246726,-6.845780697179139,-108.87528865238147,43.99734631180843,0.24389397927087986,251.12471134761853,-0.737239374359977
1744178095579,1744178094846,6.678966045379639,6.353542327880859,1.1066805124282837,1744178094879,0.3032943606376648,0.12736530601978302,-0.15057817101478577,1744178094703,-18.993751525878906,-44.53125,-15.225000381469727,1001.5399780273438,80.119167776605,46.430387097532744,80.59177695823533,43.56961290246726,-6.845780697179139,-108.87528865238147,43.99734631180843,0.3617777991506401,251.12471134761853,-0.737239374359977
1744178095664,1744178094846,6.678966045379639,6.353542327880859,1.1066805124282837,1744178094879,0.3032943606376648,0.12736530601978302,-0.15057817101478577,1744178094903,-20.118751525878906,-43.3125,-16.125,1001.5399780273438,80.119167776605,46.430387097532744,80.59177695823533,43.56961290246726,-6.845780697179139,-110.42001560927766,43.99734631180843,0.3617777991506401,249.57998439072236,-0.737239374359977
1744178095690,1744178094846,6.678966045379639,6.353542327880859,1.1066805124282837,1744178094984,0.2176205813884735,0.3430005609989166,0.10827577859163284,1744178094903,-20.118751525878906,-43.3125,-16.125,1001.5399780273438,80.119167776605,46.430387097532744,80.59177695823533,43.56961290246726,-6.845780697179139,-110.42001560927766,43.99734631180843,0.42039475082243005,249.57998439072236,-0.737239374359977
1744178095697,1744178094846,6.678966045379639,6.353542327880859,1.1066805124282837,1744178094984,0.2176205813884735,0.3430005609989166,0.10827577859163284,1744178095003,-19.931251525878906,-43.63125228881836,-16.80000114440918,1001.5399780273438,80.119167776605,46.430387097532744,80.59177695823533,43.56961290246726,-6.845780697179139,-111.0589574435922,43.99734631180843,0.42039475082243005,248.9410425564078,-0.737239374359977
1744178095710,1744178094998,7.732406139373779,7.047461032867432,2.7038896083831787,1744178094984,0.2176205813884735,0.3430005609989166,0.10827577859163284,1744178095003,-19.931251525878906,-43.63125228881836,-16.80000114440918,1001.5399780273438,69.00975944853302,47.65336654136906,70.7261450441551,42.34663345863095,-14.490712791720934,-111.0589574435922,44.3099425969065,0.42039475082243005,248.9410425564078,-0.737239374359977
1744178095716,1744178094998,7.732406139373779,7.047461032867432,2.7038896083831787,1744178094984,0.2176205813884735,0.3430005609989166,0.10827577859163284,1744178095003,-19.931251525878906,-43.63125228881836,-16.80000114440918,1001.5399780273438,69.00975944853302,47.65336654136906,70.7261450441551,42.34663345863095,-14.490712791720934,-111.0589574435922,44.3099425969065,0.42039475082243005,248.9410425564078,-0.737239374359977
1744178095791,1744178094998,7.732406139373779,7.047461032867432,2.7038896083831787,1744178095088,0.1516471803188324,0.2675587832927704,0.25182899832725525,1744178095003,-19.931251525878906,-43.63125228881836,-16.80000114440918,1001.5399780273438,69.00975944853302,47.65336654136906,70.7261450441551,42.34663345863095,-14.490712791720934,-111.0589574435922,44.3099425969065,0.3974951750830051,248.9410425564078,-0.737239374359977
1744178095835,1744178094998,7.732406139373779,7.047461032867432,2.7038896083831787,1744178095088,0.1516471803188324,0.2675587832927704,0.25182899832725525,1744178095103,-20.231250762939453,-43.16250228881836,-16.106250762939453,1001.5399780273438,69.00975944853302,47.65336654136906,70.7261450441551,42.34663345863095,-14.490712791720934,-110.46324966727687,44.3099425969065,0.3974951750830051,249.53675033272313,-0.737239374359977
1744178095842,1744178095128,6.239284992218018,6.183053493499756,2.7870402336120605,1744178095088,0.1516471803188324,0.2675587832927704,0.25182899832725525,1744178095103,-20.231250762939453,-43.16250228881836,-16.106250762939453,1001.5399780273438,65.73630693946738,45.25935580089087,65.93005483516184,44.74064419910913,-17.60348582135174,-110.46324966727687,47.38734214334793,0.3974951750830051,249.53675033272313,-0.737239374359977
1744178095881,1744178095128,6.239284992218018,6.183053493499756,2.7870402336120605,1744178095088,0.1516471803188324,0.2675587832927704,0.25182899832725525,1744178095103,-20.231250762939453,-43.16250228881836,-16.106250762939453,1001.5399780273438,65.73630693946738,45.25935580089087,65.93005483516184,44.74064419910913,-17.60348582135174,-110.46324966727687,47.38734214334793,0.3974951750830051,249.53675033272313,-0.737239374359977
1744178095888,1744178095128,6.239284992218018,6.183053493499756,2.7870402336120605,1744178095192,0.09361502528190613,0.05925388261675835,0.06444623321294785,1744178095103,-20.231250762939453,-43.16250228881836,-16.106250762939453,1001.5399780273438,65.73630693946738,45.25935580089087,65.93005483516184,44.74064419910913,-17.60348582135174,-110.46324966727687,47.38734214334793,0.12817219877582722,249.53675033272313,-0.737239374359977
1744178095888,1744178095128,6.239284992218018,6.183053493499756,2.7870402336120605,1744178095192,0.09361502528190613,0.05925388261675835,0.06444623321294785,1744178095203,-19.481250762939453,-44.51250076293945,-16.762500762939453,1001.5399780273438,65.73630693946738,45.25935580089087,65.93005483516184,44.74064419910913,-17.60348582135174,-110.63535148095758,47.38734214334793,0.12817219877582722,249.36464851904242,-0.737239374359977
1744178095975,1744178095258,6.594619274139404,6.318846225738525,2.757728099822998,1744178095192,0.09361502528190613,0.05925388261675835,0.06444623321294785,1744178095203,-19.481250762939453,-44.51250076293945,-16.762500762939453,1001.5399780273438,66.42214511142093,46.223392004560445,67.30636610775504,43.776607995439555,-16.80131083745432,-110.63535148095758,46.27317436025178,0.12817219877582722,249.36464851904242,-0.737239374359977
1744178096003,1744178095258,6.594619274139404,6.318846225738525,2.757728099822998,1744178095296,-0.09636391699314117,0.09285144507884979,-0.12935061752796173,1744178095203,-19.481250762939453,-44.51250076293945,-16.762500762939453,1001.5399780273438,66.42214511142093,46.223392004560445,67.30636610775504,43.776607995439555,-16.80131083745432,-110.63535148095758,46.27317436025178,0.18611549534188898,249.36464851904242,-0.737239374359977
1744178096011,1744178095258,6.594619274139404,6.318846225738525,2.757728099822998,1744178095296,-0.09636391699314117,0.09285144507884979,-0.12935061752796173,1744178095303,-19.200000762939453,-43.556251525878906,-17.006250381469727,1001.5399780273438,66.42214511142093,46.223392004560445,67.30636610775504,43.776607995439555,-16.80131083745432,-111.32783066599305,46.27317436025178,0.18611549534188898,248.67216933400695,-0.737239374359977
1744178096066,1744178095258,6.594619274139404,6.318846225738525,2.757728099822998,1744178095296,-0.09636391699314117,0.09285144507884979,-0.12935061752796173,1744178095303,-19.200000762939453,-43.556251525878906,-17.006250381469727,1001.5362548828125,66.42214511142093,46.223392004560445,67.30636610775504,43.776607995439555,-16.80131083745432,-111.32783066599305,46.27317436025178,0.18611549534188898,248.67216933400695,-0.7058794870562402
1744178096092,1744178095258,6.594619274139404,6.318846225738525,2.757728099822998,1744178095399,-0.1455385386943817,-0.04459312930703163,-0.18402300775051117,1744178095303,-19.200000762939453,-43.556251525878906,-17.006250381469727,1001.5362548828125,66.42214511142093,46.223392004560445,67.30636610775504,43.776607995439555,-16.80131083745432,-111.32783066599305,46.27317436025178,0.23881892891526496,248.67216933400695,-0.7058794870562402
1744178096102,1744178095258,6.594619274139404,6.318846225738525,2.757728099822998,1744178095399,-0.1455385386943817,-0.04459312930703163,-0.18402300775051117,1744178095403,-21.375,-43.462501525878906,-15.562500953674316,1001.5362548828125,66.42214511142093,46.223392004560445,67.30636610775504,43.776607995439555,-16.80131083745432,-109.70078571097696,46.27317436025178,0.23881892891526496,250.29921428902304,-0.7058794870562402
1744178096160,1744178095388,7.365108013153076,7.052246570587158,1.3956137895584106,1744178095399,-0.1455385386943817,-0.04459312930703163,-0.18402300775051117,1744178095403,-21.375,-43.462501525878906,-15.562500953674316,1001.5362548828125,78.80600927516632,46.24314257283426,79.27024224026647,43.75685742716575,-7.793366384109573,-109.70078571097696,44.3067968965698,0.23881892891526496,250.29921428902304,-0.7058794870562402
1744178096201,1744178095388,7.365108013153076,7.052246570587158,1.3956137895584106,1744178095399,-0.1455385386943817,-0.04459312930703163,-0.18402300775051117,1744178095403,-21.375,-43.462501525878906,-15.562500953674316,1001.5374755859375,78.80600927516632,46.24314257283426,79.27024224026647,43.75685742716575,-7.793366384109573,-109.70078571097696,44.3067968965698,0.23881892891526496,250.29921428902304,-0.7161614277259987
1744178096202,1744178095388,7.365108013153076,7.052246570587158,1.3956137895584106,1744178095504,-0.20189081132411957,0.09972367435693741,-0.013744457624852657,1744178095403,-21.375,-43.462501525878906,-15.562500953674316,1001.5374755859375,78.80600927516632,46.24314257283426,79.27024224026647,43.75685742716575,-7.793366384109573,-109.70078571097696,44.3067968965698,0.22559614588853488,250.29921428902304,-0.7161614277259987
1744178096202,1744178095388,7.365108013153076,7.052246570587158,1.3956137895584106,1744178095504,-0.20189081132411957,0.09972367435693741,-0.013744457624852657,1744178095503,-20.793750762939453,-43.25625228881836,-15.318750381469727,1001.5374755859375,78.80600927516632,46.24314257283426,79.27024224026647,43.75685742716575,-7.793366384109573,-109.50106876522216,44.3067968965698,0.22559614588853488,250.49893123477784,-0.7161614277259987
1744178096209,1744178095518,7.630113124847412,7.33340311050415,0.9439685344696045,1744178095504,-0.20189081132411957,0.09972367435693741,-0.013744457624852657,1744178095503,-20.793750762939453,-43.25625228881836,-15.318750381469727,1001.5374755859375,82.66512037237254,46.135963214782926,82.94742023871959,43.864036785217074,-5.097160362980864,-109.50106876522216,44.099280222880914,0.22559614588853488,250.49893123477784,-0.7161614277259987
1744178096297,1744178095518,7.630113124847412,7.33340311050415,0.9439685344696045,1744178095607,-0.07483093440532684,0.14660754799842834,0.20616686344146729,1744178095503,-20.793750762939453,-43.25625228881836,-15.318750381469727,1001.5374755859375,82.66512037237254,46.135963214782926,82.94742023871959,43.864036785217074,-5.097160362980864,-109.50106876522216,44.099280222880914,0.26381474078485156,250.49893123477784,-0.7161614277259987
1744178096350,1744178095518,7.630113124847412,7.33340311050415,0.9439685344696045,1744178095607,-0.07483093440532684,0.14660754799842834,0.20616686344146729,1744178095503,-20.793750762939453,-43.25625228881836,-15.318750381469727,1001.5374755859375,82.66512037237254,46.135963214782926,82.94742023871959,43.864036785217074,-5.097160362980864,-109.50106876522216,44.099280222880914,0.26381474078485156,250.49893123477784,-0.7161614277259987
1744178096390,1744178095648,6.942176818847656,6.674778938293457,1.1389836072921753,1744178095607,-0.07483093440532684,0.14660754799842834,0.20616686344146729,1744178095503,-20.793750762939453,-43.25625228881836,-15.318750381469727,1001.5374755859375,80.3163247289329,46.12497987216408,80.68265093801908,43.87502012783592,-6.744948551577193,-109.50106876522216,44.28593214382237,0.26381474078485156,250.49893123477784,-0.7161614277259987
1744178096398,1744178095648,6.942176818847656,6.674778938293457,1.1389836072921753,1744178095607,-0.07483093440532684,0.14660754799842834,0.20616686344146729,1744178095703,-19.350000381469727,-44.28750228881836,-14.137500762939453,1001.5374755859375,80.3163247289329,46.12497987216408,80.68265093801908,43.87502012783592,-6.744948551577193,-107.70417497543683,44.28593214382237,0.26381474078485156,252.29582502456316,-0.7161614277259987
1744178096469,1744178095648,6.942176818847656,6.674778938293457,1.1389836072921753,1744178095712,-0.03802633285522461,0.14782927930355072,0.08491020649671555,1744178095703,-19.350000381469727,-44.28750228881836,-14.137500762939453,1001.5374755859375,80.3163247289329,46.12497987216408,80.68265093801908,43.87502012783592,-6.744948551577193,-107.70417497543683,44.28593214382237,0.1746689468026255,252.29582502456316,-0.7161614277259987
1744178096509,1744178095799,7.701299667358398,6.34217643737793,1.5074782371520996,1744178095712,-0.03802633285522461,0.14782927930355072,0.08491020649671555,1744178095703,-19.350000381469727,-44.28750228881836,-14.137500762939453,1001.5374755859375,76.62942302005956,50.52785201574059,78.92476581141952,39.47214798425941,-8.59244408248414,-107.70417497543683,40.24670879504317,0.1746689468026255,252.29582502456316,-0.7161614277259987
1744178096520,1744178095799,7.701299667358398,6.34217643737793,1.5074782371520996,1744178095816,-0.04734202101826668,0.007483093533664942,-0.09132428467273712,1744178095703,-19.350000381469727,-44.28750228881836,-14.137500762939453,1001.5374755859375,76.62942302005956,50.52785201574059,78.92476581141952,39.47214798425941,-8.59244408248414,-107.70417497543683,40.24670879504317,0.10313771673793594,252.29582502456316,-0.7161614277259987
1744178096521,1744178095799,7.701299667358398,6.34217643737793,1.5074782371520996,1744178095816,-0.04734202101826668,0.007483093533664942,-0.09132428467273712,1744178095703,-19.350000381469727,-44.28750228881836,-14.137500762939453,1001.5337524414062,76.62942302005956,50.52785201574059,78.92476581141952,39.47214798425941,-8.59244408248414,-107.70417497543683,40.24670879504317,0.10313771673793594,252.29582502456316,-0.684801476972754
1744178096589,1744178095799,7.701299667358398,6.34217643737793,1.5074782371520996,1744178095816,-0.04734202101826668,0.007483093533664942,-0.09132428467273712,1744178095903,-20.17500114440918,-43.875,-13.575000762939453,1001.5337524414062,76.62942302005956,50.52785201574059,78.92476581141952,39.47214798425941,-8.59244408248414,-107.19215772425983,40.24670879504317,0.10313771673793594,252.80784227574017,-0.684801476972754
1744178096628,1744178095799,7.701299667358398,6.34217643737793,1.5074782371520996,1744178095920,-0.12110394239425659,-0.16936226189136505,-0.20677772164344788,1744178095903,-20.17500114440918,-43.875,-13.575000762939453,1001.5337524414062,76.62942302005956,50.52785201574059,78.92476581141952,39.47214798425941,-8.59244408248414,-107.19215772425983,40.24670879504317,0.29343954536572936,252.80784227574017,-0.684801476972754
1744178096634,1744178095930,7.0893354415893555,6.506682872772217,2.124826431274414,1744178095920,-0.12110394239425659,-0.16936226189136505,-0.20677772164344788,1744178095903,-20.17500114440918,-43.875,-13.575000762939453,1001.5337524414062,71.91500066403844,47.45388894869665,73.31539489705415,42.54611105130335,-12.451943309159754,-107.19215772425983,43.99475737768896,0.29343954536572936,252.80784227574017,-0.684801476972754
1744178096688,1744178095930,7.0893354415893555,6.506682872772217,2.124826431274414,1744178095920,-0.12110394239425659,-0.16936226189136505,-0.20677772164344788,1744178095903,-20.17500114440918,-43.875,-13.575000762939453,1001.5287475585938,71.91500066403844,47.45388894869665,73.31539489705415,42.54611105130335,-12.451943309159754,-107.19215772425983,43.99475737768896,0.29343954536572936,252.80784227574017,-0.6426453288732259
1744178096688,1744178095930,7.0893354415893555,6.506682872772217,2.124826431274414,1744178095920,-0.12110394239425659,-0.16936226189136505,-0.20677772164344788,1744178096003,-21.65625,-44.025001525878906,-13.36875057220459,1001.5287475585938,71.91500066403844,47.45388894869665,73.31539489705415,42.54611105130335,-12.451943309159754,-106.89157890172416,43.99475737768896,0.29343954536572936,253.10842109827584,-0.6426453288732259
1744178096710,1744178095930,7.0893354415893555,6.506682872772217,2.124826431274414,1744178096023,-0.058795735239982605,-0.582459568977356,-0.9295834898948669,1744178096003,-21.65625,-44.025001525878906,-13.36875057220459,1001.5287475585938,71.91500066403844,47.45388894869665,73.31539489705415,42.54611105130335,-12.451943309159754,-106.89157890172416,43.99475737768896,1.0985634040240089,253.10842109827584,-0.6426453288732259
1744178096767,1744178096059,8.818747520446777,6.846463680267334,2.403590440750122,1744178096023,-0.058795735239982605,-0.582459568977356,-0.9295834898948669,1744178096003,-21.65625,-44.025001525878906,-13.36875057220459,1001.5287475585938,70.65533783832036,52.17590510264552,74.75408875180128,37.82409489735448,-12.149768257982178,-106.89157890172416,39.44776844602029,1.0985634040240089,253.10842109827584,-0.6426453288732259
1744178096813,1744178096059,8.818747520446777,6.846463680267334,2.403590440750122,1744178096023,-0.058795735239982605,-0.582459568977356,-0.9295834898948669,1744178096103,-26.062501907348633,-41.08125305175781,-13.74375057220459,1001.5287475585938,70.65533783832036,52.17590510264552,74.75408875180128,37.82409489735448,-12.149768257982178,-108.49768656456827,39.44776844602029,1.0985634040240089,251.50231343543174,-0.6426453288732259
1744178096822,1744178096059,8.818747520446777,6.846463680267334,2.403590440750122,1744178096128,-0.20021092891693115,-0.48991355299949646,-0.4234820008277893,1744178096103,-26.062501907348633,-41.08125305175781,-13.74375057220459,1001.5287475585938,70.65533783832036,52.17590510264552,74.75408875180128,37.82409489735448,-12.149768257982178,-108.49768656456827,39.44776844602029,0.6778176085758459,251.50231343543174,-0.6426453288732259
1744178096878,1744178096059,8.818747520446777,6.846463680267334,2.403590440750122,1744178096128,-0.20021092891693115,-0.48991355299949646,-0.4234820008277893,1744178096103,-26.062501907348633,-41.08125305175781,-13.74375057220459,1001.5399780273438,70.65533783832036,52.17590510264552,74.75408875180128,37.82409489735448,-12.149768257982178,-108.49768656456827,39.44776844602029,0.6778176085758459,251.50231343543174,-0.737239374359977
1744178096915,1744178096189,6.994818687438965,5.732006549835205,1.1676974296569824,1744178096128,-0.20021092891693115,-0.48991355299949646,-0.4234820008277893,1744178096103,-26.062501907348633,-41.08125305175781,-13.74375057220459,1001.5399780273438,78.48553091060374,50.66659355202709,80.52258115948787,39.333406447972905,-7.3573955803691256,-108.49768656456827,39.905592736931744,0.6778176085758459,251.50231343543174,-0.737239374359977
1744178096925,1744178096189,6.994818687438965,5.732006549835205,1.1676974296569824,1744178096232,-0.2380845546722412,-0.4702131748199463,-0.36361727118492126,1744178096103,-26.062501907348633,-41.08125305175781,-13.74375057220459,1001.5399780273438,78.48553091060374,50.66659355202709,80.52258115948787,39.333406447972905,-7.3573955803691256,-108.49768656456827,39.905592736931744,0.6403141454408933,251.50231343543174,-0.737239374359977
1744178096999,1744178096189,6.994818687438965,5.732006549835205,1.1676974296569824,1744178096232,-0.2380845546722412,-0.4702131748199463,-0.36361727118492126,1744178096103,-26.062501907348633,-41.08125305175781,-13.74375057220459,1001.5462036132812,78.48553091060374,50.66659355202709,80.52258115948787,39.333406447972905,-7.3573955803691256,-108.49768656456827,39.905592736931744,0.6403141454408933,251.50231343543174,-0.7896770078204773
1744178097006,1744178096189,6.994818687438965,5.732006549835205,1.1676974296569824,1744178096232,-0.2380845546722412,-0.4702131748199463,-0.36361727118492126,1744178096303,-26.718751907348633,-40.42500305175781,-15.375000953674316,1001.5462036132812,78.48553091060374,50.66659355202709,80.52258115948787,39.333406447972905,-7.3573955803691256,-110.82350860371645,39.905592736931744,0.6403141454408933,249.17649139628355,-0.7896770078204773
1744178097010,1744178096320,10.232906341552734,6.535995006561279,1.781456470489502,1744178096232,-0.2380845546722412,-0.4702131748199463,-0.36361727118492126,1744178096303,-26.718751907348633,-40.42500305175781,-15.375000953674316,1001.5462036132812,74.75375590839614,57.43268361359365,80.12429885620094,32.567316386406354,-8.34670492727072,-110.82350860371645,33.50549274511562,0.6403141454408933,249.17649139628355,-0.7896770078204773
1744178097069,1744178096320,10.232906341552734,6.535995006561279,1.781456470489502,1744178096336,0.06414080411195755,-0.7971785664558411,-0.41095927357673645,1744178096303,-26.718751907348633,-40.42500305175781,-15.375000953674316,1001.5462036132812,74.75375590839614,57.43268361359365,80.12429885620094,32.567316386406354,-8.34670492727072,-110.82350860371645,33.50549274511562,0.8991636303295619,249.17649139628355,-0.7896770078204773
1744178097135,1744178096320,10.232906341552734,6.535995006561279,1.781456470489502,1744178096439,-0.060933761298656464,0.048563748598098755,-0.5760455131530762,1744178096303,-26.718751907348633,-40.42500305175781,-15.375000953674316,1001.5462036132812,74.75375590839614,57.43268361359365,80.12429885620094,32.567316386406354,-8.34670492727072,-110.82350860371645,33.50549274511562,0.5812914881259589,249.17649139628355,-0.7896770078204773
1744178097157,1744178096320,10.232906341552734,6.535995006561279,1.781456470489502,1744178096439,-0.060933761298656464,0.048563748598098755,-0.5760455131530762,1744178096303,-26.718751907348633,-40.42500305175781,-15.375000953674316,1001.5549926757812,74.75375590839614,57.43268361359365,80.12429885620094,32.567316386406354,-8.34670492727072,-110.82350860371645,33.50549274511562,0.5812914881259589,249.17649139628355,-0.8637061586950168
1744178097164,1744178096449,13.808381080627441,8.301898002624512,2.506481647491455,1744178096439,-0.060933761298656464,0.048563748598098755,-0.5760455131530762,1744178096303,-26.718751907348633,-40.42500305175781,-15.375000953674316,1001.5549926757812,73.20005778718404,58.98480295492307,79.71175526410718,31.015197045076928,-8.842467780799508,-110.82350860371645,32.129887462228915,0.5812914881259589,249.17649139628355,-0.8637061586950168
1744178097228,1744178096449,13.808381080627441,8.301898002624512,2.506481647491455,1744178096439,-0.060933761298656464,0.048563748598098755,-0.5760455131530762,1744178096503,-29.625001907348633,-37.42500305175781,-15.52500057220459,1001.5549926757812,73.20005778718404,58.98480295492307,79.71175526410718,31.015197045076928,-8.842467780799508,-112.53012275477982,32.129887462228915,0.5812914881259589,247.46987724522018,-0.8637061586950168
1744178097287,1744178096449,13.808381080627441,8.301898002624512,2.506481647491455,1744178096543,-0.6403390169143677,0.3179551064968109,1.2777763605117798,1744178096503,-29.625001907348633,-37.42500305175781,-15.52500057220459,1001.5549926757812,73.20005778718404,58.98480295492307,79.71175526410718,31.015197045076928,-8.842467780799508,-112.53012275477982,32.129887462228915,1.4641864409333216,247.46987724522018,-0.8637061586950168
1744178097287,1744178096449,13.808381080627441,8.301898002624512,2.506481647491455,1744178096543,-0.6403390169143677,0.3179551064968109,1.2777763605117798,1744178096603,-25.42500114440918,-41.92500305175781,-12.037500381469727,1001.5549926757812,73.20005778718404,58.98480295492307,79.71175526410718,31.015197045076928,-8.842467780799508,-106.01982291210074,32.129887462228915,1.4641864409333216,253.98017708789928,-0.8637061586950168
1744178097305,1744178096601,9.153144836425781,5.021936416625977,1.5314065217971802,1744178096543,-0.6403390169143677,0.3179551064968109,1.2777763605117798,1744178096603,-25.42500114440918,-41.92500305175781,-12.037500381469727,1001.5549926757812,73.04125946990892,61.24831983721948,80.50185486950488,28.751680162780524,-8.344763137640397,-106.01982291210074,29.838578101522252,1.4641864409333216,253.98017708789928,-0.8637061586950168
1744178097332,1744178096601,9.153144836425781,5.021936416625977,1.5314065217971802,1744178096543,-0.6403390169143677,0.3179551064968109,1.2777763605117798,1744178096603,-25.42500114440918,-41.92500305175781,-12.037500381469727,1001.5774536132812,73.04125946990892,61.24831983721948,80.50185486950488,28.751680162780524,-8.344763137640397,-106.01982291210074,29.838578101522252,1.4641864409333216,253.98017708789928,-1.0528893767148162
1744178097340,1744178096601,9.153144836425781,5.021936416625977,1.5314065217971802,1744178096647,-0.6375901103019714,0.2747364342212677,1.894291639328003,1744178096603,-25.42500114440918,-41.92500305175781,-12.037500381469727,1001.5774536132812,73.04125946990892,61.24831983721948,80.50185486950488,28.751680162780524,-8.344763137640397,-106.01982291210074,29.838578101522252,2.0175088777676966,253.98017708789928,-1.0528893767148162
1744178097399,1744178096601,9.153144836425781,5.021936416625977,1.5314065217971802,1744178096647,-0.6375901103019714,0.2747364342212677,1.894291639328003,1744178096703,-15.375000953674316,-47.26875305175781,-10.74375057220459,1001.5774536132812,73.04125946990892,61.24831983721948,80.50185486950488,28.751680162780524,-8.344763137640397,-102.8052482453413,29.838578101522252,2.0175088777676966,257.1947517546587,-1.0528893767148162
1744178097449,1744178096732,4.332205295562744,5.282155990600586,-0.3409772217273712,1744178096647,-0.6375901103019714,0.2747364342212677,1.894291639328003,1744178096703,-15.375000953674316,-47.26875305175781,-10.74375057220459,1001.5774536132812,93.69347039748742,39.35718340080767,94.50033216062266,50.642816599192344,2.857410792524238,-102.8052482453413,50.70121744116226,2.0175088777676966,257.1947517546587,-1.0528893767148162
1744178097454,1744178096732,4.332205295562744,5.282155990600586,-0.3409772217273712,1744178096752,-0.11468986421823502,0.11392628401517868,1.2751802206039429,1744178096703,-15.375000953674316,-47.26875305175781,-10.74375057220459,1001.5774536132812,93.69347039748742,39.35718340080767,94.50033216062266,50.642816599192344,2.857410792524238,-102.8052482453413,50.70121744116226,1.2853861513815312,257.1947517546587,-1.0528893767148162
1744178097511,1744178096732,4.332205295562744,5.282155990600586,-0.3409772217273712,1744178096752,-0.11468986421823502,0.11392628401517868,1.2751802206039429,1744178096703,-15.375000953674316,-47.26875305175781,-10.74375057220459,1001.5724487304688,93.69347039748742,39.35718340080767,94.50033216062266,50.642816599192344,2.857410792524238,-102.8052482453413,50.70121744116226,1.2853861513815312,257.1947517546587,-1.010734717975843
1744178097556,1744178096732,4.332205295562744,5.282155990600586,-0.3409772217273712,1744178096856,-0.2660316228866577,-0.2793179154396057,1.1270455121994019,1744178096703,-15.375000953674316,-47.26875305175781,-10.74375057220459,1001.5724487304688,93.69347039748742,39.35718340080767,94.50033216062266,50.642816599192344,2.857410792524238,-102.8052482453413,50.70121744116226,1.1912274798836902,257.1947517546587,-1.010734717975843
1744178097566,1744178096862,4.516452789306641,7.146164894104004,1.2586246728897095,1744178096856,-0.2660316228866577,-0.2793179154396057,1.1270455121994019,1744178096703,-15.375000953674316,-47.26875305175781,-10.74375057220459,1001.5724487304688,80.01117445083156,32.29332522347637,74.42814965877926,57.70667477652362,-8.4681899635992,-102.8052482453413,58.100608486494984,1.1912274798836902,257.1947517546587,-1.010734717975843
1744178097621,1744178096862,4.516452789306641,7.146164894104004,1.2586246728897095,1744178096856,-0.2660316228866577,-0.2793179154396057,1.1270455121994019,1744178096903,-3.093750238418579,-50.587501525878906,-9.075000762939453,1001.5724487304688,80.01117445083156,32.29332522347637,74.42814965877926,57.70667477652362,-8.4681899635992,-100.17023601115861,58.100608486494984,1.1912274798836902,259.82976398884136,-1.010734717975843
1744178097648,1744178096862,4.516452789306641,7.146164894104004,1.2586246728897095,1744178096856,-0.2660316228866577,-0.2793179154396057,1.1270455121994019,1744178096903,-3.093750238418579,-50.587501525878906,-9.075000762939453,1001.5237426757812,80.01117445083156,32.29332522347637,74.42814965877926,57.70667477652362,-8.4681899635992,-100.17023601115861,58.100608486494984,1.1912274798836902,259.82976398884136,-0.6004890101903948
1744178097654,1744178096862,4.516452789306641,7.146164894104004,1.2586246728897095,1744178096960,-0.4969384968280792,-0.25900667905807495,1.152549147605896,1744178096903,-3.093750238418579,-50.587501525878906,-9.075000762939453,1001.5237426757812,80.01117445083156,32.29332522347637,74.42814965877926,57.70667477652362,-8.4681899635992,-100.17023601115861,58.100608486494984,1.2815622759247873,259.82976398884136,-0.6004890101903948
1744178097705,1744178096862,4.516452789306641,7.146164894104004,1.2586246728897095,1744178096960,-0.4969384968280792,-0.25900667905807495,1.152549147605896,1744178097003,2.887500047683716,-51.91875076293945,-6.600000381469727,1001.5237426757812,80.01117445083156,32.29332522347637,74.42814965877926,57.70667477652362,-8.4681899635992,-97.244679727609,58.100608486494984,1.2815622759247873,262.75532027239103,-0.6004890101903948
1744178097716,1744178097013,3.432504177093506,8.283951759338379,1.420140266418457,1744178096960,-0.4969384968280792,-0.25900667905807495,1.152549147605896,1744178097003,2.887500047683716,-51.91875076293945,-6.600000381469727,1001.5237426757812,80.2721913186742,22.50696002471885,67.52350567458981,67.49303997528115,-8.999483399540118,-97.244679727609,67.78498873286522,1.2815622759247873,262.75532027239103,-0.6004890101903948
1744178097750,1744178097013,3.432504177093506,8.283951759338379,1.420140266418457,1744178097064,-0.6551524996757507,-0.013897174037992954,0.8028290271759033,1744178097003,2.887500047683716,-51.91875076293945,-6.600000381469727,1001.5237426757812,80.2721913186742,22.50696002471885,67.52350567458981,67.49303997528115,-8.999483399540118,-97.244679727609,67.78498873286522,1.0363167354403933,262.75532027239103,-0.6004890101903948
1744178097796,1744178097013,3.432504177093506,8.283951759338379,1.420140266418457,1744178097064,-0.6551524996757507,-0.013897174037992954,0.8028290271759033,1744178097003,2.887500047683716,-51.91875076293945,-6.600000381469727,1001.4912109375,80.2721913186742,22.50696002471885,67.52350567458981,67.49303997528115,-8.999483399540118,-97.244679727609,67.78498873286522,1.0363167354403933,262.75532027239103,-0.3264687808848743
1744178097810,1744178097122,2.6261229515075684,7.750950813293457,0.4342973232269287,1744178097064,-0.6551524996757507,-0.013897174037992954,0.8028290271759033,1744178097003,2.887500047683716,-51.91875076293945,-6.600000381469727,1001.4912109375,86.7929854666944,18.717048747427263,80.60965212469216,71.28295125257274,-3.0377375360969814,-97.244679727609,71.31022665713976,1.0363167354403933,262.75532027239103,-0.3264687808848743
1744178097867,1744178097122,2.6261229515075684,7.750950813293457,0.4342973232269287,1744178097167,-0.3943132162094116,-0.19944734871387482,0.5526798963546753,1744178097003,2.887500047683716,-51.91875076293945,-6.600000381469727,1001.4912109375,86.7929854666944,18.717048747427263,80.60965212469216,71.28295125257274,-3.0377375360969814,-97.244679727609,71.31022665713976,0.7076137542621813,262.75532027239103,-0.3264687808848743
1744178097931,1744178097122,2.6261229515075684,7.750950813293457,0.4342973232269287,1744178097167,-0.3943132162094116,-0.19944734871387482,0.5526798963546753,1744178097203,11.25,-50.94375228881836,-1.1437500715255737,1001.4912109375,86.7929854666944,18.717048747427263,80.60965212469216,71.28295125257274,-3.0377375360969814,-91.2861448490188,71.31022665713976,0.7076137542621813,268.7138551509812,-0.3264687808848743
1744178097967,1744178097122,2.6261229515075684,7.750950813293457,0.4342973232269287,1744178097167,-0.3943132162094116,-0.19944734871387482,0.5526798963546753,1744178097203,11.25,-50.94375228881836,-1.1437500715255737,1001.469970703125,86.7929854666944,18.717048747427263,80.60965212469216,71.28295125257274,-3.0377375360969814,-91.2861448490188,71.31022665713976,0.7076137542621813,268.7138551509812,-0.1475548734506127
1744178097979,1744178097122,2.6261229515075684,7.750950813293457,0.4342973232269287,1744178097272,-0.2260199636220932,-0.2568686306476593,0.15225805342197418,1744178097203,11.25,-50.94375228881836,-1.1437500715255737,1001.469970703125,86.7929854666944,18.717048747427263,80.60965212469216,71.28295125257274,-3.0377375360969814,-91.2861448490188,71.31022665713976,0.3744983740931123,268.7138551509812,-0.1475548734506127
1744178097979,1744178097251,1.357926845550537,7.980661869049072,0.2955136001110077,1744178097272,-0.2260199636220932,-0.2568686306476593,0.15225805342197418,1744178097203,11.25,-50.94375228881836,-1.1437500715255737,1001.469970703125,87.87938015326546,9.656518284271229,77.72265202958893,80.34348171572877,-2.0905997468562942,-91.2861448490188,80.34997066314271,0.3744983740931123,268.7138551509812,-0.1475548734506127
1744178098060,1744178097251,1.357926845550537,7.980661869049072,0.2955136001110077,1744178097376,-0.009621120058000088,-0.2084576040506363,-0.25320345163345337,1744178097203,11.25,-50.94375228881836,-1.1437500715255737,1001.469970703125,87.87938015326546,9.656518284271229,77.72265202958893,80.34348171572877,-2.0905997468562942,-91.2861448490188,80.34997066314271,0.3281145022043324,268.7138551509812,-0.1475548734506127
1744178098105,1744178097251,1.357926845550537,7.980661869049072,0.2955136001110077,1744178097376,-0.009621120058000088,-0.2084576040506363,-0.25320345163345337,1744178097403,11.662500381469727,-50.025001525878906,1.5,1001.469970703125,87.87938015326546,9.656518284271229,77.72265202958893,80.34348171572877,-2.0905997468562942,-88.28250028586432,80.34997066314271,0.3281145022043324,271.71749971413567,-0.1475548734506127
1744178098113,1744178097381,2.5633113384246826,8.682954788208008,-0.32662028074264526,1744178097376,-0.009621120058000088,-0.2084576040506363,-0.25320345163345337,1744178097403,11.662500381469727,-50.025001525878906,1.5,1001.469970703125,92.15423722519463,16.447226106049673,97.26156734530474,73.55277389395035,2.066165866713273,-88.28250028586432,73.5637703360382,0.3281145022043324,271.71749971413567,-0.1475548734506127
1744178098114,1744178097381,2.5633113384246826,8.682954788208008,-0.32662028074264526,1744178097376,-0.009621120058000088,-0.2084576040506363,-0.25320345163345337,1744178097403,11.662500381469727,-50.025001525878906,1.5,1001.458740234375,92.15423722519463,16.447226106049673,97.26156734530474,73.55277389395035,2.066165866713273,-88.28250028586432,73.5637703360382,0.3281145022043324,271.71749971413567,-0.05295547374475573
1744178098217,1744178097381,2.5633113384246826,8.682954788208008,-0.32662028074264526,1744178097480,-0.03649916872382164,-0.004123337101191282,-0.02916879393160343,1744178097403,11.662500381469727,-50.025001525878906,1.5,1001.458740234375,92.15423722519463,16.447226106049673,97.26156734530474,73.55277389395035,2.066165866713273,-88.28250028586432,73.5637703360382,0.04690426170194352,271.71749971413567,-0.05295547374475573
1744178098281,1744178097533,2.770888566970825,9.933204650878906,-0.2632105052471161,1744178097480,-0.03649916872382164,-0.004123337101191282,-0.02916879393160343,1744178097403,11.662500381469727,-50.025001525878906,1.5,1001.458740234375,91.51787096262116,15.586557463186239,95.4263225433195,74.41344253681376,1.4620769099917998,-88.28250028586432,74.41864595127022,0.04690426170194352,271.71749971413567,-0.05295547374475573
1744178098284,1744178097533,2.770888566970825,9.933204650878906,-0.2632105052471161,1744178097480,-0.03649916872382164,-0.004123337101191282,-0.02916879393160343,1744178097403,11.662500381469727,-50.025001525878906,1.5,1001.4524536132812,91.51787096262116,15.586557463186239,95.4263225433195,74.41344253681376,1.4620769099917998,-88.28250028586432,74.41864595127022,0.04690426170194352,271.71749971413567,0
1744178098290,1744178097533,2.770888566970825,9.933204650878906,-0.2632105052471161,1744178097583,-0.13881902396678925,0.16264274716377258,0.05238165333867073,1744178097403,11.662500381469727,-50.025001525878906,1.5,1001.4524536132812,91.51787096262116,15.586557463186239,95.4263225433195,74.41344253681376,1.4620769099917998,-88.28250028586432,74.41864595127022,0.22015272477660489,271.71749971413567,0
1744178098290,1744178097533,2.770888566970825,9.933204650878906,-0.2632105052471161,1744178097583,-0.13881902396678925,0.16264274716377258,0.05238165333867073,1744178097603,11.456250190734863,-50.75625228881836,1.9500000476837158,1001.4524536132812,91.51787096262116,15.586557463186239,95.4263225433195,74.41344253681376,1.4620769099917998,-87.79984048614052,74.41864595127022,0.22015272477660489,272.2001595138595,0
1744178098379,1744178097663,2.324028968811035,9.531808853149414,-0.7244270443916321,1744178097583,-0.13881902396678925,0.16264274716377258,0.05238165333867073,1744178097603,11.456250190734863,-50.75625228881836,1.9500000476837158,1001.4524536132812,94.3461815588638,13.702408165481684,107.31286802634189,76.29759183451831,4.22293960021765,-87.79984048614052,76.3355156218904,0.22015272477660489,272.2001595138595,0
1744178098389,1744178097663,2.324028968811035,9.531808853149414,-0.7244270443916321,1744178097688,-0.019394956529140472,0.1153007298707962,0.04505127668380737,1744178097603,11.456250190734863,-50.75625228881836,1.9500000476837158,1001.4524536132812,94.3461815588638,13.702408165481684,107.31286802634189,76.29759183451831,4.22293960021765,-87.79984048614052,76.3355156218904,0.12529980119037112,272.2001595138595,0
1744178098409,1744178097663,2.324028968811035,9.531808853149414,-0.7244270443916321,1744178097688,-0.019394956529140472,0.1153007298707962,0.04505127668380737,1744178097703,10.443750381469727,-50.343753814697266,2.9625000953674316,1001.4524536132812,94.3461815588638,13.702408165481684,107.31286802634189,76.29759183451831,4.22293960021765,-86.63228856538754,76.3355156218904,0.12529980119037112,273.3677114346125,0
1744178098475,1744178097663,2.324028968811035,9.531808853149414,-0.7244270443916321,1744178097688,-0.019394956529140472,0.1153007298707962,0.04505127668380737,1744178097703,10.443750381469727,-50.343753814697266,2.9625000953674316,1001.4562377929688,94.3461815588638,13.702408165481684,107.31286802634189,76.29759183451831,4.22293960021765,-86.63228856538754,76.3355156218904,0.12529980119037112,273.3677114346125,-0.03187614265944605
1744178098481,1744178097663,2.324028968811035,9.531808853149414,-0.7244270443916321,1744178097791,0.19410228729248047,0.0027488914784044027,0.2214384824037552,1744178097703,10.443750381469727,-50.343753814697266,2.9625000953674316,1001.4562377929688,94.3461815588638,13.702408165481684,107.31286802634189,76.29759183451831,4.22293960021765,-86.63228856538754,76.3355156218904,0.2944796356725043,273.3677114346125,-0.03187614265944605
1744178098516,1744178097793,2.6733810901641846,9.19980525970459,-0.45104706287384033,1744178097791,0.19410228729248047,0.0027488914784044027,0.2214384824037552,1744178097703,10.443750381469727,-50.343753814697266,2.9625000953674316,1001.4562377929688,92.80684378698571,16.20339177837398,99.57663087671004,73.79660822162603,2.6955158388694445,-86.63228856538754,73.81502921315888,0.2944796356725043,273.3677114346125,-0.03187614265944605
1744178098584,1744178097793,2.6733810901641846,9.19980525970459,-0.45104706287384033,1744178097895,0.07651081681251526,-0.013897174037992954,0.3274235129356384,1744178097703,10.443750381469727,-50.343753814697266,2.9625000953674316,1001.4562377929688,92.80684378698571,16.20339177837398,99.57663087671004,73.79660822162603,2.6955158388694445,-86.63228856538754,73.81502921315888,0.33653111796485435,273.3677114346125,-0.03187614265944605
1744178098612,1744178097793,2.6733810901641846,9.19980525970459,-0.45104706287384033,1744178097895,0.07651081681251526,-0.013897174037992954,0.3274235129356384,1744178097703,10.443750381469727,-50.343753814697266,2.9625000953674316,1001.4574584960938,92.80684378698571,16.20339177837398,99.57663087671004,73.79660822162603,2.6955158388694445,-86.63228856538754,73.81502921315888,0.33653111796485435,273.3677114346125,-0.04215874851549728
1744178098619,1744178097793,2.6733810901641846,9.19980525970459,-0.45104706287384033,1744178097895,0.07651081681251526,-0.013897174037992954,0.3274235129356384,1744178097903,12.825000762939453,-49.42500305175781,1.6875001192092896,1001.4574584960938,92.80684378698571,16.20339177837398,99.57663087671004,73.79660822162603,2.6955158388694445,-88.04453039551905,73.81502921315888,0.33653111796485435,271.955469604481,-0.04215874851549728
1744178098694,1744178097923,0.7369893789291382,9.41635513305664,-0.8249256014823914,1744178097895,0.07651081681251526,-0.013897174037992954,0.3274235129356384,1744178097903,12.825000762939453,-49.42500305175781,1.6875001192092896,1001.4574584960938,95.0066499727017,4.475242663013028,138.22236560370035,85.52475733698698,4.991462643845622,-88.04453039551905,85.54176331821239,0.33653111796485435,271.955469604481,-0.04215874851549728
1744178098710,1744178097923,0.7369893789291382,9.41635513305664,-0.8249256014823914,1744178097999,0.17043127119541168,-0.42943793535232544,0.034208428114652634,1744178097903,12.825000762939453,-49.42500305175781,1.6875001192092896,1001.4574584960938,95.0066499727017,4.475242663013028,138.22236560370035,85.52475733698698,4.991462643845622,-88.04453039551905,85.54176331821239,0.46328606181821114,271.955469604481,-0.04215874851549728
1744178098720,1744178097923,0.7369893789291382,9.41635513305664,-0.8249256014823914,1744178097999,0.17043127119541168,-0.42943793535232544,0.034208428114652634,1744178098003,13.256250381469727,-49.76250076293945,1.5187500715255737,1001.4574584960938,95.0066499727017,4.475242663013028,138.22236560370035,85.52475733698698,4.991462643845622,-88.25187711990786,85.54176331821239,0.46328606181821114,271.7481228800921,-0.04215874851549728
1744178098769,1744178097923,0.7369893789291382,9.41635513305664,-0.8249256014823914,1744178097999,0.17043127119541168,-0.42943793535232544,0.034208428114652634,1744178098003,13.256250381469727,-49.76250076293945,1.5187500715255737,1001.4599609375,95.0066499727017,4.475242663013028,138.22236560370035,85.52475733698698,4.991462643845622,-88.25187711990786,85.54176331821239,0.46328606181821114,271.7481228800921,-0.06323805880204647
1744178098777,1744178098053,1.781456470489502,8.711668968200684,0.42711883783340454,1744178097999,0.17043127119541168,-0.42943793535232544,0.034208428114652634,1744178098003,13.256250381469727,-49.76250076293945,1.5187500715255737,1001.4599609375,87.19312951865062,11.557127024276054,76.51736577155954,78.44287297572394,-2.750050671382371,-88.25187711990786,78.45636598392171,0.46328606181821114,271.7481228800921,-0.06323805880204647
1744178098788,1744178098053,1.781456470489502,8.711668968200684,0.42711883783340454,1744178098104,-0.20433427393436432,-0.249690979719162,0.4584540128707886,1744178098003,13.256250381469727,-49.76250076293945,1.5187500715255737,1001.4599609375,87.19312951865062,11.557127024276054,76.51736577155954,78.44287297572394,-2.750050671382371,-88.25187711990786,78.45636598392171,0.5606051754797916,271.7481228800921,-0.06323805880204647
1744178098798,1744178098053,1.781456470489502,8.711668968200684,0.42711883783340454,1744178098104,-0.20433427393436432,-0.249690979719162,0.4584540128707886,1744178098103,14.831250190734863,-50.28750228881836,1.1062500476837158,1001.4599609375,87.19312951865062,11.557127024276054,76.51736577155954,78.44287297572394,-2.750050671382371,-88.7397815675158,78.45636598392171,0.5606051754797916,271.2602184324842,-0.06323805880204647
1744178098891,1744178098053,1.781456470489502,8.711668968200684,0.42711883783340454,1744178098104,-0.20433427393436432,-0.249690979719162,0.4584540128707886,1744178098203,18.67500114440918,-49.35000228881836,2.4750001430511475,1001.4599609375,87.19312951865062,11.557127024276054,76.51736577155954,78.44287297572394,-2.750050671382371,-87.12890895641213,78.45636598392171,0.5606051754797916,272.87109104358785,-0.06323805880204647
1744178098915,1744178098183,-0.727418065071106,5.866004943847656,-1.8867406845092773,1744178098104,-0.20433427393436432,-0.249690979719162,0.4584540128707886,1744178098203,18.67500114440918,-49.35000228881836,2.4750001430511475,1001.4599609375,107.82985769090617,-7.068916909223814,-158.91624621502032,97.06891690922383,17.702821536802478,-87.12890895641213,96.73259066366637,0.5606051754797916,272.87109104358785,-0.06323805880204647
1744178098926,1744178098183,-0.727418065071106,5.866004943847656,-1.8867406845092773,1744178098207,-0.061391908675432205,-0.24816381931304932,0.6174315810203552,1744178098203,18.67500114440918,-49.35000228881836,2.4750001430511475,1001.4599609375,107.82985769090617,-7.068916909223814,-158.91624621502032,97.06891690922383,17.702821536802478,-87.12890895641213,96.73259066366637,0.6682634247870729,272.87109104358785,-0.06323805880204647
1744178098927,1744178098183,-0.727418065071106,5.866004943847656,-1.8867406845092773,1744178098207,-0.061391908675432205,-0.24816381931304932,0.6174315810203552,1744178098203,18.67500114440918,-49.35000228881836,2.4750001430511475,1001.4674682617188,107.82985769090617,-7.068916909223814,-158.91624621502032,97.06891690922383,17.702821536802478,-87.12890895641213,96.73259066366637,0.6682634247870729,272.87109104358785,-0.126475733767053
1744178098996,1744178098183,-0.727418065071106,5.866004943847656,-1.8867406845092773,1744178098311,-0.12217295914888382,0.42592546343803406,0.7101303339004517,1744178098203,18.67500114440918,-49.35000228881836,2.4750001430511475,1001.4674682617188,107.82985769090617,-7.068916909223814,-158.91624621502032,97.06891690922383,17.702821536802478,-87.12890895641213,96.73259066366637,0.8370327493459655,272.87109104358785,-0.126475733767053
1744178099047,1744178098334,-0.24287149310112,3.6496527194976807,-0.020937198773026466,1744178098311,-0.12217295914888382,0.42592546343803406,0.7101303339004517,1744178098203,18.67500114440918,-49.35000228881836,2.4750001430511475,1001.4674682617188,90.32868879782141,-3.8072183010760545,-94.92711020333775,93.80721830107606,0.32796343398474365,-87.12890895641213,93.80715583819357,0.8370327493459655,272.87109104358785,-0.126475733767053
1744178099086,1744178098334,-0.24287149310112,3.6496527194976807,-0.020937198773026466,1744178098311,-0.12217295914888382,0.42592546343803406,0.7101303339004517,1744178098203,18.67500114440918,-49.35000228881836,2.4750001430511475,1001.4762573242188,90.32868879782141,-3.8072183010760545,-94.92711020333775,93.80721830107606,0.32796343398474365,-87.12890895641213,93.80715583819357,0.8370327493459655,272.87109104358785,-0.20050959719974282
1744178099095,1744178098334,-0.24287149310112,3.6496527194976807,-0.020937198773026466,1744178098311,-0.12217295914888382,0.42592546343803406,0.7101303339004517,1744178098403,23.25,-47.41875076293945,1.40625,1001.4762573242188,90.32868879782141,-3.8072183010760545,-94.92711020333775,93.80721830107606,0.32796343398474365,-88.30133479650883,93.80715583819357,0.8370327493459655,271.69866520349115,-0.20050959719974282
1744178099154,1744178098334,-0.24287149310112,3.6496527194976807,-0.020937198773026466,1744178098415,0.5421425104141235,0.24831652641296387,-0.7739656567573547,1744178098403,23.25,-47.41875076293945,1.40625,1001.4762573242188,90.32868879782141,-3.8072183010760545,-94.92711020333775,93.80721830107606,0.32796343398474365,-88.30133479650883,93.80715583819357,0.9770375820447091,271.69866520349115,-0.20050959719974282
1744178099189,1744178098464,-0.6586244106292725,5.178068161010742,0.15314064919948578,1744178098415,0.5421425104141235,0.24831652641296387,-0.7739656567573547,1744178098403,23.25,-47.41875076293945,1.40625,1001.4762573242188,88.3059790401659,-7.248812450289568,-76.9104027982866,97.24881245028958,-1.6804894024332102,-88.30133479650883,97.24567803639772,0.9770375820447091,271.69866520349115,-0.20050959719974282
1744178099195,1744178098464,-0.6586244106292725,5.178068161010742,0.15314064919948578,1744178098415,0.5421425104141235,0.24831652641296387,-0.7739656567573547,1744178098503,12.862500190734863,-50.250003814697266,-2.9625000953674316,1001.4762573242188,88.3059790401659,-7.248812450289568,-76.9104027982866,97.24881245028958,-1.6804894024332102,-93.37397997631243,97.24567803639772,0.9770375820447091,266.6260200236876,-0.20050959719974282
1744178099219,1744178098464,-0.6586244106292725,5.178068161010742,0.15314064919948578,1744178098520,0.901178240776062,0.08414662629365921,-3.3936593532562256,1744178098503,12.862500190734863,-50.250003814697266,-2.9625000953674316,1001.4762573242188,88.3059790401659,-7.248812450289568,-76.9104027982866,97.24881245028958,-1.6804894024332102,-93.37397997631243,97.24567803639772,3.5122822611954616,266.6260200236876,-0.20050959719974282
1744178099226,1744178098464,-0.6586244106292725,5.178068161010742,0.15314064919948578,1744178098520,0.901178240776062,0.08414662629365921,-3.3936593532562256,1744178098503,12.862500190734863,-50.250003814697266,-2.9625000953674316,1001.4924926757812,88.3059790401659,-7.248812450289568,-76.9104027982866,97.24881245028958,-1.6804894024332102,-93.37397997631243,97.24567803639772,3.5122822611954616,266.6260200236876,-0.3372652114863528
1744178099289,1744178098464,-0.6586244106292725,5.178068161010742,0.15314064919948578,1744178098520,0.901178240776062,0.08414662629365921,-3.3936593532562256,1744178098603,-5.081250190734863,-51.150001525878906,-6.468750476837158,1001.4924926757812,88.3059790401659,-7.248812450289568,-76.9104027982866,97.24881245028958,-1.6804894024332102,-97.20772060300389,97.24567803639772,3.5122822611954616,262.7922793969961,-0.3372652114863528
1744178099336,1744178098595,10.84427261352539,12.026326179504395,1.7288143634796143,1744178098520,0.901178240776062,0.08414662629365921,-3.3936593532562256,1744178098603,-5.081250190734863,-51.150001525878906,-6.468750476837158,1001.4924926757812,81.81963020116851,42.041333637383254,80.94202283441409,47.958666362616746,-6.093787307164044,-97.20772060300389,48.24993090083803,3.5122822611954616,262.7922793969961,-0.3372652114863528
1744178099343,1744178098595,10.84427261352539,12.026326179504395,1.7288143634796143,1744178098624,0.3906480371952057,0.3046688139438629,-2.606712818145752,1744178098603,-5.081250190734863,-51.150001525878906,-6.468750476837158,1001.4924926757812,81.81963020116851,42.041333637383254,80.94202283441409,47.958666362616746,-6.093787307164044,-97.20772060300389,48.24993090083803,2.6533715705569385,262.7922793969961,-0.3372652114863528
1744178099384,1744178098595,10.84427261352539,12.026326179504395,1.7288143634796143,1744178098624,0.3906480371952057,0.3046688139438629,-2.606712818145752,1744178098603,-5.081250190734863,-51.150001525878906,-6.468750476837158,1001.5449829101562,81.81963020116851,42.041333637383254,80.94202283441409,47.958666362616746,-6.093787307164044,-97.20772060300389,48.24993090083803,2.6533715705569385,262.7922793969961,-0.7793951397150645
1744178099438,1744178098724,11.530414581298828,14.819947242736816,0.9218349456787109,1744178098624,0.3906480371952057,0.3046688139438629,-2.606712818145752,1744178098603,-5.081250190734863,-51.150001525878906,-6.468750476837158,1001.5449829101562,86.44065597931824,37.88410969353584,85.42903246741788,52.115890306464166,-2.8105908061781104,-97.20772060300389,52.16949413653413,2.6533715705569385,262.7922793969961,-0.7793951397150645
1744178099497,1744178098724,11.530414581298828,14.819947242736816,0.9218349456787109,1744178098624,0.3906480371952057,0.3046688139438629,-2.606712818145752,1744178098803,-16.950000762939453,-48.07500076293945,-4.350000381469727,1001.5449829101562,86.44065597931824,37.88410969353584,85.42903246741788,52.115890306464166,-2.8105908061781104,-95.17025044343391,52.16949413653413,2.6533715705569385,264.82974955656607,-0.7793951397150645
1744178099544,1744178098724,11.530414581298828,14.819947242736816,0.9218349456787109,1744178098831,-0.09162971377372742,0.66645348072052,0.2701549530029297,1744178098803,-16.950000762939453,-48.07500076293945,-4.350000381469727,1001.5449829101562,86.44065597931824,37.88410969353584,85.42903246741788,52.115890306464166,-2.8105908061781104,-95.17025044343391,52.16949413653413,0.7249413390356263,264.82974955656607,-0.7793951397150645
1744178099547,1744178098724,11.530414581298828,14.819947242736816,0.9218349456787109,1744178098831,-0.09162971377372742,0.66645348072052,0.2701549530029297,1744178098803,-16.950000762939453,-48.07500076293945,-4.350000381469727,1001.5599975585938,86.44065597931824,37.88410969353584,85.42903246741788,52.115890306464166,-2.8105908061781104,-95.17025044343391,52.16949413653413,0.7249413390356263,264.82974955656607,-0.9058614123395681
1744178099559,1744178098855,8.639883995056152,9.77707290649414,2.2205393314361572,1744178098831,-0.09162971377372742,0.66645348072052,0.2701549530029297,1744178098803,-16.950000762939453,-48.07500076293945,-4.350000381469727,1001.5599975585938,77.20421925533644,41.46665254871925,75.58635005703697,48.53334745128075,-9.658521121831404,-95.17025044343391,49.24713049434852,0.7249413390356263,264.82974955656607,-0.9058614123395681
1744178099606,1744178098855,8.639883995056152,9.77707290649414,2.2205393314361572,1744178098831,-0.09162971377372742,0.66645348072052,0.2701549530029297,1744178098903,-15.131250381469727,-48.45000076293945,-2.325000047683716,1001.5599975585938,77.20421925533644,41.46665254871925,75.58635005703697,48.53334745128075,-9.658521121831404,-92.74738027847468,49.24713049434852,0.7249413390356263,267.2526197215253,-0.9058614123395681
1744178099662,1744178098855,8.639883995056152,9.77707290649414,2.2205393314361572,1744178098935,-0.047036588191986084,0.6740893125534058,0.6247619390487671,1744178098903,-15.131250381469727,-48.45000076293945,-2.325000047683716,1001.5599975585938,77.20421925533644,41.46665254871925,75.58635005703697,48.53334745128075,-9.658521121831404,-92.74738027847468,49.24713049434852,0.9202914334119605,267.2526197215253,-0.9058614123395681
1744178099716,1744178098985,7.4811601638793945,6.760920524597168,4.475774765014648,1744178098935,-0.047036588191986084,0.6740893125534058,0.6247619390487671,1744178098903,-15.131250381469727,-48.45000076293945,-2.325000047683716,1001.5599975585938,56.495173447145135,47.89505214769189,59.109063844818515,42.10494785230811,-23.93496714936024,-92.74738027847468,47.303260719440736,0.9202914334119605,267.2526197215253,-0.9058614123395681
1744178099730,1744178098985,7.4811601638793945,6.760920524597168,4.475774765014648,1744178098935,-0.047036588191986084,0.6740893125534058,0.6247619390487671,1744178098903,-15.131250381469727,-48.45000076293945,-2.325000047683716,1001.54248046875,56.495173447145135,47.89505214769189,59.109063844818515,42.10494785230811,-23.93496714936024,-92.74738027847468,47.303260719440736,0.9202914334119605,267.2526197215253,-0.7583172783530512
1744178099744,1744178098985,7.4811601638793945,6.760920524597168,4.475774765014648,1744178099040,0.13255766034126282,0.07712167501449585,0.36361727118492126,1744178098903,-15.131250381469727,-48.45000076293945,-2.325000047683716,1001.54248046875,56.495173447145135,47.89505214769189,59.109063844818515,42.10494785230811,-23.93496714936024,-92.74738027847468,47.303260719440736,0.39463502882557155,267.2526197215253,-0.7583172783530512
1744178099797,1744178098985,7.4811601638793945,6.760920524597168,4.475774765014648,1744178099040,0.13255766034126282,0.07712167501449585,0.36361727118492126,1744178099103,-9.975000381469727,-49.85625076293945,-2.4375,1001.54248046875,56.495173447145135,47.89505214769189,59.109063844818515,42.10494785230811,-23.93496714936024,-92.79899401075173,47.303260719440736,0.39463502882557155,267.2010059892483,-0.7583172783530512
1744178099835,1744178099136,6.32363224029541,6.8895344734191895,5.589633464813232,1744178099040,0.13255766034126282,0.07712167501449585,0.36361727118492126,1744178099103,-9.975000381469727,-49.85625076293945,-2.4375,1001.54248046875,50.94680710391147,42.547597246561686,48.525644431814214,47.452402753438314,-30.867354154169202,-92.79899401075173,54.519675060845515,0.39463502882557155,267.2010059892483,-0.7583172783530512
1744178099844,1744178099136,6.32363224029541,6.8895344734191895,5.589633464813232,1744178099143,-0.6656898856163025,-0.7802270650863647,-0.27656903862953186,1744178099103,-9.975000381469727,-49.85625076293945,-2.4375,1001.54248046875,50.94680710391147,42.547597246561686,48.525644431814214,47.452402753438314,-30.867354154169202,-92.79899401075173,54.519675060845515,1.0622559625785077,267.2010059892483,-0.7583172783530512
1744178099888,1744178099136,6.32363224029541,6.8895344734191895,5.589633464813232,1744178099143,-0.6656898856163025,-0.7802270650863647,-0.27656903862953186,1744178099103,-9.975000381469727,-49.85625076293945,-2.4375,1001.5174560546875,50.94680710391147,42.547597246561686,48.525644431814214,47.452402753438314,-30.867354154169202,-92.79899401075173,54.519675060845515,1.0622559625785077,267.2010059892483,-0.5475363194241312
1744178099911,1744178099136,6.32363224029541,6.8895344734191895,5.589633464813232,1744178099143,-0.6656898856163025,-0.7802270650863647,-0.27656903862953186,1744178099203,-12.075000762939453,-48.67500305175781,0.4125000238418579,1001.5174560546875,50.94680710391147,42.547597246561686,48.525644431814214,47.452402753438314,-30.867354154169202,-89.51445417237004,54.519675060845515,1.0622559625785077,270.48554582762995,-0.5475363194241312
1744178099964,1744178099136,6.32363224029541,6.8895344734191895,5.589633464813232,1744178099248,-1.348331332206726,-1.3095413446426392,-0.3897317349910736,1744178099203,-12.075000762939453,-48.67500305175781,0.4125000238418579,1001.5174560546875,50.94680710391147,42.547597246561686,48.525644431814214,47.452402753438314,-30.867354154169202,-89.51445417237004,54.519675060845515,1.9195798342340358,270.48554582762995,-0.5475363194241312
1744178099969,1744178099267,6.6939215660095215,6.999604225158691,-6.598208427429199,1744178099248,-1.348331332206726,-1.3095413446426392,-0.3897317349910736,1744178099203,-12.075000762939453,-48.67500305175781,0.4125000238418579,1001.5174560546875,133.3091686052121,43.721189990684906,134.58743526372103,46.278810009315094,34.265325853514966,-89.51445417237004,55.16652511482039,1.9195798342340358,270.48554582762995,-0.5475363194241312
1744178099998,1744178099267,6.6939215660095215,6.999604225158691,-6.598208427429199,1744178099248,-1.348331332206726,-1.3095413446426392,-0.3897317349910736,1744178099304,-14.325000762939453,-47.23125076293945,4.237500190734863,1001.5174560546875,133.3091686052121,43.721189990684906,134.58743526372103,46.278810009315094,34.265325853514966,-84.87325520658541,55.16652511482039,1.9195798342340358,275.12674479341456,-0.5475363194241312
1744178100041,1744178099267,6.6939215660095215,6.999604225158691,-6.598208427429199,1744178099248,-1.348331332206726,-1.3095413446426392,-0.3897317349910736,1744178099304,-14.325000762939453,-47.23125076293945,4.237500190734863,1001.5050048828125,133.3091686052121,43.721189990684906,134.58743526372103,46.278810009315094,34.265325853514966,-84.87325520658541,55.16652511482039,1.9195798342340358,275.12674479341456,-0.4426583510758597
1744178100052,1744178099267,6.6939215660095215,6.999604225158691,-6.598208427429199,1744178099351,-0.13545925915241241,-0.9405790567398071,-0.15928299725055695,1744178099304,-14.325000762939453,-47.23125076293945,4.237500190734863,1001.5050048828125,133.3091686052121,43.721189990684906,134.58743526372103,46.278810009315094,34.265325853514966,-84.87325520658541,55.16652511482039,0.9635399556223845,275.12674479341456,-0.4426583510758597
1744178100091,1744178099267,6.6939215660095215,6.999604225158691,-6.598208427429199,1744178099351,-0.13545925915241241,-0.9405790567398071,-0.15928299725055695,1744178099403,-16.80000114440918,-46.44375228881836,4.181250095367432,1001.5050048828125,133.3091686052121,43.721189990684906,134.58743526372103,46.278810009315094,34.265325853514966,-84.85562941332232,55.16652511482039,0.9635399556223845,275.14437058667767,-0.4426583510758597
1744178100141,1744178099396,7.127620220184326,6.616752624511719,-4.3070807456970215,1744178099351,-0.13545925915241241,-0.9405790567398071,-0.15928299725055695,1744178099403,-16.80000114440918,-46.44375228881836,4.181250095367432,1001.5050048828125,123.06154126732818,47.12865941779245,121.14374342308498,42.87134058220755,23.8869706495096,-84.85562941332232,47.924524745991526,0.9635399556223845,275.14437058667767,-0.4426583510758597
1744178100141,1744178099396,7.127620220184326,6.616752624511719,-4.3070807456970215,1744178099456,-0.30482152104377747,-0.6965385675430298,0.09590577334165573,1744178099403,-16.80000114440918,-46.44375228881836,4.181250095367432,1001.5050048828125,123.06154126732818,47.12865941779245,121.14374342308498,42.87134058220755,23.8869706495096,-84.85562941332232,47.924524745991526,0.766341994886486,275.14437058667767,-0.4426583510758597
1744178100187,1744178099396,7.127620220184326,6.616752624511719,-4.3070807456970215,1744178099456,-0.30482152104377747,-0.6965385675430298,0.09590577334165573,1744178099403,-16.80000114440918,-46.44375228881836,4.181250095367432,1001.5037231445312,123.06154126732818,47.12865941779245,121.14374342308498,42.87134058220755,23.8869706495096,-84.85562941332232,47.924524745991526,0.766341994886486,275.14437058667767,-0.4318620296949427
1744178100244,1744178099526,5.72841739654541,6.474977970123291,-2.403590440750122,1744178099456,-0.30482152104377747,-0.6965385675430298,0.09590577334165573,1744178099403,-16.80000114440918,-46.44375228881836,4.181250095367432,1001.5037231445312,110.36553730357079,41.499209780227346,112.7624662237685,48.500790219772654,15.537252283678079,-84.85562941332232,50.32770989871163,0.766341994886486,275.14437058667767,-0.4318620296949427
1744178100295,1744178099526,5.72841739654541,6.474977970123291,-2.403590440750122,1744178099559,-0.2952004075050354,-0.535728394985199,-0.471587598323822,1744178099403,-16.80000114440918,-46.44375228881836,4.181250095367432,1001.5037231445312,110.36553730357079,41.499209780227346,112.7624662237685,48.500790219772654,15.537252283678079,-84.85562941332232,50.32770989871163,0.7723619984679378,275.14437058667767,-0.4318620296949427
1744178100299,1744178099526,5.72841739654541,6.474977970123291,-2.403590440750122,1744178099559,-0.2952004075050354,-0.535728394985199,-0.471587598323822,1744178099603,-19.96875,-45.54375076293945,4.875,1001.5037231445312,110.36553730357079,41.499209780227346,112.7624662237685,48.500790219772654,15.537252283678079,-83.89032672564794,50.32770989871163,0.7723619984679378,276.1096732743521,-0.4318620296949427
1744178100356,1744178099526,5.72841739654541,6.474977970123291,-2.403590440750122,1744178099559,-0.2952004075050354,-0.535728394985199,-0.471587598323822,1744178099603,-19.96875,-45.54375076293945,4.875,1001.5075073242188,110.36553730357079,41.499209780227346,112.7624662237685,48.500790219772654,15.537252283678079,-83.89032672564794,50.32770989871163,0.7723619984679378,276.1096732743521,-0.4637368510474249
1744178100409,1744178099526,5.72841739654541,6.474977970123291,-2.403590440750122,1744178099664,-0.18677189946174622,-0.2185368686914444,-0.7255546450614929,1744178099603,-19.96875,-45.54375076293945,4.875,1001.5075073242188,110.36553730357079,41.499209780227346,112.7624662237685,48.500790219772654,15.537252283678079,-83.89032672564794,50.32770989871163,0.7804304250708831,276.1096732743521,-0.4637368510474249
1744178100409,1744178099656,7.902296543121338,6.911668300628662,-0.4773681163787842,1744178099664,-0.18677189946174622,-0.2185368686914444,-0.7255546450614929,1744178099603,-19.96875,-45.54375076293945,4.875,1001.5075073242188,93.95097255336053,48.825744170329344,93.45696731134285,41.17425582967066,2.6034654710779916,-83.89032672564794,41.24182586335011,0.7804304250708831,276.1096732743521,-0.4637368510474249
1744178100461,1744178099656,7.902296543121338,6.911668300628662,-0.4773681163787842,1744178099768,-0.06017018109560013,0.09346231073141098,-0.08109229803085327,1744178099603,-19.96875,-45.54375076293945,4.875,1001.5075073242188,93.95097255336053,48.825744170329344,93.45696731134285,41.17425582967066,2.6034654710779916,-83.89032672564794,41.24182586335011,0.13759220552144974,276.1096732743521,-0.4637368510474249
1744178100510,1744178099656,7.902296543121338,6.911668300628662,-0.4773681163787842,1744178099768,-0.06017018109560013,0.09346231073141098,-0.08109229803085327,1744178099803,-22.443750381469727,-43.181251525878906,5.550000190734863,1001.5075073242188,93.95097255336053,48.825744170329344,93.45696731134285,41.17425582967066,2.6034654710779916,-82.67604077876443,41.24182586335011,0.13759220552144974,277.32395922123555,-0.4637368510474249
1744178100520,1744178099786,7.463811874389648,7.033702373504639,-0.534795880317688,1744178099768,-0.06017018109560013,0.09346231073141098,-0.08109229803085327,1744178099803,-22.443750381469727,-43.181251525878906,5.550000190734863,1001.5075073242188,94.34802359090253,46.69934185307761,94.09834418825731,43.30065814692239,2.985024617572734,-82.67604077876443,43.38308912127665,0.13759220552144974,277.32395922123555,-0.4637368510474249
1744178100520,1744178099786,7.463811874389648,7.033702373504639,-0.534795880317688,1744178099768,-0.06017018109560013,0.09346231073141098,-0.08109229803085327,1744178099803,-22.443750381469727,-43.181251525878906,5.550000190734863,1001.5137329101562,94.34802359090253,46.69934185307761,94.09834418825731,43.30065814692239,2.985024617572734,-82.67604077876443,43.38308912127665,0.13759220552144974,277.32395922123555,-0.5161758611043532
1744178100583,1744178099786,7.463811874389648,7.033702373504639,-0.534795880317688,1744178099872,-0.06230820715427399,-0.013744457624852657,-0.07299833744764328,1744178099803,-22.443750381469727,-43.181251525878906,5.550000190734863,1001.5137329101562,94.34802359090253,46.69934185307761,94.09834418825731,43.30065814692239,2.985024617572734,-82.67604077876443,43.38308912127665,0.09695349433775602,277.32395922123555,-0.5161758611043532
1744178100667,1744178099937,7.561319351196289,6.147759437561035,-0.36191442608833313,1744178099872,-0.06230820715427399,-0.013744457624852657,-0.07299833744764328,1744178099803,-22.443750381469727,-43.181251525878906,5.550000190734863,1001.5137329101562,93.3690752956522,50.88703336434366,92.74030955654996,39.11296663565635,2.126861467850046,-82.67604077876443,39.16148772699565,0.09695349433775602,277.32395922123555,-0.5161758611043532
1744178100670,1744178099937,7.561319351196289,6.147759437561035,-0.36191442608833313,1744178099872,-0.06230820715427399,-0.013744457624852657,-0.07299833744764328,1744178099803,-22.443750381469727,-43.181251525878906,5.550000190734863,1001.5224609375,93.3690752956522,50.88703336434366,92.74030955654996,39.11296663565635,2.126861467850046,-82.67604077876443,39.16148772699565,0.09695349433775602,277.32395922123555,-0.5896928523647094
1744178100685,1744178099937,7.561319351196289,6.147759437561035,-0.36191442608833313,1744178099975,-0.1101083755493164,0.10384701192378998,0.011300998739898205,1744178099803,-22.443750381469727,-43.181251525878906,5.550000190734863,1001.5224609375,93.3690752956522,50.88703336434366,92.74030955654996,39.11296663565635,2.126861467850046,-82.67604077876443,39.16148772699565,0.15177538938882107,277.32395922123555,-0.5896928523647094
1744178100774,1744178099937,7.561319351196289,6.147759437561035,-0.36191442608833313,1744178099975,-0.1101083755493164,0.10384701192378998,0.011300998739898205,1744178100003,-23.231250762939453,-43.01250076293945,5.831250190734863,1001.5224609375,93.3690752956522,50.88703336434366,92.74030955654996,39.11296663565635,2.126861467850046,-82.27942114618605,39.16148772699565,0.15177538938882107,277.72057885381395,-0.5896928523647094
1744178100780,1744178100068,7.047461032867432,6.422336101531982,-0.36729827523231506,1744178099975,-0.1101083755493164,0.10384701192378998,0.011300998739898205,1744178100003,-23.231250762939453,-43.01250076293945,5.831250190734863,1001.5224609375,93.27322354865345,47.65715500088154,92.98343156535955,42.34284499911847,2.206041037420627,-82.27942114618605,42.38942150809785,0.15177538938882107,277.72057885381395,-0.5896928523647094
1744178100795,1744178100068,7.047461032867432,6.422336101531982,-0.36729827523231506,1744178099975,-0.1101083755493164,0.10384701192378998,0.011300998739898205,1744178100103,-23.92500114440918,-42.26250076293945,7.068750381469727,1001.5224609375,93.27322354865345,47.65715500088154,92.98343156535955,42.34284499911847,2.206041037420627,-80.50470384481079,42.38942150809785,0.15177538938882107,279.4952961551892,-0.5896928523647094
1744178100871,1744178100068,7.047461032867432,6.422336101531982,-0.36729827523231506,1744178099975,-0.1101083755493164,0.10384701192378998,0.011300998739898205,1744178100103,-23.92500114440918,-42.26250076293945,7.068750381469727,1001.5249633789062,93.27322354865345,47.65715500088154,92.98343156535955,42.34284499911847,2.206041037420627,-80.50470384481079,42.38942150809785,0.15177538938882107,279.4952961551892,-0.6107710548736422
1744178100874,1744178100068,7.047461032867432,6.422336101531982,-0.36729827523231506,1744178100184,-0.0591011680662632,0.005955931730568409,-0.022907428443431854,1744178100103,-23.92500114440918,-42.26250076293945,7.068750381469727,1001.5249633789062,93.27322354865345,47.65715500088154,92.98343156535955,42.34284499911847,2.206041037420627,-80.50470384481079,42.38942150809785,0.06366452283231872,279.4952961551892,-0.6107710548736422
1744178100896,1744178100068,7.047461032867432,6.422336101531982,-0.36729827523231506,1744178100184,-0.0591011680662632,0.005955931730568409,-0.022907428443431854,1744178100203,-24.693750381469727,-42.806251525878906,7.537500381469727,1001.5249633789062,93.27322354865345,47.65715500088154,92.98343156535955,42.34284499911847,2.206041037420627,-80.01349684081056,42.38942150809785,0.06366452283231872,279.98650315918945,-0.6107710548736422
1744178100974,1744178100198,7.217949390411377,6.543173313140869,-0.7549355626106262,1744178100184,-0.0591011680662632,0.005955931730568409,-0.022907428443431854,1744178100203,-24.693750381469727,-42.806251525878906,7.537500381469727,1001.5249633789062,96.58154737358181,47.807247656439586,95.97093723105534,42.192752343560414,4.4310344624210565,-80.01349684081056,42.38132541990949,0.06366452283231872,279.98650315918945,-0.6107710548736422
