timestamp,acc_x,acc_y,acc_z,gyro_x,gyro_y,gyro_z,mag_x,mag_y,mag_z,baro_pressure,tiltXY,tiltYZ,tiltXZ,roll,pitch,yaw,totalTiltFromVertical,angularSpeed,heading,altitude
1744178390657,1744178389822,0.0729810893535614,-9.53779125213623,1.4344971179962158,1744178389942,-0.06811141967773438,0.05894844979047775,0.13362666964530945,1744178389903,8.268750190734863,49.20000076293945,15.000000953674316,1001.5237426757812,-81.44674350020172,179.56159380219222,2.912453585628084,-89.5615938021922,-8.553009818489965,73.04468617966761,89.56646954812265,0.16115263591922288,73.04468617966762,-0.6004890101903948
1744178390669,1744178389973,0.8153542876243591,-9.025727272033691,1.207179069519043,1744178389942,-0.06811141967773438,0.05894844979047775,0.13362666964530945,1744178389903,8.268750190734863,49.20000076293945,15.000000953674316,1001.5237426757812,-82.38197621685327,174.8381003483228,34.03592430376204,-84.8381003483228,-7.587489141653976,73.04468617966761,84.8834169619538,0.16115263591922288,73.04468617966762,-0.6004890101903948
1744178390735,1744178389973,0.8153542876243591,-9.025727272033691,1.207179069519043,1744178390046,-0.04062250629067421,0.08261945843696594,0.35506516695022583,1744178389903,8.268750190734863,49.20000076293945,15.000000953674316,1001.5237426757812,-82.38197621685327,174.8381003483228,34.03592430376204,-84.8381003483228,-7.587489141653976,73.04468617966761,84.8834169619538,0.3668070824168273,73.04468617966762,-0.6004890101903948
1744178390787,1744178389973,0.8153542876243591,-9.025727272033691,1.207179069519043,1744178390046,-0.04062250629067421,0.08261945843696594,0.35506516695022583,1744178389903,8.268750190734863,49.20000076293945,15.000000953674316,1001.521240234375,-82.38197621685327,174.8381003483228,34.03592430376204,-84.8381003483228,-7.587489141653976,73.04468617966761,84.8834169619538,0.3668070824168273,73.04468617966762,-0.5794107868925447
1744178390794,1744178390082,0.5994020700454712,-7.954938888549805,1.5296118259429932,1744178390046,-0.04062250629067421,0.08261945843696594,0.35506516695022583,1744178389903,8.268750190734863,49.20000076293945,15.000000953674316,1001.521240234375,-79.11575174798088,175.69092428310495,21.398498222900997,-85.69092428310493,-10.85421298936556,73.04468617966761,85.76815752997626,0.3668070824168273,73.04468617966762,-0.5794107868925447
1744178390830,1744178390082,0.5994020700454712,-7.954938888549805,1.5296118259429932,1744178390046,-0.04062250629067421,0.08261945843696594,0.35506516695022583,1744178390103,4.443750381469727,50.587501525878906,15.131250381469727,1001.521240234375,-79.11575174798088,175.69092428310495,21.398498222900997,-85.69092428310493,-10.85421298936556,73.34752630759809,85.76815752997626,0.3668070824168273,73.34752630759806,-0.5794107868925447
1744178390900,1744178390082,0.5994020700454712,-7.954938888549805,1.5296118259429932,1744178390149,0.08597921580076218,0.18356487154960632,0.4373791813850403,1744178390103,4.443750381469727,50.587501525878906,15.131250381469727,1001.521240234375,-79.11575174798088,175.69092428310495,21.398498222900997,-85.69092428310493,-10.85421298936556,73.34752630759809,85.76815752997626,0.4820674599325135,73.34752630759806,-0.5794107868925447
1744178390907,1744178390082,0.5994020700454712,-7.954938888549805,1.5296118259429932,1744178390149,0.08597921580076218,0.18356487154960632,0.4373791813850403,1744178390203,3.356250047683716,50.493751525878906,14.643750190734863,1001.521240234375,-79.11575174798088,175.69092428310495,21.398498222900997,-85.69092428310493,-10.85421298936556,73.82725248965737,85.76815752997626,0.4820674599325135,73.82725248965738,-0.5794107868925447
1744178390922,1744178390082,0.5994020700454712,-7.954938888549805,1.5296118259429932,1744178390149,0.08597921580076218,0.18356487154960632,0.4373791813850403,1744178390203,3.356250047683716,50.493751525878906,14.643750190734863,1001.5187377929688,-79.11575174798088,175.69092428310495,21.398498222900997,-85.69092428310493,-10.85421298936556,73.82725248965737,85.76815752997626,0.4820674599325135,73.82725248965738,-0.5583325209341039
1744178390948,1744178390212,1.1467602252960205,-3.7154552936553955,1.6253247261047363,1744178390149,0.08597921580076218,0.18356487154960632,0.4373791813850403,1744178390203,3.356250047683716,50.493751525878906,14.643750190734863,1001.5187377929688,-66.37304228822224,162.8473703832215,35.205172385366716,-72.8473703832215,-22.684587054220014,73.82725248965737,74.21050417573582,0.4820674599325135,73.82725248965738,-0.5583325209341039
1744178390958,1744178390212,1.1467602252960205,-3.7154552936553955,1.6253247261047363,1744178390254,0.27137666940689087,0.17302745580673218,0.7319687008857727,1744178390203,3.356250047683716,50.493751525878906,14.643750190734863,1001.5187377929688,-66.37304228822224,162.8473703832215,35.205172385366716,-72.8473703832215,-22.684587054220014,73.82725248965737,74.21050417573582,0.7996011357156351,73.82725248965738,-0.5583325209341039
1744178391048,1744178390212,1.1467602252960205,-3.7154552936553955,1.6253247261047363,1744178390358,0.8735366463661194,0.42103853821754456,1.479514479637146,1744178390203,3.356250047683716,50.493751525878906,14.643750190734863,1001.5187377929688,-66.37304228822224,162.8473703832215,35.205172385366716,-72.8473703832215,-22.684587054220014,73.82725248965737,74.21050417573582,1.768983555227382,73.82725248965738,-0.5583325209341039
1744178391067,1744178390342,3.183650493621826,-3.0927233695983887,-0.2584248483181,1744178390358,0.8735366463661194,0.42103853821754456,1.479514479637146,1744178390203,3.356250047683716,50.493751525878906,14.643750190734863,1001.5187377929688,-94.77648159118104,134.17000227563645,94.64066671470202,-44.17000227563643,3.3321727081065595,73.82725248965737,44.269629031007526,1.768983555227382,73.82725248965738,-0.5583325209341039
1744178391078,1744178390342,3.183650493621826,-3.0927233695983887,-0.2584248483181,1744178390358,0.8735366463661194,0.42103853821754456,1.479514479637146,1744178390203,3.356250047683716,50.493751525878906,14.643750190734863,1001.5174560546875,-94.77648159118104,134.17000227563645,94.64066671470202,-44.17000227563643,3.3321727081065595,73.82725248965737,44.269629031007526,1.768983555227382,73.82725248965738,-0.5475363194241312
1744178391141,1744178390342,3.183650493621826,-3.0927233695983887,-0.2584248483181,1744178390358,0.8735366463661194,0.42103853821754456,1.479514479637146,1744178390403,-5.475000381469727,53.10000228881836,16.61250114440918,1001.5174560546875,-94.77648159118104,134.17000227563645,94.64066671470202,-44.17000227563643,3.3321727081065595,72.62754519644925,44.269629031007526,1.768983555227382,72.62754519644926,-0.5475363194241312
1744178391198,1744178390342,3.183650493621826,-3.0927233695983887,-0.2584248483181,1744178390462,0.2260199636220932,0.3266599476337433,2.542419195175171,1744178390403,-5.475000381469727,53.10000228881836,16.61250114440918,1001.5174560546875,-94.77648159118104,134.17000227563645,94.64066671470202,-44.17000227563643,3.3321727081065595,72.62754519644925,44.269629031007526,2.5732639020005266,72.62754519644926,-0.5475363194241312
1744178391205,1744178390494,9.941579818725586,-11.773883819580078,-2.053041934967041,1744178390462,0.2260199636220932,0.3266599476337433,2.542419195175171,1744178390403,-5.475000381469727,53.10000228881836,16.61250114440918,1001.5174560546875,-99.8913588258327,139.8230698474619,101.66816365937322,-49.82306984746189,7.588846097774193,72.62754519644925,50.24549884534094,2.5732639020005266,72.62754519644926,-0.5475363194241312
1744178391205,1744178390494,9.941579818725586,-11.773883819580078,-2.053041934967041,1744178390462,0.2260199636220932,0.3266599476337433,2.542419195175171,1744178390503,-23.137500762939453,50.775001525878906,15.843750953674316,1001.5174560546875,-99.8913588258327,139.8230698474619,101.66816365937322,-49.82306984746189,7.588846097774193,72.67007252209844,50.24549884534094,2.5732639020005266,72.67007252209845,-0.5475363194241312
1744178391227,1744178390494,9.941579818725586,-11.773883819580078,-2.053041934967041,1744178390462,0.2260199636220932,0.3266599476337433,2.542419195175171,1744178390503,-23.137500762939453,50.775001525878906,15.843750953674316,1001.521240234375,-99.8913588258327,139.8230698474619,101.66816365937322,-49.82306984746189,7.588846097774193,72.67007252209844,50.24549884534094,2.5732639020005266,72.67007252209845,-0.5794107868925447
1744178391278,1744178390494,9.941579818725586,-11.773883819580078,-2.053041934967041,1744178390566,0.09285144507884979,0.16355904936790466,1.6597195863723755,1744178390503,-23.137500762939453,50.775001525878906,15.843750953674316,1001.521240234375,-99.8913588258327,139.8230698474619,101.66816365937322,-49.82306984746189,7.588846097774193,72.67007252209844,50.24549884534094,1.670341898795409,72.67007252209845,-0.5794107868925447
1744178391331,1744178390624,9.147162437438965,-10.689934730529785,-1.949552297592163,1744178390566,0.09285144507884979,0.16355904936790466,1.6597195863723755,1744178390503,-23.137500762939453,50.775001525878906,15.843750953674316,1001.521240234375,-100.33559852333029,139.4470603117669,102.0315369260579,-49.4470603117669,7.889112807912405,72.67007252209844,49.909480160513716,1.670341898795409,72.67007252209845,-0.5794107868925447
1744178391388,1744178390624,9.147162437438965,-10.689934730529785,-1.949552297592163,1744178390670,-0.01282816007733345,0.04673115536570549,0.9746347665786743,1744178390503,-23.137500762939453,50.775001525878906,15.843750953674316,1001.521240234375,-100.33559852333029,139.4470603117669,102.0315369260579,-49.4470603117669,7.889112807912405,72.67007252209844,49.909480160513716,0.9758387627045004,72.67007252209845,-0.5794107868925447
1744178391391,1744178390624,9.147162437438965,-10.689934730529785,-1.949552297592163,1744178390670,-0.01282816007733345,0.04673115536570549,0.9746347665786743,1744178390503,-23.137500762939453,50.775001525878906,15.843750953674316,1001.5274658203125,-100.33559852333029,139.4470603117669,102.0315369260579,-49.4470603117669,7.889112807912405,72.67007252209844,49.909480160513716,0.9758387627045004,72.67007252209845,-0.6318492147219845
1744178391408,1744178390624,9.147162437438965,-10.689934730529785,-1.949552297592163,1744178390670,-0.01282816007733345,0.04673115536570549,0.9746347665786743,1744178390703,-31.89375114440918,44.79375076293945,14.550000190734863,1001.5274658203125,-100.33559852333029,139.4470603117669,102.0315369260579,-49.4470603117669,7.889112807912405,72.0050580217294,49.909480160513716,0.9758387627045004,72.00505802172938,-0.6318492147219845
1744178391464,1744178390753,9.929018020629883,-9.486943244934082,-0.9702895879745483,1744178390670,-0.01282816007733345,0.04673115536570549,0.9746347665786743,1744178390703,-31.89375114440918,44.79375076293945,14.550000190734863,1001.5274658203125,-95.83969569900572,133.695679140006,95.58137149723835,-43.69567914000601,4.041535792535294,72.0050580217294,43.844598219293914,0.9758387627045004,72.00505802172938,-0.6318492147219845
1744178391473,1744178390753,9.929018020629883,-9.486943244934082,-0.9702895879745483,1744178390774,-0.2706131041049957,-0.0412333719432354,0.4344775676727295,1744178390703,-31.89375114440918,44.79375076293945,14.550000190734863,1001.5274658203125,-95.83969569900572,133.695679140006,95.58137149723835,-43.69567914000601,4.041535792535294,72.0050580217294,43.844598219293914,0.5135196197673091,72.00505802172938,-0.6318492147219845
1744178391497,1744178390753,9.929018020629883,-9.486943244934082,-0.9702895879745483,1744178390774,-0.2706131041049957,-0.0412333719432354,0.4344775676727295,1744178390803,-36.9375,42.45000076293945,15.468750953674316,1001.5274658203125,-95.83969569900572,133.695679140006,95.58137149723835,-43.69567914000601,4.041535792535294,69.9782946143999,43.844598219293914,0.5135196197673091,69.97829461439989,-0.6318492147219845
1744178391553,1744178390753,9.929018020629883,-9.486943244934082,-0.9702895879745483,1744178390774,-0.2706131041049957,-0.0412333719432354,0.4344775676727295,1744178390803,-36.9375,42.45000076293945,15.468750953674316,1001.54248046875,-95.83969569900572,133.695679140006,95.58137149723835,-43.69567914000601,4.041535792535294,69.9782946143999,43.844598219293914,0.5135196197673091,69.97829461439989,-0.7583172783530512
1744178391592,1744178390753,9.929018020629883,-9.486943244934082,-0.9702895879745483,1744178390878,-0.47525280714035034,-0.12171480804681778,0.07712167501449585,1744178390803,-36.9375,42.45000076293945,15.468750953674316,1001.54248046875,-95.83969569900572,133.695679140006,95.58137149723835,-43.69567914000601,4.041535792535294,69.9782946143999,43.844598219293914,0.4966160266742287,69.97829461439989,-0.7583172783530512
1744178391600,1744178390883,9.027522087097168,-8.003393173217773,-1.384247899055481,1744178390878,-0.47525280714035034,-0.12171480804681778,0.07712167501449585,1744178390803,-36.9375,42.45000076293945,15.468750953674316,1001.54248046875,-99.81266419515997,131.55874690556007,98.7176296356216,-41.55874690556006,6.545377569910869,69.9782946143999,41.97826720776269,0.4966160266742287,69.97829461439989,-0.7583172783530512
1744178391600,1744178390883,9.027522087097168,-8.003393173217773,-1.384247899055481,1744178390878,-0.47525280714035034,-0.12171480804681778,0.07712167501449585,1744178390903,-41.0625,40.66875076293945,10.425000190734863,1001.54248046875,-99.81266419515997,131.55874690556007,98.7176296356216,-41.55874690556006,6.545377569910869,75.62241873602696,41.97826720776269,0.4966160266742287,75.62241873602693,-0.7583172783530512
1744178391675,1744178390883,9.027522087097168,-8.003393173217773,-1.384247899055481,1744178390982,-0.6195695996284485,0.13439024984836578,-0.1308777779340744,1744178390903,-41.0625,40.66875076293945,10.425000190734863,1001.54248046875,-99.81266419515997,131.55874690556007,98.7176296356216,-41.55874690556006,6.545377569910869,75.62241873602696,41.97826720776269,0.6473455188653298,75.62241873602693,-0.7583172783530512
1744178391720,1744178390883,9.027522087097168,-8.003393173217773,-1.384247899055481,1744178390982,-0.6195695996284485,0.13439024984836578,-0.1308777779340744,1744178391003,-42.28125,41.41875076293945,6.281250476837158,1001.54248046875,-99.81266419515997,131.55874690556007,98.7176296356216,-41.55874690556006,6.545377569910869,81.37666804433886,41.97826720776269,0.6473455188653298,81.37666804433889,-0.7583172783530512
1744178391741,1744178390883,9.027522087097168,-8.003393173217773,-1.384247899055481,1744178390982,-0.6195695996284485,0.13439024984836578,-0.1308777779340744,1744178391003,-42.28125,41.41875076293945,6.281250476837158,1001.5537109375,-99.81266419515997,131.55874690556007,98.7176296356216,-41.55874690556006,6.545377569910869,81.37666804433886,41.97826720776269,0.6473455188653298,81.37666804433889,-0.8529102736254379
1744178391741,1744178391013,10.300503730773926,-7.225128173828125,-5.913262844085693,1744178390982,-0.6195695996284485,0.13439024984836578,-0.1308777779340744,1744178391003,-42.28125,41.41875076293945,6.281250476837158,1001.5537109375,-129.29792927452576,125.04714273706722,119.85906093982507,-35.04714273706722,25.1727603433883,81.37666804433886,42.189362444410676,0.6473455188653298,81.37666804433889,-0.8529102736254379
1744178391819,1744178391013,10.300503730773926,-7.225128173828125,-5.913262844085693,1744178391086,-0.7308996915817261,0.48655378818511963,-0.6206386089324951,1744178391003,-42.28125,41.41875076293945,6.281250476837158,1001.5537109375,-129.29792927452576,125.04714273706722,119.85906093982507,-35.04714273706722,25.1727603433883,81.37666804433886,42.189362444410676,1.075240080563041,81.37666804433889,-0.8529102736254379
1744178391883,1744178391143,9.08973503112793,-6.585047721862793,-5.590830326080322,1744178391086,-0.7308996915817261,0.48655378818511963,-0.6206386089324951,1744178391003,-42.28125,41.41875076293945,6.281250476837158,1001.5537109375,-130.33188807462753,125.92140615212462,121.59445767569598,-35.92140615212464,26.47781073711687,81.37666804433886,43.5413105127752,1.075240080563041,81.37666804433889,-0.8529102736254379
1744178391884,1744178391143,9.08973503112793,-6.585047721862793,-5.590830326080322,1744178391086,-0.7308996915817261,0.48655378818511963,-0.6206386089324951,1744178391003,-42.28125,41.41875076293945,6.281250476837158,1001.5650024414062,-130.33188807462753,125.92140615212462,121.59445767569598,-35.92140615212464,26.47781073711687,81.37666804433886,43.5413105127752,1.075240080563041,81.37666804433889,-0.9480164954106596
1744178391884,1744178391143,9.08973503112793,-6.585047721862793,-5.590830326080322,1744178391190,-1.285259485244751,1.125823736190796,-0.6488910913467407,1744178391003,-42.28125,41.41875076293945,6.281250476837158,1001.5650024414062,-130.33188807462753,125.92140615212462,121.59445767569598,-35.92140615212464,26.47781073711687,81.37666804433886,43.5413105127752,1.827684512658399,81.37666804433889,-0.9480164954106596
1744178391897,1744178391143,9.08973503112793,-6.585047721862793,-5.590830326080322,1744178391190,-1.285259485244751,1.125823736190796,-0.6488910913467407,1744178391203,-37.3125,42.525001525878906,0.35625001788139343,1001.5650024414062,-130.33188807462753,125.92140615212462,121.59445767569598,-35.92140615212464,26.47781073711687,89.52002012323646,43.5413105127752,1.827684512658399,89.52002012323646,-0.9480164954106596
1744178391991,1744178391143,9.08973503112793,-6.585047721862793,-5.590830326080322,1744178391294,-0.6047561168670654,2.0074543952941895,-0.6918043494224548,1744178391203,-37.3125,42.525001525878906,0.35625001788139343,1001.5650024414062,-130.33188807462753,125.92140615212462,121.59445767569598,-35.92140615212464,26.47781073711687,89.52002012323646,43.5413105127752,2.2077582222593843,89.52002012323646,-0.9480164954106596
1744178392017,1744178391273,7.319046497344971,-3.188436269760132,1.4817553758621216,1744178391294,-0.6047561168670654,2.0074543952941895,-0.6918043494224548,1744178391203,-37.3125,42.525001525878906,0.35625001788139343,1001.5650024414062,-65.07439093881727,113.53964953208433,78.55504732211206,-23.539649532084315,-10.514715217805676,89.52002012323646,25.65870435759016,2.2077582222593843,89.52002012323646,-0.9480164954106596
1744178392026,1744178391273,7.319046497344971,-3.188436269760132,1.4817553758621216,1744178391294,-0.6047561168670654,2.0074543952941895,-0.6918043494224548,1744178391303,-34.89375305175781,41.625,5.775000095367432,1001.5650024414062,-65.07439093881727,113.53964953208433,78.55504732211206,-23.539649532084315,-10.514715217805676,82.10127749907689,25.65870435759016,2.2077582222593843,82.1012774990769,-0.9480164954106596
1744178392097,1744178391273,7.319046497344971,-3.188436269760132,1.4817553758621216,1744178391294,-0.6047561168670654,2.0074543952941895,-0.6918043494224548,1744178391303,-34.89375305175781,41.625,5.775000095367432,1001.5675048828125,-65.07439093881727,113.53964953208433,78.55504732211206,-23.539649532084315,-10.514715217805676,82.10127749907689,25.65870435759016,2.2077582222593843,82.1012774990769,-0.9690939729848491
1744178392111,1744178391273,7.319046497344971,-3.188436269760132,1.4817553758621216,1744178391398,-0.9388991594314575,1.162628412246704,-0.3228420317173004,1744178391303,-34.89375305175781,41.625,5.775000095367432,1001.5675048828125,-65.07439093881727,113.53964953208433,78.55504732211206,-23.539649532084315,-10.514715217805676,82.10127749907689,25.65870435759016,1.5288765267305742,82.1012774990769,-0.9690939729848491
1744178392123,1744178391273,7.319046497344971,-3.188436269760132,1.4817553758621216,1744178391398,-0.9388991594314575,1.162628412246704,-0.3228420317173004,1744178391403,-34.20000076293945,42.9375,11.71875,1001.5675048828125,-65.07439093881727,113.53964953208433,78.55504732211206,-23.539649532084315,-10.514715217805676,74.73429644956346,25.65870435759016,1.5288765267305742,74.73429644956343,-0.9690939729848491
1744178392201,1744178391425,6.2536420822143555,-4.5098724365234375,3.8733816146850586,1744178391398,-0.9388991594314575,1.162628412246704,-0.3228420317173004,1744178391403,-34.20000076293945,42.9375,11.71875,1001.5675048828125,-49.341799215102824,125.79761034775798,58.22674889228242,-35.79761034775798,-26.67366880662268,74.73429644956346,43.55024787711793,1.5288765267305742,74.73429644956343,-0.9690939729848491
1744178392201,1744178391425,6.2536420822143555,-4.5098724365234375,3.8733816146850586,1744178391398,-0.9388991594314575,1.162628412246704,-0.3228420317173004,1744178391403,-34.20000076293945,42.9375,11.71875,1001.5675048828125,-49.341799215102824,125.79761034775798,58.22674889228242,-35.79761034775798,-26.67366880662268,74.73429644956346,43.55024787711793,1.5288765267305742,74.73429644956343,-0.9690939729848491
1744178392206,1744178391425,6.2536420822143555,-4.5098724365234375,3.8733816146850586,1744178391502,-0.5287034511566162,0.5988001823425293,-0.3043633699417114,1744178391403,-34.20000076293945,42.9375,11.71875,1001.5675048828125,-49.341799215102824,125.79761034775798,58.22674889228242,-35.79761034775798,-26.67366880662268,74.73429644956346,43.55024787711793,0.8548251625921162,74.73429644956343,-0.9690939729848491
1744178392230,1744178391425,6.2536420822143555,-4.5098724365234375,3.8733816146850586,1744178391502,-0.5287034511566162,0.5988001823425293,-0.3043633699417114,1744178391503,-28.70625114440918,45.07500076293945,8.86875057220459,1001.5675048828125,-49.341799215102824,125.79761034775798,58.22674889228242,-35.79761034775798,-26.67366880662268,78.86892942378245,43.55024787711793,0.8548251625921162,78.86892942378245,-0.9690939729848491
1744178392297,1744178391555,5.979065418243408,-6.954739093780518,1.9208383560180664,1744178391502,-0.5287034511566162,0.5988001823425293,-0.3043633699417114,1744178391503,-28.70625114440918,45.07500076293945,8.86875057220459,1001.5675048828125,-74.5603111867889,139.3139902164097,72.18983251002248,-49.313990216409714,-11.82871976991421,78.86892942378245,50.35196553627152,0.8548251625921162,78.86892942378245,-0.9690939729848491
1744178392349,1744178391555,5.979065418243408,-6.954739093780518,1.9208383560180664,1744178391606,-0.6236929297447205,0.12782345712184906,-0.0054977829568088055,1744178391503,-28.70625114440918,45.07500076293945,8.86875057220459,1001.5675048828125,-74.5603111867889,139.3139902164097,72.18983251002248,-49.313990216409714,-11.82871976991421,78.86892942378245,50.35196553627152,0.6366804005319892,78.86892942378245,-0.9690939729848491
1744178392360,1744178391555,5.979065418243408,-6.954739093780518,1.9208383560180664,1744178391606,-0.6236929297447205,0.12782345712184906,-0.0054977829568088055,1744178391503,-28.70625114440918,45.07500076293945,8.86875057220459,1001.5675048828125,-74.5603111867889,139.3139902164097,72.18983251002248,-49.313990216409714,-11.82871976991421,78.86892942378245,50.35196553627152,0.6366804005319892,78.86892942378245,-0.9690939729848491
1744178392393,1744178391685,5.621338367462158,-7.430910587310791,0.7022934556007385,1744178391606,-0.6236929297447205,0.12782345712184906,-0.0054977829568088055,1744178391503,-28.70625114440918,45.07500076293945,8.86875057220459,1001.5675048828125,-84.60102715568446,142.89320810745093,82.87873544721778,-52.89320810745092,-4.310387105855978,78.86892942378245,53.01570414788062,0.6366804005319892,78.86892942378245,-0.9690939729848491
1744178392402,1744178391685,5.621338367462158,-7.430910587310791,0.7022934556007385,1744178391606,-0.6236929297447205,0.12782345712184906,-0.0054977829568088055,1744178391703,-29.681251525878906,45.806251525878906,3.731250047683716,1001.5675048828125,-84.60102715568446,142.89320810745093,82.87873544721778,-52.89320810745092,-4.310387105855978,85.34312663166318,53.01570414788062,0.6366804005319892,85.34312663166315,-0.9690939729848491
1744178392463,1744178391685,5.621338367462158,-7.430910587310791,0.7022934556007385,1744178391709,-0.16050471365451813,-0.007635809946805239,0.049480047076940536,1744178391703,-29.681251525878906,45.806251525878906,3.731250047683716,1001.5675048828125,-84.60102715568446,142.89320810745093,82.87873544721778,-52.89320810745092,-4.310387105855978,85.34312663166318,53.01570414788062,0.1681319236718561,85.34312663166315,-0.9690939729848491
1744178392519,1744178391685,5.621338367462158,-7.430910587310791,0.7022934556007385,1744178391813,-0.14721840620040894,-0.0591011680662632,0.05757400393486023,1744178391703,-29.681251525878906,45.806251525878906,3.731250047683716,1001.5675048828125,-84.60102715568446,142.89320810745093,82.87873544721778,-52.89320810745092,-4.310387105855978,85.34312663166318,53.01570414788062,0.16876306799793786,85.34312663166315,-0.9690939729848491
1744178392525,1744178391685,5.621338367462158,-7.430910587310791,0.7022934556007385,1744178391813,-0.14721840620040894,-0.0591011680662632,0.05757400393486023,1744178391703,-29.681251525878906,45.806251525878906,3.731250047683716,1001.5675048828125,-84.60102715568446,142.89320810745093,82.87873544721778,-52.89320810745092,-4.310387105855978,85.34312663166318,53.01570414788062,0.16876306799793786,85.34312663166315,-0.9690939729848491
1744178392537,1744178391815,5.425127029418945,-8.330612182617188,0.5024927258491516,1744178391813,-0.14721840620040894,-0.0591011680662632,0.05757400393486023,1744178391703,-29.681251525878906,45.806251525878906,3.731250047683716,1001.5675048828125,-86.54816827058941,146.92670278595915,84.70817898447943,-56.92670278595916,-2.893584352764629,85.34312663166318,56.97426291618437,0.16876306799793786,85.34312663166315,-0.9690939729848491
1744178392597,1744178391815,5.425127029418945,-8.330612182617188,0.5024927258491516,1744178391813,-0.14721840620040894,-0.0591011680662632,0.05757400393486023,1744178391903,-32.83125305175781,44.493751525878906,2.418750047683716,1001.5675048828125,-86.54816827058941,146.92670278595915,84.70817898447943,-56.92670278595916,-2.893584352764629,86.88837437829885,56.97426291618437,0.16876306799793786,86.88837437829886,-0.9690939729848491
1744178392654,1744178391815,5.425127029418945,-8.330612182617188,0.5024927258491516,1744178391918,-0.10949750989675522,0.007941242307424545,0.15012001991271973,1744178391903,-32.83125305175781,44.493751525878906,2.418750047683716,1001.5675048828125,-86.54816827058941,146.92670278595915,84.70817898447943,-56.92670278595916,-2.893584352764629,86.88837437829885,56.97426291618437,0.18598061291857979,86.88837437829886,-0.9690939729848491
1744178392668,1744178391945,5.784648895263672,-7.362117290496826,0.0975075215101242,1744178391918,-0.10949750989675522,0.007941242307424545,0.15012001991271973,1744178391903,-32.83125305175781,44.493751525878906,2.418750047683716,1001.5675048828125,-89.24119073406534,141.84215669081695,89.03429913976609,-51.84215669081695,-0.5966739110333255,86.88837437829885,51.84459778506984,0.18598061291857979,86.88837437829886,-0.9690939729848491
1744178392674,1744178391945,5.784648895263672,-7.362117290496826,0.0975075215101242,1744178391918,-0.10949750989675522,0.007941242307424545,0.15012001991271973,1744178391903,-32.83125305175781,44.493751525878906,2.418750047683716,1001.5662231445312,-89.24119073406534,141.84215669081695,89.03429913976609,-51.84215669081695,-0.5966739110333255,86.88837437829885,51.84459778506984,0.18598061291857979,86.88837437829886,-0.9582981971161453
1744178392740,1744178391945,5.784648895263672,-7.362117290496826,0.0975075215101242,1744178392022,-0.027488915249705315,-0.0021380267571657896,0.15409064292907715,1744178391903,-32.83125305175781,44.493751525878906,2.418750047683716,1001.5662231445312,-89.24119073406534,141.84215669081695,89.03429913976609,-51.84215669081695,-0.5966739110333255,86.88837437829885,51.84459778506984,0.1565379757704698,86.88837437829886,-0.9582981971161453
1744178392789,1744178392075,6.40438985824585,-7.657032489776611,-0.37507495284080505,1744178392022,-0.027488915249705315,-0.0021380267571657896,0.15409064292907715,1744178391903,-32.83125305175781,44.493751525878906,2.418750047683716,1001.5662231445312,-92.80435640898008,140.0906783907704,93.3517154643087,-50.09067839077039,2.1518189619434285,86.88837437829885,50.124462929990464,0.1565379757704698,86.88837437829886,-0.9582981971161453
1744178392794,1744178392075,6.40438985824585,-7.657032489776611,-0.37507495284080505,1744178392022,-0.027488915249705315,-0.0021380267571657896,0.15409064292907715,1744178392103,-35.53125,44.8125,2.2687501907348633,1001.5662231445312,-92.80435640898008,140.0906783907704,93.3517154643087,-50.09067839077039,2.1518189619434285,87.10172563890924,50.124462929990464,0.1565379757704698,87.10172563890922,-0.9582981971161453
1744178392831,1744178392075,6.40438985824585,-7.657032489776611,-0.37507495284080505,1744178392126,-0.006108647678047419,0.0386371985077858,0.1750127524137497,1744178392103,-35.53125,44.8125,2.2687501907348633,1001.5662231445312,-92.80435640898008,140.0906783907704,93.3517154643087,-50.09067839077039,2.1518189619434285,87.10172563890924,50.124462929990464,0.1793310129130514,87.10172563890922,-0.9582981971161453
1744178392832,1744178392075,6.40438985824585,-7.657032489776611,-0.37507495284080505,1744178392126,-0.006108647678047419,0.0386371985077858,0.1750127524137497,1744178392103,-35.53125,44.8125,2.2687501907348633,1001.5675048828125,-92.80435640898008,140.0906783907704,93.3517154643087,-50.09067839077039,2.1518189619434285,87.10172563890924,50.124462929990464,0.1793310129130514,87.10172563890922,-0.9690939729848491
1744178392895,1744178392075,6.40438985824585,-7.657032489776611,-0.37507495284080505,1744178392126,-0.006108647678047419,0.0386371985077858,0.1750127524137497,1744178392203,-39.63750076293945,44.92500305175781,2.8125,1001.5675048828125,-92.80435640898008,140.0906783907704,93.3517154643087,-50.09067839077039,2.1518189619434285,86.41771089402944,50.124462929990464,0.1793310129130514,86.41771089402943,-0.9690939729848491
1744178392935,1744178392075,6.40438985824585,-7.657032489776611,-0.37507495284080505,1744178392230,0.2977965772151947,0.3559814393520355,0.14263692498207092,1744178392203,-39.63750076293945,44.92500305175781,2.8125,1001.5675048828125,-92.80435640898008,140.0906783907704,93.3517154643087,-50.09067839077039,2.1518189619434285,86.41771089402944,50.124462929990464,0.48554184055812666,86.41771089402943,-0.9690939729848491
1744178392946,1744178392227,5.708078384399414,-6.19920539855957,-1.770688772201538,1744178392230,0.2977965772151947,0.3559814393520355,0.14263692498207092,1744178392203,-39.63750076293945,44.92500305175781,2.8125,1001.5675048828125,-105.94101423642971,137.3618790540032,107.23428250614056,-47.36187905400319,11.866577297708796,86.41771089402944,48.47937092674201,0.48554184055812666,86.41771089402943,-0.9690939729848491
1744178393019,1744178392227,5.708078384399414,-6.19920539855957,-1.770688772201538,1744178392230,0.2977965772151947,0.3559814393520355,0.14263692498207092,1744178392203,-39.63750076293945,44.92500305175781,2.8125,1001.5675048828125,-105.94101423642971,137.3618790540032,107.23428250614056,-47.36187905400319,11.866577297708796,86.41771089402944,48.47937092674201,0.48554184055812666,86.41771089402943,-0.9690939729848491
1744178393020,1744178392227,5.708078384399414,-6.19920539855957,-1.770688772201538,1744178392230,0.2977965772151947,0.3559814393520355,0.14263692498207092,1744178392303,-39.22500228881836,45.78750228881836,4.050000190734863,1001.5675048828125,-105.94101423642971,137.3618790540032,107.23428250614056,-47.36187905400319,11.866577297708796,84.94522373844283,48.47937092674201,0.48554184055812666,84.94522373844285,-0.9690939729848491
1744178393030,1744178392227,5.708078384399414,-6.19920539855957,-1.770688772201538,1744178392333,1.2592977285385132,0.7843503952026367,0.4877755343914032,1744178392303,-39.22500228881836,45.78750228881836,4.050000190734863,1001.5675048828125,-105.94101423642971,137.3618790540032,107.23428250614056,-47.36187905400319,11.866577297708796,84.94522373844283,48.47937092674201,1.5617174147417356,84.94522373844285,-0.9690939729848491
1744178393086,1744178392356,5.37906551361084,-3.3816566467285156,-2.974876642227173,1744178392333,1.2592977285385132,0.7843503952026367,0.4877755343914032,1744178392303,-39.22500228881836,45.78750228881836,4.050000190734863,1001.5675048828125,-131.33840667836478,122.15633962912906,118.94466087034839,-32.15633962912904,25.08942219316304,84.94522373844283,39.93975347726065,1.5617174147417356,84.94522373844285,-0.9690939729848491
1744178393137,1744178392356,5.37906551361084,-3.3816566467285156,-2.974876642227173,1744178392333,1.2592977285385132,0.7843503952026367,0.4877755343914032,1744178392403,-42.88125228881836,46.181251525878906,10.162500381469727,1001.5675048828125,-131.33840667836478,122.15633962912906,118.94466087034839,-32.15633962912904,25.08942219316304,77.58947504223666,39.93975347726065,1.5617174147417356,77.58947504223664,-0.9690939729848491
1744178393150,1744178392356,5.37906551361084,-3.3816566467285156,-2.974876642227173,1744178392438,2.137874126434326,0.5320632457733154,1.8223623037338257,1744178392403,-42.88125228881836,46.181251525878906,10.162500381469727,1001.5675048828125,-131.33840667836478,122.15633962912906,118.94466087034839,-32.15633962912904,25.08942219316304,77.58947504223666,39.93975347726065,2.8591259930353234,77.58947504223664,-0.9690939729848491
1744178393175,1744178392356,5.37906551361084,-3.3816566467285156,-2.974876642227173,1744178392438,2.137874126434326,0.5320632457733154,1.8223623037338257,1744178392403,-42.88125228881836,46.181251525878906,10.162500381469727,1001.5712280273438,-131.33840667836478,122.15633962912906,118.94466087034839,-32.15633962912904,25.08942219316304,77.58947504223666,39.93975347726065,2.8591259930353234,77.58947504223664,-1.000453068016256
1744178393234,1744178392487,7.696514129638672,-2.764308452606201,-4.965705394744873,1744178392438,2.137874126434326,0.5320632457733154,1.8223623037338257,1744178392403,-42.88125228881836,46.181251525878906,10.162500381469727,1001.5712280273438,-150.8961920316378,109.75644583156053,122.8296582920893,-19.756445831560523,31.266616797525288,77.58947504223666,36.44298106962776,2.8591259930353234,77.58947504223664,-1.000453068016256
1744178393238,1744178392487,7.696514129638672,-2.764308452606201,-4.965705394744873,1744178392542,3.2869107723236084,1.111926555633545,1.079703450202942,1744178392403,-42.88125228881836,46.181251525878906,10.162500381469727,1001.5712280273438,-150.8961920316378,109.75644583156053,122.8296582920893,-19.756445831560523,31.266616797525288,77.58947504223666,36.44298106962776,3.633995408736807,77.58947504223664,-1.000453068016256
1744178393295,1744178392487,7.696514129638672,-2.764308452606201,-4.965705394744873,1744178392542,3.2869107723236084,1.111926555633545,1.079703450202942,1744178392603,-48.900001525878906,24.825000762939453,23.90625,1001.5712280273438,-150.8961920316378,109.75644583156053,122.8296582920893,-19.756445831560523,31.266616797525288,46.08009346352004,36.44298106962776,3.633995408736807,46.08009346352003,-1.000453068016256
1744178393321,1744178392487,7.696514129638672,-2.764308452606201,-4.965705394744873,1744178392542,3.2869107723236084,1.111926555633545,1.079703450202942,1744178392603,-48.900001525878906,24.825000762939453,23.90625,1001.57373046875,-150.8961920316378,109.75644583156053,122.8296582920893,-19.756445831560523,31.266616797525288,46.08009346352004,36.44298106962776,3.633995408736807,46.08009346352003,-1.0215304395098768
1744178393331,1744178392617,12.603594779968262,-3.1310083866119385,-5.80199670791626,1744178392542,3.2869107723236084,1.111926555633545,1.079703450202942,1744178392603,-48.900001525878906,24.825000762939453,23.90625,1001.57373046875,-151.6467814046231,103.9511097196971,114.71872367025374,-13.951109719697094,24.073432432100883,46.08009346352004,27.613934906562754,3.633995408736807,46.08009346352003,-1.0215304395098768
1744178393396,1744178392617,12.603594779968262,-3.1310083866119385,-5.80199670791626,1744178392646,2.277456521987915,0.14523309469223022,1.9309436082839966,1744178392603,-48.900001525878906,24.825000762939453,23.90625,1001.57373046875,-151.6467814046231,103.9511097196971,114.71872367025374,-13.951109719697094,24.073432432100883,46.08009346352004,27.613934906562754,2.9893885795781037,46.08009346352003,-1.0215304395098768
1744178393455,1744178392617,12.603594779968262,-3.1310083866119385,-5.80199670791626,1744178392750,2.252716541290283,-0.035735588520765305,1.760359525680542,1744178392603,-48.900001525878906,24.825000762939453,23.90625,1001.57373046875,-151.6467814046231,103.9511097196971,114.71872367025374,-13.951109719697094,24.073432432100883,46.08009346352004,27.613934906562754,2.859173745567765,46.08009346352003,-1.0215304395098768
1744178393472,1744178392747,8.48016357421875,1.4578272104263306,-8.100302696228027,1744178392750,2.252716541290283,-0.035735588520765305,1.760359525680542,1744178392603,-48.900001525878906,24.825000762939453,23.90625,1001.57373046875,169.79758341581953,80.24561222714188,133.68757500004602,9.754387772858115,43.270983375321784,46.08009346352004,44.14383903620538,2.859173745567765,46.08009346352003,-1.0215304395098768
1744178393482,1744178392747,8.48016357421875,1.4578272104263306,-8.100302696228027,1744178392750,2.252716541290283,-0.035735588520765305,1.760359525680542,1744178392603,-48.900001525878906,24.825000762939453,23.90625,1001.5762329101562,169.79758341581953,80.24561222714188,133.68757500004602,9.754387772858115,43.270983375321784,46.08009346352004,44.14383903620538,2.859173745567765,46.08009346352003,-1.0426077683625934
1744178393537,1744178392747,8.48016357421875,1.4578272104263306,-8.100302696228027,1744178392750,2.252716541290283,-0.035735588520765305,1.760359525680542,1744178392803,-47.8125,-0.24375000596046448,22.6875,1001.5762329101562,169.79758341581953,80.24561222714188,133.68757500004602,9.754387772858115,43.270983375321784,-0.6155508222221735,44.14383903620538,2.859173745567765,359.3844491777778,-1.0426077683625934
1744178393597,1744178392747,8.48016357421875,1.4578272104263306,-8.100302696228027,1744178392853,1.7947207689285278,-0.3277289569377899,1.2637264728546143,1744178392803,-47.8125,-0.24375000596046448,22.6875,1001.5762329101562,169.79758341581953,80.24561222714188,133.68757500004602,9.754387772858115,43.270983375321784,-0.6155508222221735,44.14383903620538,2.21933177011291,359.3844491777778,-1.0426077683625934
1744178393597,1744178392877,7.2197442054748535,2.3545374870300293,-7.203592777252197,1744178392853,1.7947207689285278,-0.3277289569377899,1.2637264728546143,1744178392803,-47.8125,-0.24375000596046448,22.6875,1001.5762329101562,161.89970940502994,71.93756927451096,134.93583951587897,18.062430725489044,43.48877716086838,-0.6155508222221735,46.38923876578586,2.21933177011291,359.3844491777778,-1.0426077683625934
1744178393627,1744178392877,7.2197442054748535,2.3545374870300293,-7.203592777252197,1744178392853,1.7947207689285278,-0.3277289569377899,1.2637264728546143,1744178392903,-49.25625228881836,-9.168750762939453,20.212501525878906,1001.5762329101562,161.89970940502994,71.93756927451096,134.93583951587897,18.062430725489044,43.48877716086838,-24.399890523225356,46.38923876578586,2.21933177011291,335.60010947677466,-1.0426077683625934
1744178393638,1744178392877,7.2197442054748535,2.3545374870300293,-7.203592777252197,1744178392853,1.7947207689285278,-0.3277289569377899,1.2637264728546143,1744178392903,-49.25625228881836,-9.168750762939453,20.212501525878906,1001.5812377929688,161.89970940502994,71.93756927451096,134.93583951587897,18.062430725489044,43.48877716086838,-24.399890523225356,46.38923876578586,2.21933177011291,335.60010947677466,-1.0847622981453142
1744178393687,1744178392877,7.2197442054748535,2.3545374870300293,-7.203592777252197,1744178392958,0.5882627964019775,-0.3280344009399414,0.25091269612312317,1744178392903,-49.25625228881836,-9.168750762939453,20.212501525878906,1001.5812377929688,161.89970940502994,71.93756927451096,134.93583951587897,18.062430725489044,43.48877716086838,-24.399890523225356,46.38923876578586,0.7187606464647849,335.60010947677466,-1.0847622981453142
1744178393729,1744178392877,7.2197442054748535,2.3545374870300293,-7.203592777252197,1744178392958,0.5882627964019775,-0.3280344009399414,0.25091269612312317,1744178393003,-51.000003814697266,-11.568750381469727,18.30000114440918,1001.5812377929688,161.89970940502994,71.93756927451096,134.93583951587897,18.062430725489044,43.48877716086838,-32.29993264840456,46.38923876578586,0.7187606464647849,327.70006735159546,-1.0847622981453142
1744178393737,1744178393028,8.086544036865234,4.610371112823486,-5.271986484527588,1744178392958,0.5882627964019775,-0.3280344009399414,0.25091269612312317,1744178393003,-51.000003814697266,-11.568750381469727,18.30000114440918,1001.5812377929688,138.83018761827444,60.3112929880526,123.10216163212307,29.688707011947397,29.52565903995339,-32.29993264840456,40.89490276443575,0.7187606464647849,327.70006735159546,-1.0847622981453142
1744178393764,1744178393028,8.086544036865234,4.610371112823486,-5.271986484527588,1744178393062,-0.9004147052764893,-1.0906990766525269,0.544891357421875,1744178393003,-51.000003814697266,-11.568750381469727,18.30000114440918,1001.5812377929688,138.83018761827444,60.3112929880526,123.10216163212307,29.688707011947397,29.52565903995339,-32.29993264840456,40.89490276443575,1.5156773102088303,327.70006735159546,-1.0847622981453142
1744178393793,1744178393028,8.086544036865234,4.610371112823486,-5.271986484527588,1744178393062,-0.9004147052764893,-1.0906990766525269,0.544891357421875,1744178393003,-51.000003814697266,-11.568750381469727,18.30000114440918,1001.583740234375,138.83018761827444,60.3112929880526,123.10216163212307,29.688707011947397,29.52565903995339,-32.29993264840456,40.89490276443575,1.5156773102088303,327.70006735159546,-1.1058394990753184
1744178393806,1744178393028,8.086544036865234,4.610371112823486,-5.271986484527588,1744178393062,-0.9004147052764893,-1.0906990766525269,0.544891357421875,1744178393103,-55.181251525878906,-13.612500190734863,15.15000057220459,1001.583740234375,138.83018761827444,60.3112929880526,123.10216163212307,29.688707011947397,29.52565903995339,-41.94016452200491,40.89490276443575,1.5156773102088303,318.0598354779951,-1.1058394990753184
1744178393866,1744178393158,7.411767959594727,3.5395829677581787,-5.696114540100098,1744178393062,-0.9004147052764893,-1.0906990766525269,0.544891357421875,1744178393103,-55.181251525878906,-13.612500190734863,15.15000057220459,1001.583740234375,148.14305587696563,64.47260527085444,127.54310819442294,25.527394729145566,34.741282112033346,-41.94016452200491,42.13932860475861,1.5156773102088303,318.0598354779951,-1.1058394990753184
1744178393951,1744178393158,7.411767959594727,3.5395829677581787,-5.696114540100098,1744178393062,-0.9004147052764893,-1.0906990766525269,0.544891357421875,1744178393103,-55.181251525878906,-13.612500190734863,15.15000057220459,1001.583740234375,148.14305587696563,64.47260527085444,127.54310819442294,25.527394729145566,34.741282112033346,-41.94016452200491,42.13932860475861,1.5156773102088303,318.0598354779951,-1.1058394990753184
1744178393968,1744178393158,7.411767959594727,3.5395829677581787,-5.696114540100098,1744178393270,-2.3428192138671875,-0.49739664793014526,0.013286309316754341,1744178393103,-55.181251525878906,-13.612500190734863,15.15000057220459,1001.583740234375,148.14305587696563,64.47260527085444,127.54310819442294,25.527394729145566,34.741282112033346,-41.94016452200491,42.13932860475861,2.395074491587406,318.0598354779951,-1.1058394990753184
1744178393978,1744178393289,7.366902828216553,0.07477571070194244,-6.047859191894531,1744178393270,-2.3428192138671875,-0.49739664793014526,0.013286309316754341,1744178393103,-55.181251525878906,-13.612500190734863,15.15000057220459,1001.583740234375,179.29163126912204,89.4184549995741,129.38428556744532,0.5815450004259055,39.382838158597224,-41.94016452200491,39.386433162289386,2.395074491587406,318.0598354779951,-1.1058394990753184
1744178394037,1744178393289,7.366902828216553,0.07477571070194244,-6.047859191894531,1744178393270,-2.3428192138671875,-0.49739664793014526,0.013286309316754341,1744178393303,-59.212501525878906,-11.418750762939453,14.850000381469727,1001.583740234375,179.29163126912204,89.4184549995741,129.38428556744532,0.5815450004259055,39.382838158597224,-37.55810327753935,39.386433162289386,2.395074491587406,322.4418967224606,-1.1058394990753184
1744178394091,1744178393289,7.366902828216553,0.07477571070194244,-6.047859191894531,1744178393373,-2.5053091049194336,-0.3396408259868622,-1.203098177909851,1744178393303,-59.212501525878906,-11.418750762939453,14.850000381469727,1001.583740234375,179.29163126912204,89.4184549995741,129.38428556744532,0.5815450004259055,39.382838158597224,-37.55810327753935,39.386433162289386,2.799888359838523,322.4418967224606,-1.1058394990753184
1744178394101,1744178393289,7.366902828216553,0.07477571070194244,-6.047859191894531,1744178393373,-2.5053091049194336,-0.3396408259868622,-1.203098177909851,1744178393403,-63.69375228881836,-4.162500381469727,16.462501525878906,1001.583740234375,179.29163126912204,89.4184549995741,129.38428556744532,0.5815450004259055,39.382838158597224,-14.189686524241468,39.386433162289386,2.799888359838523,345.8103134757585,-1.1058394990753184
1744178394114,1744178393289,7.366902828216553,0.07477571070194244,-6.047859191894531,1744178393373,-2.5053091049194336,-0.3396408259868622,-1.203098177909851,1744178393403,-63.69375228881836,-4.162500381469727,16.462501525878906,1001.5824584960938,179.29163126912204,89.4184549995741,129.38428556744532,0.5815450004259055,39.382838158597224,-14.189686524241468,39.386433162289386,2.799888359838523,345.8103134757585,-1.095043864900016
1744178394173,1744178393418,8.328817367553711,2.4807589054107666,-6.802196502685547,1744178393373,-2.5053091049194336,-0.3396408259868622,-1.203098177909851,1744178393403,-63.69375228881836,-4.162500381469727,16.462501525878906,1001.5824584960938,159.96310335065408,73.4137066493432,129.23872476076943,16.58629335065681,38.051130527155394,-14.189686524241468,41.00123188281667,2.799888359838523,345.8103134757585,-1.095043864900016
1744178394231,1744178393418,8.328817367553711,2.4807589054107666,-6.802196502685547,1744178393478,-1.8194607496261597,-0.6253728270530701,-1.4100285768508911,1744178393403,-63.69375228881836,-4.162500381469727,16.462501525878906,1001.5824584960938,159.96310335065408,73.4137066493432,129.23872476076943,16.58629335065681,38.051130527155394,-14.189686524241468,41.00123188281667,2.3853111285077016,345.8103134757585,-1.095043864900016
1744178394279,1744178393549,5.567500114440918,1.0689935684204102,-5.296513080596924,1744178393478,-1.8194607496261597,-0.6253728270530701,-1.4100285768508911,1744178393403,-63.69375228881836,-4.162500381469727,16.462501525878906,1001.5824584960938,168.58930188610722,79.13114170397613,133.57113626546118,10.86885829602387,43.05347312501426,-14.189686524241468,44.14258948703504,2.3853111285077016,345.8103134757585,-1.095043864900016
1744178394291,1744178393549,5.567500114440918,1.0689935684204102,-5.296513080596924,1744178393478,-1.8194607496261597,-0.6253728270530701,-1.4100285768508911,1744178393403,-63.69375228881836,-4.162500381469727,16.462501525878906,1001.5799560546875,168.58930188610722,79.13114170397613,133.57113626546118,10.86885829602387,43.05347312501426,-14.189686524241468,44.14258948703504,2.3853111285077016,345.8103134757585,-1.0739666421278682
1744178394291,1744178393549,5.567500114440918,1.0689935684204102,-5.296513080596924,1744178393581,-0.911562979221344,-0.7849612236022949,-1.3767365217208862,1744178393403,-63.69375228881836,-4.162500381469727,16.462501525878906,1001.5799560546875,168.58930188610722,79.13114170397613,133.57113626546118,10.86885829602387,43.05347312501426,-14.189686524241468,44.14258948703504,1.828254533123391,345.8103134757585,-1.0739666421278682
1744178394358,1744178393549,5.567500114440918,1.0689935684204102,-5.296513080596924,1744178393581,-0.911562979221344,-0.7849612236022949,-1.3767365217208862,1744178393603,-65.70000457763672,11.71875,11.737500190734863,1001.5799560546875,168.58930188610722,79.13114170397613,133.57113626546118,10.86885829602387,43.05347312501426,44.954199560602675,44.14258948703504,1.828254533123391,44.95419956060266,-1.0739666421278682
1744178394401,1744178393549,5.567500114440918,1.0689935684204102,-5.296513080596924,1744178393686,0.004581485874950886,-1.1601849794387817,-1.0722204446792603,1744178393603,-65.70000457763672,11.71875,11.737500190734863,1001.5799560546875,168.58930188610722,79.13114170397613,133.57113626546118,10.86885829602387,43.05347312501426,44.954199560602675,44.14258948703504,1.5797806362012352,44.95419956060266,-1.0739666421278682
1744178394421,1744178393678,5.504688262939453,-1.6701902151107788,-4.685146808624268,1744178393686,0.004581485874950886,-1.1601849794387817,-1.0722204446792603,1744178393603,-65.70000457763672,11.71875,11.737500190734863,1001.5799560546875,-160.37955013336017,106.87844352425648,130.40174980025284,-16.87844352425648,39.16128673291532,44.954199560602675,42.10044803319228,1.5797806362012352,44.95419956060266,-1.0739666421278682
1744178394421,1744178393678,5.504688262939453,-1.6701902151107788,-4.685146808624268,1744178393686,0.004581485874950886,-1.1601849794387817,-1.0722204446792603,1744178393703,-67.8375015258789,18.168750762939453,8.643750190734863,1001.5799560546875,-160.37955013336017,106.87844352425648,130.40174980025284,-16.87844352425648,39.16128673291532,64.55731574375055,42.10044803319228,1.5797806362012352,64.55731574375056,-1.0739666421278682
1744178394489,1744178393678,5.504688262939453,-1.6701902151107788,-4.685146808624268,1744178393686,0.004581485874950886,-1.1601849794387817,-1.0722204446792603,1744178393703,-67.8375015258789,18.168750762939453,8.643750190734863,1001.5787353515625,-160.37955013336017,106.87844352425648,130.40174980025284,-16.87844352425648,39.16128673291532,64.55731574375055,42.10044803319228,1.5797806362012352,64.55731574375056,-1.0636850545744059
1744178394498,1744178393678,5.504688262939453,-1.6701902151107788,-4.685146808624268,1744178393790,0.7721330523490906,-0.4923570156097412,-1.0093013048171997,1744178393703,-67.8375015258789,18.168750762939453,8.643750190734863,1001.5787353515625,-160.37955013336017,106.87844352425648,130.40174980025284,-16.87844352425648,39.16128673291532,64.55731574375055,42.10044803319228,1.3628257428063781,64.55731574375056,-1.0636850545744059
1744178394523,1744178393808,7.542177200317383,-5.289932727813721,-2.659024238586426,1744178393790,0.7721330523490906,-0.4923570156097412,-1.0093013048171997,1744178393703,-67.8375015258789,18.168750762939453,8.643750190734863,1001.5787353515625,-116.686731423042,125.04505415131206,109.42030271920046,-35.04505415131207,16.100053184204697,64.55731574375055,38.13198751649501,1.3628257428063781,64.55731574375056,-1.0636850545744059
1744178394604,1744178393808,7.542177200317383,-5.289932727813721,-2.659024238586426,1744178393894,1.0902409553527832,0.11972949653863907,-0.8115338683128357,1744178393703,-67.8375015258789,18.168750762939453,8.643750190734863,1001.5787353515625,-116.686731423042,125.04505415131206,109.42030271920046,-35.04505415131207,16.100053184204697,64.55731574375055,38.13198751649501,1.3643854706382432,64.55731574375056,-1.0636850545744059
1744178394608,1744178393808,7.542177200317383,-5.289932727813721,-2.659024238586426,1744178393894,1.0902409553527832,0.11972949653863907,-0.8115338683128357,1744178393703,-67.8375015258789,18.168750762939453,8.643750190734863,1001.5762329101562,-116.686731423042,125.04505415131206,109.42030271920046,-35.04505415131207,16.100053184204697,64.55731574375055,38.13198751649501,1.3643854706382432,64.55731574375056,-1.0426077683625934
1744178394608,1744178393808,7.542177200317383,-5.289932727813721,-2.659024238586426,1744178393894,1.0902409553527832,0.11972949653863907,-0.8115338683128357,1744178393903,-63.187503814697266,28.200000762939453,10.050000190734863,1001.5762329101562,-116.686731423042,125.04505415131206,109.42030271920046,-35.04505415131207,16.100053184204697,70.3847981110758,38.13198751649501,1.3643854706382432,70.38479811107578,-1.0426077683625934
1744178394660,1744178393960,14.127224922180176,-4.9022955894470215,-4.367499351501465,1744178393894,1.0902409553527832,0.11972949653863907,-0.8115338683128357,1744178393903,-63.187503814697266,28.200000762939453,10.050000190734863,1001.5762329101562,-131.69813200945063,109.13731187414308,107.17924484009342,-19.137311874143077,16.28147614543127,70.3847981110758,24.92667059967661,1.3643854706382432,70.38479811107578,-1.0426077683625934
1744178394703,1744178393960,14.127224922180176,-4.9022955894470215,-4.367499351501465,1744178393998,1.1239912509918213,-0.7415898442268372,-1.4701987504959106,1744178393903,-63.187503814697266,28.200000762939453,10.050000190734863,1001.5762329101562,-131.69813200945063,109.13731187414308,107.17924484009342,-19.137311874143077,16.28147614543127,70.3847981110758,24.92667059967661,1.9936890919414394,70.38479811107578,-1.0426077683625934
1744178394711,1744178393960,14.127224922180176,-4.9022955894470215,-4.367499351501465,1744178393998,1.1239912509918213,-0.7415898442268372,-1.4701987504959106,1744178394003,-58.95000076293945,32.962501525878906,15.693750381469727,1001.5762329101562,-131.69813200945063,109.13731187414308,107.17924484009342,-19.137311874143077,16.28147614543127,64.54045085490668,24.92667059967661,1.9936890919414394,64.54045085490668,-1.0426077683625934
1744178394770,1744178393960,14.127224922180176,-4.9022955894470215,-4.367499351501465,1744178393998,1.1239912509918213,-0.7415898442268372,-1.4701987504959106,1744178394003,-58.95000076293945,32.962501525878906,15.693750381469727,1001.57373046875,-131.69813200945063,109.13731187414308,107.17924484009342,-19.137311874143077,16.28147614543127,64.54045085490668,24.92667059967661,1.9936890919414394,64.54045085490668,-1.0215304395098768
1744178394785,1744178394090,7.6390862464904785,-0.7830511927604675,-2.819941520690918,1744178393998,1.1239912509918213,-0.7415898442268372,-1.4701987504959106,1744178394003,-58.95000076293945,32.962501525878906,15.693750381469727,1001.57373046875,-164.48090462757227,95.8527119002372,110.26144551420984,-5.8527119002371935,20.164355926937844,64.54045085490668,20.962549713793518,1.9936890919414394,64.54045085490668,-1.0215304395098768
1744178394789,1744178394090,7.6390862464904785,-0.7830511927604675,-2.819941520690918,1744178394101,1.293506145477295,-0.8141300082206726,-0.8090903759002686,1744178394003,-58.95000076293945,32.962501525878906,15.693750381469727,1001.57373046875,-164.48090462757227,95.8527119002372,110.26144551420984,-5.8527119002371935,20.164355926937844,64.54045085490668,20.962549713793518,1.7293331243711718,64.54045085490668,-1.0215304395098768
1744178394792,1744178394090,7.6390862464904785,-0.7830511927604675,-2.819941520690918,1744178394101,1.293506145477295,-0.8141300082206726,-0.8090903759002686,1744178394103,-56.55000305175781,33.82500076293945,16.162500381469727,1001.57373046875,-164.48090462757227,95.8527119002372,110.26144551420984,-5.8527119002371935,20.164355926937844,64.46026715836845,20.962549713793518,1.7293331243711718,64.46026715836842,-1.0215304395098768
1744178394890,1744178394090,7.6390862464904785,-0.7830511927604675,-2.819941520690918,1744178394101,1.293506145477295,-0.8141300082206726,-0.8090903759002686,1744178394203,-55.781253814697266,34.29375076293945,18.225000381469727,1001.57373046875,-164.48090462757227,95.8527119002372,110.26144551420984,-5.8527119002371935,20.164355926937844,62.012128084139896,20.962549713793518,1.7293331243711718,62.012128084139874,-1.0215304395098768
1744178394910,1744178394090,7.6390862464904785,-0.7830511927604675,-2.819941520690918,1744178394205,0.9812015295028687,-1.3617702722549438,-0.4725039005279541,1744178394203,-55.781253814697266,34.29375076293945,18.225000381469727,1001.57373046875,-164.48090462757227,95.8527119002372,110.26144551420984,-5.8527119002371935,20.164355926937844,62.012128084139896,20.962549713793518,1.7436842179449246,62.012128084139874,-1.0215304395098768
1744178394917,1744178394090,7.6390862464904785,-0.7830511927604675,-2.819941520690918,1744178394205,0.9812015295028687,-1.3617702722549438,-0.4725039005279541,1744178394203,-55.781253814697266,34.29375076293945,18.225000381469727,1001.57373046875,-164.48090462757227,95.8527119002372,110.26144551420984,-5.8527119002371935,20.164355926937844,62.012128084139896,20.962549713793518,1.7436842179449246,62.012128084139874,-1.0215304395098768
1744178394989,1744178394220,7.813762187957764,-2.775674343109131,-3.7698919773101807,1744178394205,0.9812015295028687,-1.3617702722549438,-0.4725039005279541,1744178394203,-55.781253814697266,34.29375076293945,18.225000381469727,1001.57373046875,-143.6367412257806,109.55650993301384,115.75583244501365,-19.556509933013835,24.448230622215675,62.012128084139896,30.92731594050623,1.7436842179449246,62.012128084139874,-1.0215304395098768
1744178395043,1744178394220,7.813762187957764,-2.775674343109131,-3.7698919773101807,1744178394309,0.11362084746360779,-0.536339282989502,0.05940660089254379,1744178394203,-55.781253814697266,34.29375076293945,18.225000381469727,1001.57373046875,-143.6367412257806,109.55650993301384,115.75583244501365,-19.556509933013835,24.448230622215675,62.012128084139896,30.92731594050623,0.5514514191528094,62.012128084139874,-1.0215304395098768
1744178395087,1744178394350,7.651050567626953,-3.5641093254089355,-5.033302307128906,1744178394309,0.11362084746360779,-0.536339282989502,0.05940660089254379,1744178394203,-55.781253814697266,34.29375076293945,18.225000381469727,1001.57373046875,-144.69747791398473,114.97764192057154,123.33922513358108,-24.97764192057153,30.808890769236182,62.012128084139896,38.871847558738864,0.5514514191528094,62.012128084139874,-1.0215304395098768
1744178395095,1744178394350,7.651050567626953,-3.5641093254089355,-5.033302307128906,1744178394309,0.11362084746360779,-0.536339282989502,0.05940660089254379,1744178394203,-55.781253814697266,34.29375076293945,18.225000381469727,1001.57373046875,-144.69747791398473,114.97764192057154,123.33922513358108,-24.97764192057153,30.808890769236182,62.012128084139896,38.871847558738864,0.5514514191528094,62.012128084139874,-1.0215304395098768
1744178395095,1744178394350,7.651050567626953,-3.5641093254089355,-5.033302307128906,1744178394309,0.11362084746360779,-0.536339282989502,0.05940660089254379,1744178394403,-61.23750305175781,32.88750076293945,14.475000381469727,1001.57373046875,-144.69747791398473,114.97764192057154,123.33922513358108,-24.97764192057153,30.808890769236182,66.24393758530223,38.871847558738864,0.5514514191528094,66.2439375853022,-1.0215304395098768
1744178395158,1744178394350,7.651050567626953,-3.5641093254089355,-5.033302307128906,1744178394414,-0.8093958497047424,0.002443459117785096,0.43921178579330444,1744178394403,-61.23750305175781,32.88750076293945,14.475000381469727,1001.57373046875,-144.69747791398473,114.97764192057154,123.33922513358108,-24.97764192057153,30.808890769236182,66.24393758530223,38.871847558738864,0.9208879436671249,66.2439375853022,-1.0215304395098768
1744178395197,1744178394480,11.413763999938965,-3.0933215618133545,-4.46979284286499,1744178394414,-0.8093958497047424,0.002443459117785096,0.43921178579330444,1744178394403,-61.23750305175781,32.88750076293945,14.475000381469727,1001.57373046875,-145.31481624711114,105.16386001063675,111.38601989393587,-15.163860010636736,20.705535253882505,66.24393758530223,25.46601561195103,0.9208879436671249,66.2439375853022,-1.0215304395098768
1744178395216,1744178394480,11.413763999938965,-3.0933215618133545,-4.46979284286499,1744178394414,-0.8093958497047424,0.002443459117785096,0.43921178579330444,1744178394503,-64.44375610351562,32.25,12.956250190734863,1001.57373046875,-145.31481624711114,105.16386001063675,111.38601989393587,-15.163860010636736,20.705535253882505,68.11249163985049,25.46601561195103,0.9208879436671249,68.11249163985048,-1.0215304395098768
1744178395224,1744178394480,11.413763999938965,-3.0933215618133545,-4.46979284286499,1744178394518,-0.8107702732086182,0.9260709881782532,1.0067051649093628,1744178394503,-64.44375610351562,32.25,12.956250190734863,1001.57373046875,-145.31481624711114,105.16386001063675,111.38601989393587,-15.163860010636736,20.705535253882505,68.11249163985049,25.46601561195103,1.5900978586613501,68.11249163985048,-1.0215304395098768
1744178395231,1744178394480,11.413763999938965,-3.0933215618133545,-4.46979284286499,1744178394518,-0.8107702732086182,0.9260709881782532,1.0067051649093628,1744178394503,-64.44375610351562,32.25,12.956250190734863,1001.57373046875,-145.31481624711114,105.16386001063675,111.38601989393587,-15.163860010636736,20.705535253882505,68.11249163985049,25.46601561195103,1.5900978586613501,68.11249163985048,-1.0215304395098768
1744178395295,1744178394480,11.413763999938965,-3.0933215618133545,-4.46979284286499,1744178394518,-0.8107702732086182,0.9260709881782532,1.0067051649093628,1744178394603,-65.25,28.668750762939453,11.02500057220459,1001.57373046875,-145.31481624711114,105.16386001063675,111.38601989393587,-15.163860010636736,20.705535253882505,68.96499958963503,25.46601561195103,1.5900978586613501,68.964999589635,-1.0215304395098768
1744178395325,1744178394480,11.413763999938965,-3.0933215618133545,-4.46979284286499,1744178394621,-1.3570361137390137,0.5659661889076233,0.6371319890022278,1744178394603,-65.25,28.668750762939453,11.02500057220459,1001.57373046875,-145.31481624711114,105.16386001063675,111.38601989393587,-15.163860010636736,20.705535253882505,68.96499958963503,25.46601561195103,1.602436242846635,68.964999589635,-1.0215304395098768
1744178395332,1744178394610,11.292327880859375,-1.4799607992172241,-1.755135416984558,1744178394621,-1.3570361137390137,0.5659661889076233,0.6371319890022278,1744178394603,-65.25,28.668750762939453,11.02500057220459,1001.57373046875,-139.8618291047045,97.4665698761435,98.83463647996382,-7.466569876143483,8.760893290447331,68.96499958963503,11.492052253660379,1.602436242846635,68.964999589635,-1.0215304395098768
1744178395390,1744178394610,11.292327880859375,-1.4799607992172241,-1.755135416984558,1744178394621,-1.3570361137390137,0.5659661889076233,0.6371319890022278,1744178394603,-65.25,28.668750762939453,11.02500057220459,1001.57373046875,-139.8618291047045,97.4665698761435,98.83463647996382,-7.466569876143483,8.760893290447331,68.96499958963503,11.492052253660379,1.602436242846635,68.964999589635,-1.0215304395098768
1744178395422,1744178394610,11.292327880859375,-1.4799607992172241,-1.755135416984558,1744178394621,-1.3570361137390137,0.5659661889076233,0.6371319890022278,1744178394703,-62.062503814697266,29.137500762939453,7.050000190734863,1001.57373046875,-139.8618291047045,97.4665698761435,98.83463647996382,-7.466569876143483,8.760893290447331,76.39833389309837,11.492052253660379,1.602436242846635,76.39833389309837,-1.0215304395098768
1744178395427,1744178394610,11.292327880859375,-1.4799607992172241,-1.755135416984558,1744178394725,-0.9613484740257263,-0.12064579129219055,0.6524035930633545,1744178394703,-62.062503814697266,29.137500762939453,7.050000190734863,1001.57373046875,-139.8618291047045,97.4665698761435,98.83463647996382,-7.466569876143483,8.760893290447331,76.39833389309837,11.492052253660379,1.1680653850320566,76.39833389309837,-1.0215304395098768
1744178395482,1744178394762,7.509873867034912,-4.447061061859131,-3.0311081409454346,1744178394725,-0.9613484740257263,-0.12064579129219055,0.6524035930633545,1744178394703,-62.062503814697266,29.137500762939453,7.050000190734863,1001.57373046875,-124.27826600468791,120.63240046447615,111.97981022213231,-30.63240046447616,19.151773951104285,76.39833389309837,35.62660716346382,1.1680653850320566,76.39833389309837,-1.0215304395098768
1744178395547,1744178394762,7.509873867034912,-4.447061061859131,-3.0311081409454346,1744178394829,0.019242240116000175,-0.8045089244842529,0.6085740327835083,1744178394703,-62.062503814697266,29.137500762939453,7.050000190734863,1001.57373046875,-124.27826600468791,120.63240046447615,111.97981022213231,-30.63240046447616,19.151773951104285,76.39833389309837,35.62660716346382,1.0089436192165913,76.39833389309837,-1.0215304395098768
1744178395568,1744178394762,7.509873867034912,-4.447061061859131,-3.0311081409454346,1744178394829,0.019242240116000175,-0.8045089244842529,0.6085740327835083,1744178394703,-62.062503814697266,29.137500762939453,7.050000190734863,1001.5762329101562,-124.27826600468791,120.63240046447615,111.97981022213231,-30.63240046447616,19.151773951104285,76.39833389309837,35.62660716346382,1.0089436192165913,76.39833389309837,-1.0426077683625934
1744178395586,1744178394891,8.440083503723145,-3.8668015003204346,-3.555734395980835,1744178394829,0.019242240116000175,-0.8045089244842529,0.6085740327835083,1744178394703,-62.062503814697266,29.137500762939453,7.050000190734863,1001.5762329101562,-132.60022595272568,114.61475581795601,112.84527234789851,-24.614755817956013,20.95724724120954,76.39833389309837,31.898254168983573,1.0089436192165913,76.39833389309837,-1.0426077683625934
1744178395621,1744178394891,8.440083503723145,-3.8668015003204346,-3.555734395980835,1744178394829,0.019242240116000175,-0.8045089244842529,0.6085740327835083,1744178394903,-41.73750305175781,28.631250381469727,1.0500000715255737,1001.5762329101562,-132.60022595272568,114.61475581795601,112.84527234789851,-24.614755817956013,20.95724724120954,87.89972065330264,31.898254168983573,1.0089436192165913,87.89972065330267,-1.0426077683625934
1744178395625,1744178394891,8.440083503723145,-3.8668015003204346,-3.555734395980835,1744178394933,1.5682425498962402,-1.4613412618637085,0.3981311321258545,1744178394903,-41.73750305175781,28.631250381469727,1.0500000715255737,1001.5762329101562,-132.60022595272568,114.61475581795601,112.84527234789851,-24.614755817956013,20.95724724120954,87.89972065330264,31.898254168983573,2.1802319549300924,87.89972065330267,-1.0426077683625934
1744178395698,1744178394891,8.440083503723145,-3.8668015003204346,-3.555734395980835,1744178394933,1.5682425498962402,-1.4613412618637085,0.3981311321258545,1744178395003,-36.60000228881836,30.39375114440918,1.5,1001.5762329101562,-132.60022595272568,114.61475581795601,112.84527234789851,-24.614755817956013,20.95724724120954,87.17461676324777,31.898254168983573,2.1802319549300924,87.17461676324774,-1.0426077683625934
1744178395735,1744178394891,8.440083503723145,-3.8668015003204346,-3.555734395980835,1744178394933,1.5682425498962402,-1.4613412618637085,0.3981311321258545,1744178395003,-36.60000228881836,30.39375114440918,1.5,1001.5824584960938,-132.60022595272568,114.61475581795601,112.84527234789851,-24.614755817956013,20.95724724120954,87.17461676324777,31.898254168983573,2.1802319549300924,87.17461676324774,-1.095043864900016
1744178395745,1744178395022,10.773683547973633,-2.9898319244384766,-0.8739784955978394,1744178394933,1.5682425498962402,-1.4613412618637085,0.3981311321258545,1744178395003,-36.60000228881836,30.39375114440918,1.5,1001.5824584960938,-106.29453518231945,105.50999984935146,94.63777007496147,-15.509999849351455,4.4695772841240045,87.17461676324777,16.125962114322657,2.1802319549300924,87.17461676324774,-1.095043864900016
1744178395745,1744178395022,10.773683547973633,-2.9898319244384766,-0.8739784955978394,1744178395038,2.3180792331695557,-1.1423171758651733,0.6232348084449768,1744178395003,-36.60000228881836,30.39375114440918,1.5,1001.5824584960938,-106.29453518231945,105.50999984935146,94.63777007496147,-15.509999849351455,4.4695772841240045,87.17461676324777,16.125962114322657,2.6583456298957793,87.17461676324774,-1.095043864900016
1744178395827,1744178395022,10.773683547973633,-2.9898319244384766,-0.8739784955978394,1744178395141,3.001025915145874,-0.7954986691474915,0.0001527161948615685,1744178395003,-36.60000228881836,30.39375114440918,1.5,1001.5824584960938,-106.29453518231945,105.50999984935146,94.63777007496147,-15.509999849351455,4.4695772841240045,87.17461676324777,16.125962114322657,3.104669821303837,87.17461676324774,-1.095043864900016
1744178395879,1744178395151,8.639286041259766,-2.7565317153930664,2.7690939903259277,1744178395141,3.001025915145874,-0.7954986691474915,0.0001527161948615685,1744178395003,-36.60000228881836,30.39375114440918,1.5,1001.5824584960938,-44.86974070756674,107.69629127437152,72.22812554962417,-17.696291274371504,-16.980400812229345,87.17461676324777,24.3354139868314,3.104669821303837,87.17461676324774,-1.095043864900016
1744178395911,1744178395151,8.639286041259766,-2.7565317153930664,2.7690939903259277,1744178395141,3.001025915145874,-0.7954986691474915,0.0001527161948615685,1744178395003,-36.60000228881836,30.39375114440918,1.5,1001.594970703125,-44.86974070756674,107.69629127437152,72.22812554962417,-17.696291274371504,-16.980400812229345,87.17461676324777,24.3354139868314,3.104669821303837,87.17461676324774,-1.2004293391570364
1744178395937,1744178395151,8.639286041259766,-2.7565317153930664,2.7690939903259277,1744178395141,3.001025915145874,-0.7954986691474915,0.0001527161948615685,1744178395203,-35.0625,27.67500114440918,7.106250286102295,1001.594970703125,-44.86974070756674,107.69629127437152,72.22812554962417,-17.696291274371504,-16.980400812229345,75.59899445609703,24.3354139868314,3.104669821303837,75.59899445609705,-1.2004293391570364
1744178395948,1744178395151,8.639286041259766,-2.7565317153930664,2.7690939903259277,1744178395245,1.804800033569336,0.614682674407959,-0.19501857459545135,1744178395203,-35.0625,27.67500114440918,7.106250286102295,1001.594970703125,-44.86974070756674,107.69629127437152,72.22812554962417,-17.696291274371504,-16.980400812229345,75.59899445609703,24.3354139868314,1.9165516418365665,75.59899445609705,-1.2004293391570364
1744178395992,1744178395281,10.654641151428223,-2.720041036605835,1.430907964706421,1744178395245,1.804800033569336,0.614682674407959,-0.19501857459545135,1744178395203,-35.0625,27.67500114440918,7.106250286102295,1001.594970703125,-62.25288474912618,104.3212414082967,82.35099968663305,-14.321241408296693,-7.413986816594784,75.59899445609703,16.090816557376055,1.9165516418365665,75.59899445609705,-1.2004293391570364
1744178395999,1744178395281,10.654641151428223,-2.720041036605835,1.430907964706421,1744178395245,1.804800033569336,0.614682674407959,-0.19501857459545135,1744178395303,-35.04375076293945,27.187501907348633,14.081250190734863,1001.594970703125,-62.25288474912618,104.3212414082967,82.35099968663305,-14.321241408296693,-7.413986816594784,62.61896025441644,16.090816557376055,1.9165516418365665,62.618960254416436,-1.2004293391570364
1744178396034,1744178395281,10.654641151428223,-2.720041036605835,1.430907964706421,1744178395245,1.804800033569336,0.614682674407959,-0.19501857459545135,1744178395303,-35.04375076293945,27.187501907348633,14.081250190734863,1001.594970703125,-62.25288474912618,104.3212414082967,82.35099968663305,-14.321241408296693,-7.413986816594784,62.61896025441644,16.090816557376055,1.9165516418365665,62.618960254416436,-1.2004293391570364
1744178396042,1744178395281,10.654641151428223,-2.720041036605835,1.430907964706421,1744178395350,1.2021819353103638,0.2764163017272949,0.1539379209280014,1744178395303,-35.04375076293945,27.187501907348633,14.081250190734863,1001.594970703125,-62.25288474912618,104.3212414082967,82.35099968663305,-14.321241408296693,-7.413986816594784,62.61896025441644,16.090816557376055,1.2431187638141428,62.618960254416436,-1.2004293391570364
1744178396123,1744178395411,8.175078392028809,-1.8903298377990723,1.3926228284835815,1744178395350,1.2021819353103638,0.2764163017272949,0.1539379209280014,1744178395303,-35.04375076293945,27.187501907348633,14.081250190734863,1001.594970703125,-53.62059471995166,103.01972253985444,80.33247765071133,-13.01972253985442,-9.423510037235912,62.61896025441644,16.024331615973804,1.2431187638141428,62.618960254416436,-1.2004293391570364
1744178396187,1744178395411,8.175078392028809,-1.8903298377990723,1.3926228284835815,1744178395454,0.4318813979625702,0.1334739476442337,-0.1185077652335167,1744178395303,-35.04375076293945,27.187501907348633,14.081250190734863,1001.594970703125,-53.62059471995166,103.01972253985444,80.33247765071133,-13.01972253985442,-9.423510037235912,62.61896025441644,16.024331615973804,0.4673124511785256,62.618960254416436,-1.2004293391570364
1744178396208,1744178395411,8.175078392028809,-1.8903298377990723,1.3926228284835815,1744178395454,0.4318813979625702,0.1334739476442337,-0.1185077652335167,1744178395303,-35.04375076293945,27.187501907348633,14.081250190734863,1001.5862426757812,-53.62059471995166,103.01972253985444,80.33247765071133,-13.01972253985442,-9.423510037235912,62.61896025441644,16.024331615973804,0.4673124511785256,62.618960254416436,-1.1269166573644185
1744178396221,1744178395411,8.175078392028809,-1.8903298377990723,1.3926228284835815,1744178395454,0.4318813979625702,0.1334739476442337,-0.1185077652335167,1744178395503,-35.0625,24.993751525878906,18.95625114440918,1001.5862426757812,-53.62059471995166,103.01972253985444,80.33247765071133,-13.01972253985442,-9.423510037235912,52.82187939540355,16.024331615973804,0.4673124511785256,52.82187939540353,-1.1269166573644185
1744178396264,1744178395411,8.175078392028809,-1.8903298377990723,1.3926228284835815,1744178395557,-0.13942988216876984,-0.5041161775588989,0.16478078067302704,1744178395503,-35.0625,24.993751525878906,18.95625114440918,1001.5862426757812,-53.62059471995166,103.01972253985444,80.33247765071133,-13.01972253985442,-9.423510037235912,52.82187939540355,16.024331615973804,0.5483853737996708,52.82187939540353,-1.1269166573644185
1744178396269,1744178395564,10.98305606842041,-0.893121063709259,-0.23449662327766418,1744178395557,-0.13942988216876984,-0.5041161775588989,0.16478078067302704,1744178395503,-35.0625,24.993751525878906,18.95625114440918,1001.5862426757812,-104.71144537598514,94.64895368369547,91.22312275619345,-4.648953683695454,1.219099889503831,52.82187939540355,4.805799811118469,0.5483853737996708,52.82187939540353,-1.1269166573644185
1744178396348,1744178395564,10.98305606842041,-0.893121063709259,-0.23449662327766418,1744178395557,-0.13942988216876984,-0.5041161775588989,0.16478078067302704,1744178395503,-35.0625,24.993751525878906,18.95625114440918,1001.5849609375,-104.71144537598514,94.64895368369547,91.22312275619345,-4.648953683695454,1.219099889503831,52.82187939540355,4.805799811118469,0.5483853737996708,52.82187939540353,-1.1161210450312598
1744178396377,1744178395564,10.98305606842041,-0.893121063709259,-0.23449662327766418,1744178395661,-0.6792816519737244,-0.4021017551422119,0.939357340335846,1744178395503,-35.0625,24.993751525878906,18.95625114440918,1001.5849609375,-104.71144537598514,94.64895368369547,91.22312275619345,-4.648953683695454,1.219099889503831,52.82187939540355,4.805799811118469,1.2269888332985894,52.82187939540353,-1.1161210450312598
1744178396391,1744178395693,9.41336441040039,0.735194742679596,-1.674975872039795,1744178395661,-0.6792816519737244,-0.4021017551422119,0.939357340335846,1744178395503,-35.0625,24.993751525878906,18.95625114440918,1001.5849609375,156.30195774947111,85.53419820663245,100.08938230548229,4.465801793367554,10.059377321666311,52.82187939540355,10.996773958283496,1.2269888332985894,52.82187939540353,-1.1161210450312598
1744178396454,1744178395693,9.41336441040039,0.735194742679596,-1.674975872039795,1744178395661,-0.6792816519737244,-0.4021017551422119,0.939357340335846,1744178395703,-37.95000076293945,21.131250381469727,13.781250953674316,1001.5849609375,156.30195774947111,85.53419820663245,100.08938230548229,4.465801793367554,10.059377321666311,56.88865669870779,10.996773958283496,1.2269888332985894,56.88865669870779,-1.1161210450312598
1744178396454,1744178395693,9.41336441040039,0.735194742679596,-1.674975872039795,1744178395766,-0.397825688123703,-0.9010255336761475,0.8610138893127441,1744178395703,-37.95000076293945,21.131250381469727,13.781250953674316,1001.5849609375,156.30195774947111,85.53419820663245,100.08938230548229,4.465801793367554,10.059377321666311,56.88865669870779,10.996773958283496,1.308226741836805,56.88865669870779,-1.1161210450312598
1744178396495,1744178395693,9.41336441040039,0.735194742679596,-1.674975872039795,1744178395766,-0.397825688123703,-0.9010255336761475,0.8610138893127441,1744178395803,-40.14375305175781,17.25,8.456250190734863,1001.5849609375,156.30195774947111,85.53419820663245,100.08938230548229,4.465801793367554,10.059377321666311,63.88510231078257,10.996773958283496,1.308226741836805,63.8851023107826,-1.1161210450312598
1744178396549,1744178395693,9.41336441040039,0.735194742679596,-1.674975872039795,1744178395766,-0.397825688123703,-0.9010255336761475,0.8610138893127441,1744178395803,-40.14375305175781,17.25,8.456250190734863,1001.5849609375,156.30195774947111,85.53419820663245,100.08938230548229,4.465801793367554,10.059377321666311,63.88510231078257,10.996773958283496,1.308226741836805,63.8851023107826,-1.1161210450312598
1744178396549,1744178395823,8.754739761352539,1.3746765851974487,0.8602197170257568,1744178395766,-0.397825688123703,-0.9010255336761475,0.8610138893127441,1744178395803,-40.14375305175781,17.25,8.456250190734863,1001.5849609375,57.96325156797652,81.07623265733567,84.38826755184061,8.92376734266434,-5.544231609989238,63.88510231078257,10.493951634159119,1.308226741836805,63.8851023107826,-1.1161210450312598
1744178396592,1744178395823,8.754739761352539,1.3746765851974487,0.8602197170257568,1744178395870,0.05971203371882439,-1.2707514762878418,-0.33689191937446594,1744178395803,-40.14375305175781,17.25,8.456250190734863,1001.5849609375,57.96325156797652,81.07623265733567,84.38826755184061,8.92376734266434,-5.544231609989238,63.88510231078257,10.493951634159119,1.3160057016587652,63.8851023107826,-1.1161210450312598
1744178396606,1744178395823,8.754739761352539,1.3746765851974487,0.8602197170257568,1744178395870,0.05971203371882439,-1.2707514762878418,-0.33689191937446594,1744178395903,-41.625,16.856250762939453,3.4312500953674316,1001.5849609375,57.96325156797652,81.07623265733567,84.38826755184061,8.92376734266434,-5.544231609989238,78.49410173239193,10.493951634159119,1.3160057016587652,78.49410173239193,-1.1161210450312598
1744178396661,1744178395953,9.236295700073242,-2.7840490341186523,2.221735715866089,1744178395870,0.05971203371882439,-1.2707514762878418,-0.33689191937446594,1744178395903,-41.625,16.856250762939453,3.4312500953674316,1001.5849609375,-51.40932079064226,106.77411191201737,76.47479781518537,-16.77411191201736,-12.969571319976946,78.49410173239193,21.088644484554848,1.3160057016587652,78.49410173239193,-1.1161210450312598
1744178396684,1744178395953,9.236295700073242,-2.7840490341186523,2.221735715866089,1744178395973,0.5485565662384033,-1.060308575630188,-1.0826051235198975,1744178395903,-41.625,16.856250762939453,3.4312500953674316,1001.5849609375,-51.40932079064226,106.77411191201737,76.47479781518537,-16.77411191201736,-12.969571319976946,78.49410173239193,21.088644484554848,1.6115838282229435,78.49410173239193,-1.1161210450312598
1744178396690,1744178395953,9.236295700073242,-2.7840490341186523,2.221735715866089,1744178395973,0.5485565662384033,-1.060308575630188,-1.0826051235198975,1744178395903,-41.625,16.856250762939453,3.4312500953674316,1001.5787353515625,-51.40932079064226,106.77411191201737,76.47479781518537,-16.77411191201736,-12.969571319976946,78.49410173239193,21.088644484554848,1.6115838282229435,78.49410173239193,-1.0636850545744059
1744178396690,1744178395953,9.236295700073242,-2.7840490341186523,2.221735715866089,1744178395973,0.5485565662384033,-1.060308575630188,-1.0826051235198975,1744178396003,-39.60000228881836,21.46875,-0.581250011920929,1001.5787353515625,-51.40932079064226,106.77411191201737,76.47479781518537,-16.77411191201736,-12.969571319976946,91.5508606168656,21.088644484554848,1.6115838282229435,91.55086061686563,-1.0636850545744059
1744178396765,1744178395953,9.236295700073242,-2.7840490341186523,2.221735715866089,1744178396077,-0.1078176349401474,0.5820014476776123,0.08765909820795059,1744178396003,-39.60000228881836,21.46875,-0.581250011920929,1001.5787353515625,-51.40932079064226,106.77411191201737,76.47479781518537,-16.77411191201736,-12.969571319976946,91.5508606168656,21.088644484554848,0.5983597956092592,91.55086061686563,-1.0636850545744059
1744178396805,1744178396083,8.33300495147705,-1.9872392416000366,2.537588357925415,1744178396077,-0.1078176349401474,0.5820014476776123,0.08765909820795059,1744178396003,-39.60000228881836,21.46875,-0.581250011920929,1001.5787353515625,-38.065248733322576,103.41325583739457,73.06332234306771,-13.413255837394574,-16.50012705430496,91.5508606168656,21.145928045707148,0.5983597956092592,91.55086061686563,-1.0636850545744059
1744178396814,1744178396083,8.33300495147705,-1.9872392416000366,2.537588357925415,1744178396077,-0.1078176349401474,0.5820014476776123,0.08765909820795059,1744178396103,-42.056251525878906,22.96875,1.1812500953674316,1001.5787353515625,-38.065248733322576,103.41325583739457,73.06332234306771,-13.413255837394574,-16.50012705430496,87.0559534127449,21.145928045707148,0.5983597956092592,87.05595341274488,-1.0636850545744059
1744178396865,1744178396083,8.33300495147705,-1.9872392416000366,2.537588357925415,1744178396077,-0.1078176349401474,0.5820014476776123,0.08765909820795059,1744178396103,-42.056251525878906,22.96875,1.1812500953674316,1001.5762329101562,-38.065248733322576,103.41325583739457,73.06332234306771,-13.413255837394574,-16.50012705430496,87.0559534127449,21.145928045707148,0.5983597956092592,87.05595341274488,-1.0426077683625934
1744178396891,1744178396083,8.33300495147705,-1.9872392416000366,2.537588357925415,1744178396182,1.2626575231552124,1.3457350730895996,2.0405938625335693,1744178396103,-42.056251525878906,22.96875,1.1812500953674316,1001.5762329101562,-38.065248733322576,103.41325583739457,73.06332234306771,-13.413255837394574,-16.50012705430496,87.0559534127449,21.145928045707148,2.7512415778214745,87.05595341274488,-1.0426077683625934
1744178396898,1744178396083,8.33300495147705,-1.9872392416000366,2.537588357925415,1744178396182,1.2626575231552124,1.3457350730895996,2.0405938625335693,1744178396203,-43.5,14.700000762939453,6.618750095367432,1001.5762329101562,-38.065248733322576,103.41325583739457,73.06332234306771,-13.413255837394574,-16.50012705430496,65.7601017441312,21.145928045707148,2.7512415778214745,65.76010174413119,-1.0426077683625934
1744178396984,1744178396213,6.620342254638672,-0.34636107087135315,3.6675989627838135,1744178396182,1.2626575231552124,1.3457350730895996,2.0405938625335693,1744178396203,-43.5,14.700000762939453,6.618750095367432,1001.5762329101562,-5.394904167562312,92.99485287115998,61.01401500588695,-2.994852871159967,-28.952803465443676,65.7601017441312,29.093935729128724,2.7512415778214745,65.76010174413119,-1.0426077683625934
1744178396987,1744178396213,6.620342254638672,-0.34636107087135315,3.6675989627838135,1744178396285,1.5573997497558594,-1.3758201599121094,0.8633046746253967,1744178396203,-43.5,14.700000762939453,6.618750095367432,1001.5762329101562,-5.394904167562312,92.99485287115998,61.01401500588695,-2.994852871159967,-28.952803465443676,65.7601017441312,29.093935729128724,2.2502599970204016,65.76010174413119,-1.0426077683625934
1744178397013,1744178396213,6.620342254638672,-0.34636107087135315,3.6675989627838135,1744178396285,1.5573997497558594,-1.3758201599121094,0.8633046746253967,1744178396203,-43.5,14.700000762939453,6.618750095367432,1001.5849609375,-5.394904167562312,92.99485287115998,61.01401500588695,-2.994852871159967,-28.952803465443676,65.7601017441312,29.093935729128724,2.2502599970204016,65.76010174413119,-1.1161210450312598
1744178397084,1744178396365,9.598209381103516,1.0109676122665405,4.697709083557129,1744178396285,1.5573997497558594,-1.3758201599121094,0.8633046746253967,1744178396203,-43.5,14.700000762939453,6.618750095367432,1001.5849609375,12.145072911974584,83.98727582755055,63.92121062729704,6.012724172449456,-25.95419876286518,65.7601017441312,26.594439787942704,2.2502599970204016,65.76010174413119,-1.1161210450312598
1744178397084,1744178396365,9.598209381103516,1.0109676122665405,4.697709083557129,1744178396390,1.2298234701156616,-1.3457350730895996,-0.32100942730903625,1744178396203,-43.5,14.700000762939453,6.618750095367432,1001.5849609375,12.145072911974584,83.98727582755055,63.92121062729704,6.012724172449456,-25.95419876286518,65.7601017441312,26.594439787942704,1.8510850080458414,65.76010174413119,-1.1161210450312598
1744178397157,1744178396365,9.598209381103516,1.0109676122665405,4.697709083557129,1744178396390,1.2298234701156616,-1.3457350730895996,-0.32100942730903625,1744178396403,-43.16250228881836,5.325000286102295,-2.887500047683716,1001.5849609375,12.145072911974584,83.98727582755055,63.92121062729704,6.012724172449456,-25.95419876286518,118.46891810310906,26.594439787942704,1.8510850080458414,118.46891810310905,-1.1161210450312598
1744178397157,1744178396365,9.598209381103516,1.0109676122665405,4.697709083557129,1744178396390,1.2298234701156616,-1.3457350730895996,-0.32100942730903625,1744178396403,-43.16250228881836,5.325000286102295,-2.887500047683716,1001.5974731445312,12.145072911974584,83.98727582755055,63.92121062729704,6.012724172449456,-25.95419876286518,118.46891810310906,26.594439787942704,1.8510850080458414,118.46891810310905,-1.2215063060837594
1744178397167,1744178396495,11.608778953552246,0.8997012972831726,6.525825500488281,1744178396390,1.2298234701156616,-1.3457350730895996,-0.32100942730903625,1744178396403,-43.16250228881836,5.325000286102295,-2.887500047683716,1001.5974731445312,7.849758640132788,85.56833260707191,60.65766824752136,4.431667392928094,-29.269105421596603,118.46891810310906,29.573310503246574,1.8510850080458414,118.46891810310905,-1.2215063060837594
1744178397193,1744178396495,11.608778953552246,0.8997012972831726,6.525825500488281,1744178396493,0.5462658405303955,0.06902772188186646,0.064598947763443,1744178396403,-43.16250228881836,5.325000286102295,-2.887500047683716,1001.5974731445312,7.849758640132788,85.56833260707191,60.65766824752136,4.431667392928094,-29.269105421596603,118.46891810310906,29.573310503246574,0.5543863445023911,118.46891810310905,-1.2215063060837594
1744178397199,1744178396495,11.608778953552246,0.8997012972831726,6.525825500488281,1744178396493,0.5462658405303955,0.06902772188186646,0.064598947763443,1744178396503,-44.17500305175781,6.787500381469727,-4.650000095367432,1001.5974731445312,7.849758640132788,85.56833260707191,60.65766824752136,4.431667392928094,-29.269105421596603,124.41437412439397,29.573310503246574,0.5543863445023911,124.41437412439399,-1.2215063060837594
1744178397288,1744178396495,11.608778953552246,0.8997012972831726,6.525825500488281,1744178396597,0.019242240116000175,0.0668896958231926,-0.03497200831770897,1744178396503,-44.17500305175781,6.787500381469727,-4.650000095367432,1001.5974731445312,7.849758640132788,85.56833260707191,60.65766824752136,4.431667392928094,-29.269105421596603,124.41437412439397,29.573310503246574,0.07789439375060916,124.41437412439399,-1.2215063060837594
1744178397322,1744178396495,11.608778953552246,0.8997012972831726,6.525825500488281,1744178396597,0.019242240116000175,0.0668896958231926,-0.03497200831770897,1744178396503,-44.17500305175781,6.787500381469727,-4.650000095367432,1001.6074829101562,7.849758640132788,85.56833260707191,60.65766824752136,4.431667392928094,-29.269105421596603,124.41437412439397,29.573310503246574,0.07789439375060916,124.41437412439399,-1.3058137474406695
1744178397335,1744178396625,7.892725467681885,0.08434699475765228,4.560719966888428,1744178396597,0.019242240116000175,0.0668896958231926,-0.03497200831770897,1744178396503,-44.17500305175781,6.787500381469727,-4.650000095367432,1001.6074829101562,1.05952042062479,89.38772191270117,59.97902795303721,0.6122780872988345,-30.019554847698846,124.41437412439397,30.025216222779463,0.07789439375060916,124.41437412439399,-1.3058137474406695
1744178397402,1744178396625,7.892725467681885,0.08434699475765228,4.560719966888428,1744178396702,-0.3883572816848755,0.21197007596492767,-0.7360920310020447,1744178396503,-44.17500305175781,6.787500381469727,-4.650000095367432,1001.6074829101562,1.05952042062479,89.38772191270117,59.97902795303721,0.6122780872988345,-30.019554847698846,124.41437412439397,30.025216222779463,0.8588272058143932,124.41437412439399,-1.3058137474406695
1744178397418,1744178396625,7.892725467681885,0.08434699475765228,4.560719966888428,1744178396702,-0.3883572816848755,0.21197007596492767,-0.7360920310020447,1744178396703,-42.22500228881836,7.781250476837158,-2.4562501907348633,1001.6074829101562,1.05952042062479,89.38772191270117,59.97902795303721,0.6122780872988345,-30.019554847698846,107.51896089542835,30.025216222779463,0.8588272058143932,107.51896089542834,-1.3058137474406695
1744178397460,1744178396755,9.140582084655762,0.03529413416981697,3.1902308464050293,1744178396702,-0.3883572816848755,0.21197007596492767,-0.7360920310020447,1744178396703,-42.22500228881836,7.781250476837158,-2.4562501907348633,1001.6074829101562,0.6338483109405582,89.77876738472767,70.76007565307305,0.2212326152723299,-19.239791462843048,107.51896089542835,19.24101519629328,0.8588272058143932,107.51896089542834,-1.3058137474406695
1744178397493,1744178396755,9.140582084655762,0.03529413416981697,3.1902308464050293,1744178396702,-0.3883572816848755,0.21197007596492767,-0.7360920310020447,1744178396703,-42.22500228881836,7.781250476837158,-2.4562501907348633,1001.6124877929688,0.6338483109405582,89.77876738472767,70.76007565307305,0.2212326152723299,-19.239791462843048,107.51896089542835,19.24101519629328,0.8588272058143932,107.51896089542834,-1.3479672122835429
1744178397503,1744178396755,9.140582084655762,0.03529413416981697,3.1902308464050293,1744178396805,0.3773617148399353,-0.7142536640167236,-0.5203040838241577,1744178396703,-42.22500228881836,7.781250476837158,-2.4562501907348633,1001.6124877929688,0.6338483109405582,89.77876738472767,70.76007565307305,0.2212326152723299,-19.239791462843048,107.51896089542835,19.24101519629328,0.9608727803577056,107.51896089542834,-1.3479672122835429
1744178397596,1744178396755,9.140582084655762,0.03529413416981697,3.1902308464050293,1744178396805,0.3773617148399353,-0.7142536640167236,-0.5203040838241577,1744178396903,-40.875,13.08750057220459,-4.537500381469727,1001.6124877929688,0.6338483109405582,89.77876738472767,70.76007565307305,0.2212326152723299,-19.239791462843048,109.12168113225981,19.24101519629328,0.9608727803577056,109.12168113225982,-1.3479672122835429
1744178397606,1744178396885,8.523234367370605,-0.7286145091056824,6.02393102645874,1744178396805,0.3773617148399353,-0.7142536640167236,-0.5203040838241577,1744178396903,-40.875,13.08750057220459,-4.537500381469727,1001.6124877929688,-6.8966136450731295,94.88608974412136,54.74863482487161,-4.886089744121352,-35.15310974716681,109.12168113225981,35.44770915120163,0.9608727803577056,109.12168113225982,-1.3479672122835429
1744178397614,1744178396885,8.523234367370605,-0.7286145091056824,6.02393102645874,1744178396909,-0.02000582218170166,0.30970844626426697,0.06337722390890121,1744178396903,-40.875,13.08750057220459,-4.537500381469727,1001.6124877929688,-6.8966136450731295,94.88608974412136,54.74863482487161,-4.886089744121352,-35.15310974716681,109.12168113225981,35.44770915120163,0.31675894165594,109.12168113225982,-1.3479672122835429
1744178397673,1744178396885,8.523234367370605,-0.7286145091056824,6.02393102645874,1744178396909,-0.02000582218170166,0.30970844626426697,0.06337722390890121,1744178396903,-40.875,13.08750057220459,-4.537500381469727,1001.6099853515625,-6.8966136450731295,94.88608974412136,54.74863482487161,-4.886089744121352,-35.15310974716681,109.12168113225981,35.44770915120163,0.31675894165594,109.12168113225982,-1.3268905011825582
1744178397716,1744178396885,8.523234367370605,-0.7286145091056824,6.02393102645874,1744178396909,-0.02000582218170166,0.30970844626426697,0.06337722390890121,1744178397003,-41.45625305175781,13.500000953674316,-3.7687501907348633,1001.6099853515625,-6.8966136450731295,94.88608974412136,54.74863482487161,-4.886089744121352,-35.15310974716681,105.59796128739819,35.44770915120163,0.31675894165594,105.59796128739822,-1.3268905011825582
1744178397723,1744178396885,8.523234367370605,-0.7286145091056824,6.02393102645874,1744178397014,0.01802051067352295,0.026419902220368385,-0.3889681398868561,1744178397003,-41.45625305175781,13.500000953674316,-3.7687501907348633,1001.6099853515625,-6.8966136450731295,94.88608974412136,54.74863482487161,-4.886089744121352,-35.15310974716681,105.59796128739819,35.44770915120163,0.39028062197002455,105.59796128739822,-1.3268905011825582
1744178397783,1744178397015,8.501100540161133,-0.4534398913383484,3.6083765029907227,1744178397014,0.01802051067352295,0.026419902220368385,-0.3889681398868561,1744178397003,-41.45625305175781,13.500000953674316,-3.7687501907348633,1001.6099853515625,-7.162423399252027,93.05320418395343,67.00072291781888,-3.0532041839534085,-22.970019132243586,105.59796128739819,23.16115036945679,0.39028062197002455,105.59796128739822,-1.3268905011825582
1744178397811,1744178397015,8.501100540161133,-0.4534398913383484,3.6083765029907227,1744178397014,0.01802051067352295,0.026419902220368385,-0.3889681398868561,1744178397003,-41.45625305175781,13.500000953674316,-3.7687501907348633,1001.6087036132812,-7.162423399252027,93.05320418395343,67.00072291781888,-3.0532041839534085,-22.970019132243586,105.59796128739819,23.16115036945679,0.39028062197002455,105.59796128739822,-1.3160950960495454
1744178397817,1744178397015,8.501100540161133,-0.4534398913383484,3.6083765029907227,1744178397118,0.26358816027641296,0.19425499439239502,0.31230461597442627,1744178397003,-41.45625305175781,13.500000953674316,-3.7687501907348633,1001.6087036132812,-7.162423399252027,93.05320418395343,67.00072291781888,-3.0532041839534085,-22.970019132243586,105.59796128739819,23.16115036945679,0.45249076702539165,105.59796128739822,-1.3160950960495454
1744178397870,1744178397166,9.014361381530762,-0.5742774605751038,3.466601848602295,1744178397118,0.26358816027641296,0.19425499439239502,0.31230461597442627,1744178397003,-41.45625305175781,13.500000953674316,-3.7687501907348633,1001.6087036132812,-9.406197360744049,93.64521317041842,68.96503725200881,-3.6452131704183985,-20.996118320991894,105.59796128739819,21.29610838053527,0.45249076702539165,105.59796128739822,-1.3160950960495454
1744178397917,1744178397166,9.014361381530762,-0.5742774605751038,3.466601848602295,1744178397118,0.26358816027641296,0.19425499439239502,0.31230461597442627,1744178397203,-40.48125076293945,13.968750953674316,-2.1750001907348633,1001.6087036132812,-9.406197360744049,93.64521317041842,68.96503725200881,-3.6452131704183985,-20.996118320991894,98.85015788384483,21.29610838053527,0.45249076702539165,98.85015788384482,-1.3160950960495454
1744178397929,1744178397166,9.014361381530762,-0.5742774605751038,3.466601848602295,1744178397221,-0.12140937149524689,-0.12553271651268005,0.23014330863952637,1744178397203,-40.48125076293945,13.968750953674316,-2.1750001907348633,1001.6087036132812,-9.406197360744049,93.64521317041842,68.96503725200881,-3.6452131704183985,-20.996118320991894,98.85015788384483,21.29610838053527,0.2889024764751456,98.85015788384482,-1.3160950960495454
1744178397943,1744178397166,9.014361381530762,-0.5742774605751038,3.466601848602295,1744178397221,-0.12140937149524689,-0.12553271651268005,0.23014330863952637,1744178397203,-40.48125076293945,13.968750953674316,-2.1750001907348633,1001.6112060546875,-9.406197360744049,93.64521317041842,68.96503725200881,-3.6452131704183985,-20.996118320991894,98.85015788384483,21.29610838053527,0.2889024764751456,98.85015788384482,-1.3371718289926737
1744178397991,1744178397296,9.046066284179688,-0.6424728631973267,4.417150497436523,1744178397221,-0.12140937149524689,-0.12553271651268005,0.23014330863952637,1744178397203,-40.48125076293945,13.968750953674316,-2.1750001907348633,1001.6112060546875,-8.275616489752428,94.06245934319331,63.97396640698658,-4.062459343193298,-25.969244664415967,98.85015788384483,26.263262542973873,0.2889024764751456,98.85015788384482,-1.3371718289926737
1744178397998,1744178397296,9.046066284179688,-0.6424728631973267,4.417150497436523,1744178397221,-0.12140937149524689,-0.12553271651268005,0.23014330863952637,1744178397303,-41.53125,11.981250762939453,-3.8625001907348633,1001.6112060546875,-8.275616489752428,94.06245934319331,63.97396640698658,-4.062459343193298,-25.969244664415967,107.86821653974386,26.263262542973873,0.2889024764751456,107.86821653974386,-1.3371718289926737
1744178398020,1744178397296,9.046066284179688,-0.6424728631973267,4.417150497436523,1744178397326,-0.4650208055973053,-0.33505934476852417,0.3173442482948303,1744178397303,-41.53125,11.981250762939453,-3.8625001907348633,1001.6112060546875,-8.275616489752428,94.06245934319331,63.97396640698658,-4.062459343193298,-25.969244664415967,107.86821653974386,26.263262542973873,0.6551461562742245,107.86821653974386,-1.3371718289926737
1744178398095,1744178397296,9.046066284179688,-0.6424728631973267,4.417150497436523,1744178397326,-0.4650208055973053,-0.33505934476852417,0.3173442482948303,1744178397403,-40.66875076293945,9.956250190734863,-3.918750047683716,1001.6112060546875,-8.275616489752428,94.06245934319331,63.97396640698658,-4.062459343193298,-25.969244664415967,111.48444927319574,26.263262542973873,0.6551461562742245,111.48444927319576,-1.3371718289926737
1744178398144,1744178397296,9.046066284179688,-0.6424728631973267,4.417150497436523,1744178397326,-0.4650208055973053,-0.33505934476852417,0.3173442482948303,1744178397403,-40.66875076293945,9.956250190734863,-3.918750047683716,1001.614990234375,-8.275616489752428,94.06245934319331,63.97396640698658,-4.062459343193298,-25.969244664415967,111.48444927319574,26.263262542973873,0.6551461562742245,111.48444927319576,-1.3690438807436234
1744178398157,1744178397296,9.046066284179688,-0.6424728631973267,4.417150497436523,1744178397429,-0.6352993845939636,1.9960006475448608,-0.07192932814359665,1744178397403,-40.66875076293945,9.956250190734863,-3.918750047683716,1001.614990234375,-8.275616489752428,94.06245934319331,63.97396640698658,-4.062459343193298,-25.969244664415967,111.48444927319574,26.263262542973873,2.0959002174035293,111.48444927319576,-1.3690438807436234
1744178398158,1744178397426,7.9280195236206055,0.3080759048461914,3.9158542156219482,1744178397429,-0.6352993845939636,1.9960006475448608,-0.07192932814359665,1744178397403,-40.66875076293945,9.956250190734863,-3.918750047683716,1001.614990234375,4.498422143495426,87.77465578167835,63.71404073363636,2.2253442183216485,-26.26879971977077,111.48444927319574,26.356214015431917,2.0959002174035293,111.48444927319576,-1.3690438807436234
1744178398231,1744178397426,7.9280195236206055,0.3080759048461914,3.9158542156219482,1744178397533,0.1902843713760376,-0.0013744457392022014,0.053756099194288254,1744178397403,-40.66875076293945,9.956250190734863,-3.918750047683716,1001.614990234375,4.498422143495426,87.77465578167835,63.71404073363636,2.2253442183216485,-26.26879971977077,111.48444927319574,26.356214015431917,0.19773656538852383,111.48444927319576,-1.3690438807436234
1744178398276,1744178397557,11.09611701965332,0.5204389095306396,1.1976077556610107,1744178397533,0.1902843713760376,-0.0013744457392022014,0.053756099194288254,1744178397403,-40.66875076293945,9.956250190734863,-3.918750047683716,1001.614990234375,23.488098912887757,87.31463575848315,83.83989242075212,2.685364241516862,-6.153394937091783,111.48444927319574,6.711758346418149,0.19773656538852383,111.48444927319576,-1.3690438807436234
1744178398277,1744178397557,11.09611701965332,0.5204389095306396,1.1976077556610107,1744178397533,0.1902843713760376,-0.0013744457392022014,0.053756099194288254,1744178397403,-40.66875076293945,9.956250190734863,-3.918750047683716,1001.6337280273438,23.488098912887757,87.31463575848315,83.83989242075212,2.685364241516862,-6.153394937091783,111.48444927319574,6.711758346418149,0.19773656538852383,111.48444927319576,-1.5268605067976337
1744178398295,1744178397557,11.09611701965332,0.5204389095306396,1.1976077556610107,1744178397533,0.1902843713760376,-0.0013744457392022014,0.053756099194288254,1744178397603,-40.98750305175781,10.106250762939453,4.40625,1001.6337280273438,23.488098912887757,87.31463575848315,83.83989242075212,2.685364241516862,-6.153394937091783,66.44315718103066,6.711758346418149,0.19773656538852383,66.44315718103064,-1.5268605067976337
1744178398349,1744178397557,11.09611701965332,0.5204389095306396,1.1976077556610107,1744178397638,0.7278453707695007,0.27656903862953186,0.18585561215877533,1744178397603,-40.98750305175781,10.106250762939453,4.40625,1001.6337280273438,23.488098912887757,87.31463575848315,83.83989242075212,2.685364241516862,-6.153394937091783,66.44315718103066,6.711758346418149,0.8004946130049649,66.44315718103064,-1.5268605067976337
1744178398390,1744178397557,11.09611701965332,0.5204389095306396,1.1976077556610107,1744178397638,0.7278453707695007,0.27656903862953186,0.18585561215877533,1744178397703,-39.712501525878906,9.33750057220459,6.300000190734863,1001.6337280273438,23.488098912887757,87.31463575848315,83.83989242075212,2.685364241516862,-6.153394937091783,55.992508403902576,6.711758346418149,0.8004946130049649,55.99250840390255,-1.5268605067976337
1744178398397,1744178397686,7.981259822845459,-0.11485548317432404,2.657827854156494,1744178397638,0.7278453707695007,0.27656903862953186,0.18585561215877533,1744178397703,-39.712501525878906,9.33750057220459,6.300000190734863,1001.6337280273438,-2.4744426575272747,90.82446635903537,71.58180004799554,-0.8244663590353719,-18.41642178417202,55.992508403902576,18.43422804393569,0.8004946130049649,55.99250840390255,-1.5268605067976337
1744178398447,1744178397686,7.981259822845459,-0.11485548317432404,2.657827854156494,1744178397638,0.7278453707695007,0.27656903862953186,0.18585561215877533,1744178397703,-39.712501525878906,9.33750057220459,6.300000190734863,1001.6387329101562,-2.4744426575272747,90.82446635903537,71.58180004799554,-0.8244663590353719,-18.41642178417202,55.992508403902576,18.43422804393569,0.8004946130049649,55.99250840390255,-1.5690130773036493
1744178398456,1744178397686,7.981259822845459,-0.11485548317432404,2.657827854156494,1744178397741,0.4405862092971802,0.48334676027297974,0.08826996386051178,1744178397703,-39.712501525878906,9.33750057220459,6.300000190734863,1001.6387329101562,-2.4744426575272747,90.82446635903537,71.58180004799554,-0.8244663590353719,-18.41642178417202,55.992508403902576,18.43422804393569,0.6599483957168015,55.99250840390255,-1.5690130773036493
1744178398499,1744178397686,7.981259822845459,-0.11485548317432404,2.657827854156494,1744178397741,0.4405862092971802,0.48334676027297974,0.08826996386051178,1744178397803,-39.20625305175781,8.71875,8.137500762939453,1001.6387329101562,-2.4744426575272747,90.82446635903537,71.58180004799554,-0.8244663590353719,-18.41642178417202,46.97493133135037,18.43422804393569,0.6599483957168015,46.974931331350376,-1.5690130773036493
1744178398535,1744178397817,9.489934921264648,0.050847481936216354,1.8837496042251587,1744178397741,0.4405862092971802,0.48334676027297974,0.08826996386051178,1744178397803,-39.20625305175781,8.71875,8.137500762939453,1001.6387329101562,1.5461921564638565,89.69300967192352,78.77274384875656,0.3069903280764798,-11.227099088823062,46.97493133135037,11.231241592732742,0.6599483957168015,46.974931331350376,-1.5690130773036493
1744178398551,1744178397817,9.489934921264648,0.050847481936216354,1.8837496042251587,1744178397846,-0.0038179049734026194,0.12980876863002777,0.003512472379952669,1744178397803,-39.20625305175781,8.71875,8.137500762939453,1001.6387329101562,1.5461921564638565,89.69300967192352,78.77274384875656,0.3069903280764798,-11.227099088823062,46.97493133135037,11.231241592732742,0.12991239461209983,46.974931331350376,-1.5690130773036493
1744178398619,1744178397817,9.489934921264648,0.050847481936216354,1.8837496042251587,1744178397846,-0.0038179049734026194,0.12980876863002777,0.003512472379952669,1744178397803,-39.20625305175781,8.71875,8.137500762939453,1001.6224975585938,1.5461921564638565,89.69300967192352,78.77274384875656,0.3069903280764798,-11.227099088823062,46.97493133135037,11.231241592732742,0.12991239461209983,46.974931331350376,-1.432273630317813
1744178398658,1744178397817,9.489934921264648,0.050847481936216354,1.8837496042251587,1744178397949,0.011911863461136818,0.09086613357067108,0.0038179049734026194,1744178397803,-39.20625305175781,8.71875,8.137500762939453,1001.6224975585938,1.5461921564638565,89.69300967192352,78.77274384875656,0.3069903280764798,-11.227099088823062,46.97493133135037,11.231241592732742,0.0917230784458619,46.974931331350376,-1.432273630317813
1744178398668,1744178397968,9.643074989318848,0.08614161610603333,1.6618152856826782,1744178397949,0.011911863461136818,0.09086613357067108,0.0038179049734026194,1744178397803,-39.20625305175781,8.71875,8.137500762939453,1001.6224975585938,2.9673199319365144,89.48819025344001,80.22211594426476,0.5118097465600014,-9.77750147841915,46.97493133135037,9.790757715702396,0.0917230784458619,46.974931331350376,-1.432273630317813
1744178398720,1744178397968,9.643074989318848,0.08614161610603333,1.6618152856826782,1744178397949,0.011911863461136818,0.09086613357067108,0.0038179049734026194,1744178398003,-38.51250076293945,8.175000190734863,8.625,1001.6224975585938,2.9673199319365144,89.48819025344001,80.22211594426476,0.5118097465600014,-9.77750147841915,43.465659167738515,9.790757715702396,0.0917230784458619,43.46565916773852,-1.432273630317813
1744178398756,1744178397968,9.643074989318848,0.08614161610603333,1.6618152856826782,1744178398053,0.008093958720564842,0.09193515032529831,0.0038179049734026194,1744178398003,-38.51250076293945,8.175000190734863,8.625,1001.6224975585938,2.9673199319365144,89.48819025344001,80.22211594426476,0.5118097465600014,-9.77750147841915,43.465659167738515,9.790757715702396,0.09236969433472939,43.46565916773852,-1.432273630317813
1744178398771,1744178397968,9.643074989318848,0.08614161610603333,1.6618152856826782,1744178398053,0.008093958720564842,0.09193515032529831,0.0038179049734026194,1744178398003,-38.51250076293945,8.175000190734863,8.625,1001.6174926757812,2.9673199319365144,89.48819025344001,80.22211594426476,0.5118097465600014,-9.77750147841915,43.465659167738515,9.790757715702396,0.09236969433472939,43.46565916773852,-1.390120506572643
1744178398789,1744178397968,9.643074989318848,0.08614161610603333,1.6618152856826782,1744178398053,0.008093958720564842,0.09193515032529831,0.0038179049734026194,1744178398103,-38.493751525878906,8.325000762939453,9.881250381469727,1001.6174926757812,2.9673199319365144,89.48819025344001,80.22211594426476,0.5118097465600014,-9.77750147841915,40.11429825399214,9.790757715702396,0.09236969433472939,40.11429825399216,-1.390120506572643
1744178398812,1744178398098,9.370293617248535,0.16151553392410278,1.2885349988937378,1744178398053,0.008093958720564842,0.09193515032529831,0.0038179049734026194,1744178398103,-38.493751525878906,8.325000762939453,9.881250381469727,1001.6174926757812,7.144658581376248,89.01249176924705,82.17020559327703,0.9875082307529512,-7.828645918454762,40.11429825399214,7.890297405040237,0.09236969433472939,40.11429825399216,-1.390120506572643
1744178398862,1744178398098,9.370293617248535,0.16151553392410278,1.2885349988937378,1744178398157,0.010537417605519295,0.19654574990272522,0.004581485874950886,1744178398103,-38.493751525878906,8.325000762939453,9.881250381469727,1001.6174926757812,7.144658581376248,89.01249176924705,82.17020559327703,0.9875082307529512,-7.828645918454762,40.11429825399214,7.890297405040237,0.19688133224721965,40.11429825399216,-1.390120506572643
1744178398921,1744178398098,9.370293617248535,0.16151553392410278,1.2885349988937378,1744178398157,0.010537417605519295,0.19654574990272522,0.004581485874950886,1744178398103,-38.493751525878906,8.325000762939453,9.881250381469727,1001.614990234375,7.144658581376248,89.01249176924705,82.17020559327703,0.9875082307529512,-7.828645918454762,40.11429825399214,7.890297405040237,0.19688133224721965,40.11429825399216,-1.3690438807436234
1744178398926,1744178398228,9.7064847946167,0.3026920557022095,0.8392825126647949,1744178398157,0.010537417605519295,0.19654574990272522,0.004581485874950886,1744178398103,-38.493751525878906,8.325000762939453,9.881250381469727,1001.614990234375,19.832129968274476,88.21383754647262,85.05814499283873,1.7861624535273892,-4.93946572746784,40.11429825399214,5.251741593391981,0.19688133224721965,40.11429825399216,-1.3690438807436234
1744178398952,1744178398228,9.7064847946167,0.3026920557022095,0.8392825126647949,1744178398261,0.14233149588108063,0.16783510148525238,0.019853105768561363,1744178398103,-38.493751525878906,8.325000762939453,9.881250381469727,1001.614990234375,19.832129968274476,88.21383754647262,85.05814499283873,1.7861624535273892,-4.93946572746784,40.11429825399214,5.251741593391981,0.22095479587229763,40.11429825399216,-1.3690438807436234
1744178399011,1744178398228,9.7064847946167,0.3026920557022095,0.8392825126647949,1744178398261,0.14233149588108063,0.16783510148525238,0.019853105768561363,1744178398303,-38.04375076293945,7.743750095367432,11.568750381469727,1001.614990234375,19.832129968274476,88.21383754647262,85.05814499283873,1.7861624535273892,-4.93946572746784,33.79708175822232,5.251741593391981,0.22095479587229763,33.797081758222305,-1.3690438807436234
1744178399067,1744178398228,9.7064847946167,0.3026920557022095,0.8392825126647949,1744178398365,-0.011453714221715927,0.06154462695121765,-0.00045814859913662076,1744178398303,-38.04375076293945,7.743750095367432,11.568750381469727,1001.614990234375,19.832129968274476,88.21383754647262,85.05814499283873,1.7861624535273892,-4.93946572746784,33.79708175822232,5.251741593391981,0.06260302369835002,33.797081758222305,-1.3690438807436234
1744178399110,1744178398358,9.80937671661377,0.1495514214038849,1.1120643615722656,1744178398365,-0.011453714221715927,0.06154462695121765,-0.00045814859913662076,1744178398303,-38.04375076293945,7.743750095367432,11.568750381469727,1001.614990234375,7.659236136271621,89.12654985879333,83.53213601247006,0.8734501412066816,-6.467118812523554,33.79708175822232,6.525587956713061,0.06260302369835002,33.797081758222305,-1.3690438807436234
1744178399118,1744178398358,9.80937671661377,0.1495514214038849,1.1120643615722656,1744178398365,-0.011453714221715927,0.06154462695121765,-0.00045814859913662076,1744178398303,-38.04375076293945,7.743750095367432,11.568750381469727,1001.6137084960938,7.659236136271621,89.12654985879333,83.53213601247006,0.8734501412066816,-6.467118812523554,33.79708175822232,6.525587956713061,0.06260302369835002,33.797081758222305,-1.3582485192948979
1744178399118,1744178398358,9.80937671661377,0.1495514214038849,1.1120643615722656,1744178398365,-0.011453714221715927,0.06154462695121765,-0.00045814859913662076,1744178398403,-37.3125,7.200000286102295,11.15625,1001.6137084960938,7.659236136271621,89.12654985879333,83.53213601247006,0.8734501412066816,-6.467118812523554,32.837315388188564,6.525587956713061,0.06260302369835002,32.837315388188586,-1.3582485192948979
1744178399177,1744178398358,9.80937671661377,0.1495514214038849,1.1120643615722656,1744178398469,0.02932151034474373,0.056810423731803894,0.003970621153712273,1744178398403,-37.3125,7.200000286102295,11.15625,1001.6137084960938,7.659236136271621,89.12654985879333,83.53213601247006,0.8734501412066816,-6.467118812523554,32.837315388188564,6.525587956713061,0.06405420396687736,32.837315388188586,-1.3582485192948979
1744178399192,1744178398488,9.834501266479492,0.06340979784727097,1.0767701864242554,1744178398469,0.02932151034474373,0.056810423731803894,0.003970621153712273,1744178398403,-37.3125,7.200000286102295,11.15625,1001.6137084960938,3.370192451025634,89.63057979727259,83.75162848023398,0.36942020272740816,-6.248242670294529,32.837315388188564,6.259110666105118,0.06405420396687736,32.837315388188586,-1.3582485192948979
1744178399217,1744178398488,9.834501266479492,0.06340979784727097,1.0767701864242554,1744178398469,0.02932151034474373,0.056810423731803894,0.003970621153712273,1744178398503,-37.91250228881836,8.11875057220459,12.300000190734863,1001.6137084960938,3.370192451025634,89.63057979727259,83.75162848023398,0.36942020272740816,-6.248242670294529,33.42724614082919,6.259110666105118,0.06405420396687736,33.4272461408292,-1.3582485192948979
1744178399263,1744178398488,9.834501266479492,0.06340979784727097,1.0767701864242554,1744178398469,0.02932151034474373,0.056810423731803894,0.003970621153712273,1744178398503,-37.91250228881836,8.11875057220459,12.300000190734863,1001.614990234375,3.370192451025634,89.63057979727259,83.75162848023398,0.36942020272740816,-6.248242670294529,33.42724614082919,6.259110666105118,0.06405420396687736,33.4272461408292,-1.3690438807436234
1744178399270,1744178398488,9.834501266479492,0.06340979784727097,1.0767701864242554,1744178398573,0.001679878099821508,0.0256563201546669,-0.000610864779446274,1744178398503,-37.91250228881836,8.11875057220459,12.300000190734863,1001.614990234375,3.370192451025634,89.63057979727259,83.75162848023398,0.36942020272740816,-6.248242670294529,33.42724614082919,6.259110666105118,0.025718512983603753,33.4272461408292,-1.3690438807436234
1744178399295,1744178398488,9.834501266479492,0.06340979784727097,1.0767701864242554,1744178398573,0.001679878099821508,0.0256563201546669,-0.000610864779446274,1744178398603,-36.97500228881836,8.550000190734863,12.487500190734863,1001.614990234375,3.370192451025634,89.63057979727259,83.75162848023398,0.36942020272740816,-6.248242670294529,34.398845324219714,6.259110666105118,0.025718512983603753,34.398845324219735,-1.3690438807436234
1744178399346,1744178398618,9.839286804199219,0.09870393574237823,0.97926265001297,1744178398573,0.001679878099821508,0.0256563201546669,-0.000610864779446274,1744178398603,-36.97500228881836,8.550000190734863,12.487500190734863,1001.614990234375,5.755639900847478,89.42525008581458,84.31631016304232,0.5747499141854224,-5.683405746491579,34.398845324219714,5.712298501923753,0.025718512983603753,34.398845324219735,-1.3690438807436234
1744178399386,1744178398618,9.839286804199219,0.09870393574237823,0.97926265001297,1744178398677,0.0001527161948615685,0.007483093533664942,0.00045814859913662076,1744178398603,-36.97500228881836,8.550000190734863,12.487500190734863,1001.614990234375,5.755639900847478,89.42525008581458,84.31631016304232,0.5747499141854224,-5.683405746491579,34.398845324219714,5.712298501923753,0.0074986606276482405,34.398845324219735,-1.3690438807436234
1744178399396,1744178398618,9.839286804199219,0.09870393574237823,0.97926265001297,1744178398677,0.0001527161948615685,0.007483093533664942,0.00045814859913662076,1744178398603,-36.97500228881836,8.550000190734863,12.487500190734863,1001.6162109375,5.755639900847478,89.42525008581458,84.31631016304232,0.5747499141854224,-5.683405746491579,34.398845324219714,5.712298501923753,0.0074986606276482405,34.398845324219735,-1.3793251669660611
1744178399472,1744178398748,9.750154495239258,0.11126625537872314,0.9924231767654419,1744178398677,0.0001527161948615685,0.007483093533664942,0.00045814859913662076,1744178398603,-36.97500228881836,8.550000190734863,12.487500190734863,1001.6162109375,6.39704429210824,89.34618368127825,84.18814296966548,0.6538163187217629,-5.811481224425523,34.398845324219714,5.848018710041503,0.0074986606276482405,34.398845324219735,-1.3793251669660611
1744178399499,1744178398748,9.750154495239258,0.11126625537872314,0.9924231767654419,1744178398781,0.0013744457392022014,0.016035201027989388,0.000305432389723137,1744178398603,-36.97500228881836,8.550000190734863,12.487500190734863,1001.6162109375,6.39704429210824,89.34618368127825,84.18814296966548,0.6538163187217629,-5.811481224425523,34.398845324219714,5.848018710041503,0.016096896037520247,34.398845324219735,-1.3793251669660611
1744178399509,1744178398748,9.750154495239258,0.11126625537872314,0.9924231767654419,1744178398781,0.0013744457392022014,0.016035201027989388,0.000305432389723137,1744178398803,-36.82500076293945,8.456250190734863,12.300000190734863,1001.6162109375,6.39704429210824,89.34618368127825,84.18814296966548,0.6538163187217629,-5.811481224425523,34.508523176205244,5.848018710041503,0.016096896037520247,34.508523176205244,-1.3793251669660611
1744178399566,1744178398748,9.750154495239258,0.11126625537872314,0.9924231767654419,1744178398781,0.0013744457392022014,0.016035201027989388,0.000305432389723137,1744178398803,-36.82500076293945,8.456250190734863,12.300000190734863,1001.6162109375,6.39704429210824,89.34618368127825,84.18814296966548,0.6538163187217629,-5.811481224425523,34.508523176205244,5.848018710041503,0.016096896037520247,34.508523176205244,-1.3793251669660611
1744178399577,1744178398878,9.80100154876709,0.061016976833343506,1.0929217338562012,1744178398781,0.0013744457392022014,0.016035201027989388,0.000305432389723137,1744178398803,-36.82500076293945,8.456250190734863,12.300000190734863,1001.6162109375,3.1954619203398655,89.64330481239486,83.63716372430848,0.3566951876051466,-6.362713985357188,34.508523176205244,6.372663279282338,0.016096896037520247,34.508523176205244,-1.3793251669660611
1744178399589,1744178398878,9.80100154876709,0.061016976833343506,1.0929217338562012,1744178398885,0.014966187067329884,0.01359174121171236,0.002290742937475443,1744178398803,-36.82500076293945,8.456250190734863,12.300000190734863,1001.6162109375,3.1954619203398655,89.64330481239486,83.63716372430848,0.3566951876051466,-6.362713985357188,34.508523176205244,6.372663279282338,0.02034624505175503,34.508523176205244,-1.3793251669660611
1744178399680,1744178398878,9.80100154876709,0.061016976833343506,1.0929217338562012,1744178398989,0.000305432389723137,0.003970621153712273,-0.000305432389723137,1744178398803,-36.82500076293945,8.456250190734863,12.300000190734863,1001.6162109375,3.1954619203398655,89.64330481239486,83.63716372430848,0.3566951876051466,-6.362713985357188,34.508523176205244,6.372663279282338,0.003994046849461252,34.508523176205244,-1.3793251669660611
1744178399711,1744178398878,9.80100154876709,0.061016976833343506,1.0929217338562012,1744178398989,0.000305432389723137,0.003970621153712273,-0.000305432389723137,1744178399003,-36.48750305175781,7.631250381469727,12.05625057220459,1001.6162109375,3.1954619203398655,89.64330481239486,83.63716372430848,0.3566951876051466,-6.362713985357188,32.33260174686951,6.372663279282338,0.003994046849461252,32.3326017468695,-1.3793251669660611
1744178399717,1744178398878,9.80100154876709,0.061016976833343506,1.0929217338562012,1744178398989,0.000305432389723137,0.003970621153712273,-0.000305432389723137,1744178399003,-36.48750305175781,7.631250381469727,12.05625057220459,1001.6162109375,3.1954619203398655,89.64330481239486,83.63716372430848,0.3566951876051466,-6.362713985357188,32.33260174686951,6.372663279282338,0.003994046849461252,32.3326017468695,-1.3793251669660611
1744178399791,1744178399030,9.814162254333496,0.09571290761232376,0.9397810697555542,1744178398989,0.000305432389723137,0.003970621153712273,-0.000305432389723137,1744178399003,-36.48750305175781,7.631250381469727,12.05625057220459,1001.6162109375,5.815292560265984,89.44123893041368,84.53016896031887,0.558761069586326,-5.469572512787067,32.33260174686951,5.497953111902884,0.003994046849461252,32.3326017468695,-1.3793251669660611
1744178399805,1744178399030,9.814162254333496,0.09571290761232376,0.9397810697555542,1744178399093,0.00045814859913662076,0.0019853105768561363,-0.000610864779446274,1744178399003,-36.48750305175781,7.631250381469727,12.05625057220459,1001.6162109375,5.815292560265984,89.44123893041368,84.53016896031887,0.558761069586326,-5.469572512787067,32.33260174686951,5.497953111902884,0.002127090502126235,32.3326017468695,-1.3793251669660611
1744178399869,1744178399159,9.842277526855469,0.14656038582324982,0.9493523836135864,1744178399093,0.00045814859913662076,0.0019853105768561363,-0.000610864779446274,1744178399003,-36.48750305175781,7.631250381469727,12.05625057220459,1001.6162109375,8.776002336257315,89.14687724032734,84.49048973150997,0.8531227596726635,-5.508903290773089,32.33260174686951,5.574368996828328,0.002127090502126235,32.3326017468695,-1.3793251669660611
1744178399900,1744178399159,9.842277526855469,0.14656038582324982,0.9493523836135864,1744178399093,0.00045814859913662076,0.0019853105768561363,-0.000610864779446274,1744178399003,-36.48750305175781,7.631250381469727,12.05625057220459,1001.6162109375,8.776002336257315,89.14687724032734,84.49048973150997,0.8531227596726635,-5.508903290773089,32.33260174686951,5.574368996828328,0.002127090502126235,32.3326017468695,-1.3793251669660611
1744178399915,1744178399159,9.842277526855469,0.14656038582324982,0.9493523836135864,1744178399198,0.001679878099821508,0.0030543238390237093,0,1744178399003,-36.48750305175781,7.631250381469727,12.05625057220459,1001.6162109375,8.776002336257315,89.14687724032734,84.49048973150997,0.8531227596726635,-5.508903290773089,32.33260174686951,5.574368996828328,0.0034858118916385105,32.3326017468695,-1.3793251669660611
1744178399915,1744178399159,9.842277526855469,0.14656038582324982,0.9493523836135864,1744178399198,0.001679878099821508,0.0030543238390237093,0,1744178399203,-36.69375228881836,8.4375,12.131250381469727,1001.6162109375,8.776002336257315,89.14687724032734,84.49048973150997,0.8531227596726635,-5.508903290773089,34.819298712354936,5.574368996828328,0.0034858118916385105,34.81929871235491,-1.3793251669660611
1744178399994,1744178399159,9.842277526855469,0.14656038582324982,0.9493523836135864,1744178399302,0.0013744457392022014,0.0027488914784044027,0.000610864779446274,1744178399203,-36.69375228881836,8.4375,12.131250381469727,1001.6162109375,8.776002336257315,89.14687724032734,84.49048973150997,0.8531227596726635,-5.508903290773089,34.819298712354936,5.574368996828328,0.0031334743063927257,34.81929871235491,-1.3793251669660611
1744178400010,1744178399159,9.842277526855469,0.14656038582324982,0.9493523836135864,1744178399302,0.0013744457392022014,0.0027488914784044027,0.000610864779446274,1744178399303,-37.23750305175781,8.287500381469727,12.656250953674316,1001.6162109375,8.776002336257315,89.14687724032734,84.49048973150997,0.8531227596726635,-5.508903290773089,33.217372527718744,5.574368996828328,0.0031334743063927257,33.21737252771874,-1.3793251669660611
1744178400031,1744178399289,9.829715728759766,0.12622138857841492,0.9607182741165161,1744178399302,0.0013744457392022014,0.0027488914784044027,0.000610864779446274,1744178399303,-37.23750305175781,8.287500381469727,12.656250953674316,1001.6162109375,7.484782748879481,89.26431693388629,84.41786195542767,0.7356830661137099,-5.581680798995899,33.217372527718744,5.62980255871005,0.0031334743063927257,33.21737252771874,-1.3793251669660611
1744178400096,1744178399289,9.829715728759766,0.12622138857841492,0.9607182741165161,1744178399302,0.0013744457392022014,0.0027488914784044027,0.000610864779446274,1744178399303,-37.23750305175781,8.287500381469727,12.656250953674316,1001.6162109375,7.484782748879481,89.26431693388629,84.41786195542767,0.7356830661137099,-5.581680798995899,33.217372527718744,5.62980255871005,0.0031334743063927257,33.21737252771874,-1.3793251669660611
1744178400098,1744178399289,9.829715728759766,0.12622138857841492,0.9607182741165161,1744178399406,0.006719512399286032,0.004734201822429895,0.0007635809597559273,1744178399303,-37.23750305175781,8.287500381469727,12.656250953674316,1001.6162109375,7.484782748879481,89.26431693388629,84.41786195542767,0.7356830661137099,-5.581680798995899,33.217372527718744,5.62980255871005,0.008255154127074735,33.21737252771874,-1.3793251669660611
1744178400137,1744178399420,9.814162254333496,0.09930214285850525,0.9631111025810242,1744178399406,0.006719512399286032,0.004734201822429895,0.0007635809597559273,1744178399303,-37.23750305175781,8.287500381469727,12.656250953674316,1001.6162109375,5.886714132219636,89.42028678740357,84.39523481356052,0.5797132125964379,-5.604480129909281,33.217372527718744,5.634287213333932,0.008255154127074735,33.21737252771874,-1.3793251669660611
1744178400220,1744178399420,9.814162254333496,0.09930214285850525,0.9631111025810242,1744178399406,0.006719512399286032,0.004734201822429895,0.0007635809597559273,1744178399303,-37.23750305175781,8.287500381469727,12.656250953674316,1001.6162109375,5.886714132219636,89.42028678740357,84.39523481356052,0.5797132125964379,-5.604480129909281,33.217372527718744,5.634287213333932,0.008255154127074735,33.21737252771874,-1.3793251669660611
1744178400232,1744178399420,9.814162254333496,0.09930214285850525,0.9631111025810242,1744178399406,0.006719512399286032,0.004734201822429895,0.0007635809597559273,1744178399503,-36.88125228881836,8.193750381469727,12.787500381469727,1001.6162109375,5.886714132219636,89.42028678740357,84.39523481356052,0.5797132125964379,-5.604480129909281,32.650224500624745,5.634287213333932,0.008255154127074735,32.650224500624745,-1.3793251669660611
1744178400232,1744178399420,9.814162254333496,0.09930214285850525,0.9631111025810242,1744178399509,0.009162971749901772,0.012675444595515728,0.002290742937475443,1744178399503,-36.88125228881836,8.193750381469727,12.787500381469727,1001.6162109375,5.886714132219636,89.42028678740357,84.39523481356052,0.5797132125964379,-5.604480129909281,32.650224500624745,5.634287213333932,0.01580741756863152,32.650224500624745,-1.3793251669660611
1744178400258,1744178399550,9.844072341918945,0.08015955984592438,0.9780662655830383,1744178399509,0.009162971749901772,0.012675444595515728,0.002290742937475443,1744178399503,-36.88125228881836,8.193750381469727,12.787500381469727,1001.6162109375,4.685329219873653,89.53345497684,84.32595032588391,0.46654502316000535,-5.673862795519042,32.650224500624745,5.692949262621303,0.01580741756863152,32.650224500624745,-1.3793251669660611
1744178400313,1744178399550,9.844072341918945,0.08015955984592438,0.9780662655830383,1744178399613,0.004886918235570192,0.004886918235570192,0,1744178399503,-36.88125228881836,8.193750381469727,12.787500381469727,1001.6162109375,4.685329219873653,89.53345497684,84.32595032588391,0.46654502316000535,-5.673862795519042,32.650224500624745,5.692949262621303,0.006911146046951762,32.650224500624745,-1.3793251669660611
1744178400378,1744178399550,9.844072341918945,0.08015955984592438,0.9780662655830383,1744178399613,0.004886918235570192,0.004886918235570192,0,1744178399503,-36.88125228881836,8.193750381469727,12.787500381469727,1001.614990234375,4.685329219873653,89.53345497684,84.32595032588391,0.46654502316000535,-5.673862795519042,32.650224500624745,5.692949262621303,0.006911146046951762,32.650224500624745,-1.3690438807436234
1744178400421,1744178399550,9.844072341918945,0.08015955984592438,0.9780662655830383,1744178399613,0.004886918235570192,0.004886918235570192,0,1744178399703,-37.10625076293945,8.15625,12.450000762939453,1001.614990234375,4.685329219873653,89.53345497684,84.32595032588391,0.46654502316000535,-5.673862795519042,33.229627565451004,5.692949262621303,0.006911146046951762,33.22962756545098,-1.3690438807436234
1744178400421,1744178399680,9.828518867492676,0.10827522724866867,0.9122636318206787,1744178399613,0.004886918235570192,0.004886918235570192,0,1744178399703,-37.10625076293945,8.15625,12.450000762939453,1001.614990234375,6.768686808935065,89.36883037165268,84.69711298132636,0.6311696283473195,-5.302567098096696,33.229627565451004,5.339892780782931,0.006911146046951762,33.22962756545098,-1.3690438807436234
1744178400430,1744178399680,9.828518867492676,0.10827522724866867,0.9122636318206787,1744178399718,0.004886918235570192,0.004581485874950886,0.0009162971982732415,1744178399703,-37.10625076293945,8.15625,12.450000762939453,1001.614990234375,6.768686808935065,89.36883037165268,84.69711298132636,0.6311696283473195,-5.302567098096696,33.229627565451004,5.339892780782931,0.006761034182659215,33.22962756545098,-1.3690438807436234
1744178400498,1744178399680,9.828518867492676,0.10827522724866867,0.9122636318206787,1744178399718,0.004886918235570192,0.004581485874950886,0.0009162971982732415,1744178399803,-37.01250076293945,7.987500190734863,12.281250953674316,1001.614990234375,6.768686808935065,89.36883037165268,84.69711298132636,0.6311696283473195,-5.302567098096696,33.039236836036025,5.339892780782931,0.006761034182659215,33.039236836036025,-1.3690438807436234
1744178400511,1744178399680,9.828518867492676,0.10827522724866867,0.9122636318206787,1744178399718,0.004886918235570192,0.004581485874950886,0.0009162971982732415,1744178399803,-37.01250076293945,7.987500190734863,12.281250953674316,1001.614990234375,6.768686808935065,89.36883037165268,84.69711298132636,0.6311696283473195,-5.302567098096696,33.039236836036025,5.339892780782931,0.006761034182659215,33.039236836036025,-1.3690438807436234
1744178400523,1744178399680,9.828518867492676,0.10827522724866867,0.9122636318206787,1744178399821,0.0021380267571657896,0.0025961752980947495,0.000305432389723137,1744178399803,-37.01250076293945,7.987500190734863,12.281250953674316,1001.614990234375,6.768686808935065,89.36883037165268,84.69711298132636,0.6311696283473195,-5.302567098096696,33.039236836036025,5.339892780782931,0.0033770658177604725,33.039236836036025,-1.3690438807436234
1744178400575,1744178399831,9.840482711791992,0.08733802288770676,0.9026923179626465,1744178399821,0.0021380267571657896,0.0025961752980947495,0.000305432389723137,1744178399803,-37.01250076293945,7.987500190734863,12.281250953674316,1001.614990234375,5.526326616520558,89.49149153956077,84.75878204247311,0.508508460439236,-5.241012687689277,33.039236836036025,5.265555358449481,0.0033770658177604725,33.039236836036025,-1.3690438807436234
1744178400638,1744178399831,9.840482711791992,0.08733802288770676,0.9026923179626465,1744178399925,0.0001527161948615685,0.001221729558892548,0.0001527161948615685,1744178399803,-37.01250076293945,7.987500190734863,12.281250953674316,1001.614990234375,5.526326616520558,89.49149153956077,84.75878204247311,0.508508460439236,-5.241012687689277,33.039236836036025,5.265555358449481,0.0012406722320652515,33.039236836036025,-1.3690438807436234
1744178400694,1744178399961,9.844072341918945,0.1052841991186142,0.9110672473907471,1744178399925,0.0001527161948615685,0.001221729558892548,0.0001527161948615685,1744178399803,-37.01250076293945,7.987500190734863,12.281250953674316,1001.614990234375,6.591939919834297,89.38723426057753,84.71234794504764,0.6127657394224696,-5.287351375371869,33.039236836036025,5.322640317336967,0.0012406722320652515,33.039236836036025,-1.3690438807436234
1744178400711,1744178399961,9.844072341918945,0.1052841991186142,0.9110672473907471,1744178399925,0.0001527161948615685,0.001221729558892548,0.0001527161948615685,1744178399803,-37.01250076293945,7.987500190734863,12.281250953674316,1001.614990234375,6.591939919834297,89.38723426057753,84.71234794504764,0.6127657394224696,-5.287351375371869,33.039236836036025,5.322640317336967,0.0012406722320652515,33.039236836036025,-1.3690438807436234
1744178400711,1744178399961,9.844072341918945,0.1052841991186142,0.9110672473907471,1744178399925,0.0001527161948615685,0.001221729558892548,0.0001527161948615685,1744178400003,-37.743751525878906,7.631250381469727,12.937500953674316,1001.614990234375,6.591939919834297,89.38723426057753,84.71234794504764,0.6127657394224696,-5.287351375371869,30.534444279392822,5.322640317336967,0.0012406722320652515,30.5344442793928,-1.3690438807436234
1744178400717,1744178399961,9.844072341918945,0.1052841991186142,0.9110672473907471,1744178400029,0.001832594396546483,0.004428769461810589,0.00045814859913662076,1744178400003,-37.743751525878906,7.631250381469727,12.937500953674316,1001.614990234375,6.591939919834297,89.38723426057753,84.71234794504764,0.6127657394224696,-5.287351375371869,30.534444279392822,5.322640317336967,0.004814800235421037,30.5344442793928,-1.3690438807436234
1744178400798,1744178400091,9.811769485473633,0.10827522724866867,0.8901300430297852,1744178400029,0.001832594396546483,0.004428769461810589,0.00045814859913662076,1744178400003,-37.743751525878906,7.631250381469727,12.937500953674316,1001.614990234375,6.935374426926851,89.36775300800235,84.81628000501631,0.6322469919976528,-5.183406115354992,30.534444279392822,5.221718498882045,0.004814800235421037,30.5344442793928,-1.3690438807436234
1744178400829,1744178400091,9.811769485473633,0.10827522724866867,0.8901300430297852,1744178400029,0.001832594396546483,0.004428769461810589,0.00045814859913662076,1744178400103,-37.44375228881836,8.081250190734863,12.393750190734863,1001.614990234375,6.935374426926851,89.36775300800235,84.81628000501631,0.6322469919976528,-5.183406115354992,33.10605365993295,5.221718498882045,0.004814800235421037,33.10605365993297,-1.3690438807436234
1744178400855,1744178400091,9.811769485473633,0.10827522724866867,0.8901300430297852,1744178400133,0.005955931730568409,0.007483093533664942,0.0007635809597559273,1744178400103,-37.44375228881836,8.081250190734863,12.393750190734863,1001.614990234375,6.935374426926851,89.36775300800235,84.81628000501631,0.6322469919976528,-5.183406115354992,33.10605365993295,5.221718498882045,0.009594418559499655,33.10605365993297,-1.3690438807436234
1744178400855,1744178400091,9.811769485473633,0.10827522724866867,0.8901300430297852,1744178400133,0.005955931730568409,0.007483093533664942,0.0007635809597559273,1744178400103,-37.44375228881836,8.081250190734863,12.393750190734863,1001.614990234375,6.935374426926851,89.36775300800235,84.81628000501631,0.6322469919976528,-5.183406115354992,33.10605365993295,5.221718498882045,0.009594418559499655,33.10605365993297,-1.3690438807436234
1744178400952,1744178400221,9.835697174072266,0.09451649338006973,0.9224331378936768,1744178400133,0.005955931730568409,0.007483093533664942,0.0007635809597559273,1744178400103,-37.44375228881836,8.081250190734863,12.393750190734863,1001.614990234375,5.850356486012233,89.4494310482738,84.64223167117434,0.5505689517262076,-5.357522408594633,33.10605365993295,5.385655814514549,0.009594418559499655,33.10605365993297,-1.3690438807436234
1744178400987,1744178400221,9.835697174072266,0.09451649338006973,0.9224331378936768,1744178400237,-0.000305432389723137,0.008246674202382565,-0.000305432389723137,1744178400103,-37.44375228881836,8.081250190734863,12.393750190734863,1001.614990234375,5.850356486012233,89.4494310482738,84.64223167117434,0.5505689517262076,-5.357522408594633,33.10605365993295,5.385655814514549,0.008257978765389633,33.10605365993297,-1.3690438807436234
1744178401030,1744178400221,9.835697174072266,0.09451649338006973,0.9224331378936768,1744178400237,-0.000305432389723137,0.008246674202382565,-0.000305432389723137,1744178400103,-37.44375228881836,8.081250190734863,12.393750190734863,1001.614990234375,5.850356486012233,89.4494310482738,84.64223167117434,0.5505689517262076,-5.357522408594633,33.10605365993295,5.385655814514549,0.008257978765389633,33.10605365993297,-1.3690438807436234
1744178401031,1744178400221,9.835697174072266,0.09451649338006973,0.9224331378936768,1744178400237,-0.000305432389723137,0.008246674202382565,-0.000305432389723137,1744178400303,-38.23125076293945,7.575000286102295,12.843750953674316,1001.614990234375,5.850356486012233,89.4494310482738,84.64223167117434,0.5505689517262076,-5.357522408594633,30.53129622529215,5.385655814514549,0.008257978765389633,30.531296225292124,-1.3690438807436234
1744178401058,1744178400221,9.835697174072266,0.09451649338006973,0.9224331378936768,1744178400341,-0.0001527161948615685,0.01359174121171236,0.000610864779446274,1744178400303,-38.23125076293945,7.575000286102295,12.843750953674316,1001.614990234375,5.850356486012233,89.4494310482738,84.64223167117434,0.5505689517262076,-5.357522408594633,30.53129622529215,5.385655814514549,0.01360631864910936,30.531296225292124,-1.3690438807436234
1744178401117,1744178400373,9.81535816192627,0.06699903309345245,0.9110672473907471,1744178400341,-0.0001527161948615685,0.01359174121171236,0.000610864779446274,1744178400303,-38.23125076293945,7.575000286102295,12.843750953674316,1001.614990234375,4.2059070897129365,89.60890859552151,84.69696733219664,0.39109140447848056,-5.3029098331541995,30.53129622529215,5.317270747172963,0.01360631864910936,30.531296225292124,-1.3690438807436234
1744178401148,1744178400373,9.81535816192627,0.06699903309345245,0.9110672473907471,1744178400445,-0.000610864779446274,0.015729768201708794,-0.000305432389723137,1744178400303,-38.23125076293945,7.575000286102295,12.843750953674316,1001.614990234375,4.2059070897129365,89.60890859552151,84.69696733219664,0.39109140447848056,-5.3029098331541995,30.53129622529215,5.317270747172963,0.01574458803535199,30.531296225292124,-1.3690438807436234
1744178401156,1744178400373,9.81535816192627,0.06699903309345245,0.9110672473907471,1744178400445,-0.000610864779446274,0.015729768201708794,-0.000305432389723137,1744178400303,-38.23125076293945,7.575000286102295,12.843750953674316,1001.614990234375,4.2059070897129365,89.60890859552151,84.69696733219664,0.39109140447848056,-5.3029098331541995,30.53129622529215,5.317270747172963,0.01574458803535199,30.531296225292124,-1.3690438807436234
1744178401197,1744178400373,9.81535816192627,0.06699903309345245,0.9110672473907471,1744178400445,-0.000610864779446274,0.015729768201708794,-0.000305432389723137,1744178400503,-37.33125305175781,8.625,13.312500953674316,1001.614990234375,4.2059070897129365,89.60890859552151,84.69696733219664,0.39109140447848056,-5.3029098331541995,32.93868866991038,5.317270747172963,0.01574458803535199,32.93868866991039,-1.3690438807436234
1744178401204,1744178400481,9.823135375976562,0.05563312768936157,0.8793623447418213,1744178400445,-0.000610864779446274,0.015729768201708794,-0.000305432389723137,1744178400503,-37.33125305175781,8.625,13.312500953674316,1001.614990234375,3.620010462689043,89.67550998574143,84.88454500058921,0.3244900142585839,-5.115373397520108,32.93868866991038,5.125627654509676,0.01574458803535199,32.93868866991039,-1.3690438807436234
1744178401266,1744178400481,9.823135375976562,0.05563312768936157,0.8793623447418213,1744178400549,0.0001527161948615685,0.013744457624852657,-0.000305432389723137,1744178400503,-37.33125305175781,8.625,13.312500953674316,1001.614990234375,3.620010462689043,89.67550998574143,84.88454500058921,0.3244900142585839,-5.115373397520108,32.93868866991038,5.125627654509676,0.013748699086904017,32.93868866991039,-1.3690438807436234
1744178401307,1744178400481,9.823135375976562,0.05563312768936157,0.8793623447418213,1744178400549,0.0001527161948615685,0.013744457624852657,-0.000305432389723137,1744178400603,-38.625,8.25,13.612500190734863,1001.614990234375,3.620010462689043,89.67550998574143,84.88454500058921,0.3244900142585839,-5.115373397520108,31.21840240849876,5.125627654509676,0.013748699086904017,31.218402408498775,-1.3690438807436234
1744178401319,1744178400481,9.823135375976562,0.05563312768936157,0.8793623447418213,1744178400549,0.0001527161948615685,0.013744457624852657,-0.000305432389723137,1744178400603,-38.625,8.25,13.612500190734863,1001.614990234375,3.620010462689043,89.67550998574143,84.88454500058921,0.3244900142585839,-5.115373397520108,31.21840240849876,5.125627654509676,0.013748699086904017,31.218402408498775,-1.3690438807436234
1744178401346,1744178400611,9.818947792053223,0.04666004329919815,0.865005373954773,1744178400549,0.0001527161948615685,0.013744457624852657,-0.000305432389723137,1744178400603,-38.625,8.25,13.612500190734863,1001.614990234375,3.087651442204338,89.72773015131807,84.96549526598028,0.2722698486819418,-5.034448182786957,31.21840240849876,5.041786240567797,0.013748699086904017,31.218402408498775,-1.3690438807436234
1744178401347,1744178400611,9.818947792053223,0.04666004329919815,0.865005373954773,1744178400653,0.0007635809597559273,0.010690134018659592,-0.000610864779446274,1744178400603,-38.625,8.25,13.612500190734863,1001.614990234375,3.087651442204338,89.72773015131807,84.96549526598028,0.2722698486819418,-5.034448182786957,31.21840240849876,5.041786240567797,0.010734764878551033,31.218402408498775,-1.3690438807436234
1744178401390,1744178400611,9.818947792053223,0.04666004329919815,0.865005373954773,1744178400653,0.0007635809597559273,0.010690134018659592,-0.000610864779446274,1744178400703,-37.875,8.175000190734863,13.500000953674316,1001.614990234375,3.087651442204338,89.72773015131807,84.96549526598028,0.2722698486819418,-5.034448182786957,31.197233172797823,5.041786240567797,0.010734764878551033,31.197233172797837,-1.3690438807436234
1744178401458,1744178400763,9.808777809143066,0.09571290761232376,0.8374879360198975,1744178400653,0.0007635809597559273,0.010690134018659592,-0.000610864779446274,1744178400703,-37.875,8.175000190734863,13.500000953674316,1001.614990234375,6.51980179478423,89.44093222273808,85.11983754787123,0.5590677772619171,-4.8799312551571346,31.197233172797823,4.911774597211346,0.010734764878551033,31.197233172797837,-1.3690438807436234
1744178401489,1744178400763,9.808777809143066,0.09571290761232376,0.8374879360198975,1744178400653,0.0007635809597559273,0.010690134018659592,-0.000610864779446274,1744178400703,-37.875,8.175000190734863,13.500000953674316,1001.614990234375,6.51980179478423,89.44093222273808,85.11983754787123,0.5590677772619171,-4.8799312551571346,31.197233172797823,4.911774597211346,0.010734764878551033,31.197233172797837,-1.3690438807436234
1744178401497,1744178400763,9.808777809143066,0.09571290761232376,0.8374879360198975,1744178400653,0.0007635809597559273,0.010690134018659592,-0.000610864779446274,1744178400804,-37.10625076293945,7.331250190734863,12.956250190734863,1001.614990234375,6.51980179478423,89.44093222273808,85.11983754787123,0.5590677772619171,-4.8799312551571346,29.503204200144477,4.911774597211346,0.010734764878551033,29.503204200144467,-1.3690438807436234
1744178401558,1744178400763,9.808777809143066,0.09571290761232376,0.8374879360198975,1744178400861,0.000305432389723137,0.08491020649671555,0.00045814859913662076,1744178400804,-37.10625076293945,7.331250190734863,12.956250190734863,1001.614990234375,6.51980179478423,89.44093222273808,85.11983754787123,0.5590677772619171,-4.8799312551571346,29.503204200144477,4.911774597211346,0.08491199182917838,29.503204200144467,-1.3690438807436234
1744178401605,1744178400763,9.808777809143066,0.09571290761232376,0.8374879360198975,1744178400861,0.000305432389723137,0.08491020649671555,0.00045814859913662076,1744178400903,-37.76250076293945,8.34375,13.46250057220459,1001.614990234375,6.51980179478423,89.44093222273808,85.11983754787123,0.5590677772619171,-4.8799312551571346,31.789688145303597,4.911774597211346,0.08491199182917838,31.789688145303614,-1.3690438807436234
1744178401621,1744178400892,10.018150329589844,0.12442677468061447,0.7830511927604675,1744178400861,0.000305432389723137,0.08491020649671555,0.00045814859913662076,1744178400903,-37.76250076293945,8.34375,13.46250057220459,1001.614990234375,9.028809944056663,89.28841529944972,85.53066265380954,0.711584700550269,-4.46899406298171,31.789688145303597,4.525177725302627,0.08491199182917838,31.789688145303614,-1.3690438807436234
1744178401660,1744178400892,10.018150329589844,0.12442677468061447,0.7830511927604675,1744178400861,0.000305432389723137,0.08491020649671555,0.00045814859913662076,1744178400903,-37.76250076293945,8.34375,13.46250057220459,1001.614990234375,9.028809944056663,89.28841529944972,85.53066265380954,0.711584700550269,-4.46899406298171,31.789688145303597,4.525177725302627,0.08491199182917838,31.789688145303614,-1.3690438807436234
1744178401667,1744178400892,10.018150329589844,0.12442677468061447,0.7830511927604675,1744178400965,0.0487164668738842,0.04978547990322113,0.003512472379952669,1744178400903,-37.76250076293945,8.34375,13.46250057220459,1001.614990234375,9.028809944056663,89.28841529944972,85.53066265380954,0.711584700550269,-4.46899406298171,31.789688145303597,4.525177725302627,0.0697440005741585,31.789688145303614,-1.3690438807436234
1744178401728,1744178400892,10.018150329589844,0.12442677468061447,0.7830511927604675,1744178400965,0.0487164668738842,0.04978547990322113,0.003512472379952669,1744178401003,-37.48125076293945,7.593750476837158,14.287500381469727,1001.614990234375,9.028809944056663,89.28841529944972,85.53066265380954,0.711584700550269,-4.46899406298171,27.99046935063806,4.525177725302627,0.0697440005741585,27.99046935063808,-1.3690438807436234
1744178401728,1744178401023,9.864411354064941,0.11186445504426956,0.7322037220001221,1744178400965,0.0487164668738842,0.04978547990322113,0.003512472379952669,1744178401003,-37.48125076293945,7.593750476837158,14.287500381469727,1001.614990234375,8.686354391330442,89.35028191807882,85.75490230754848,0.6497180819211822,-4.244825756074801,27.99046935063806,4.294171243168061,0.0697440005741585,27.99046935063808,-1.3690438807436234
1744178401756,1744178401023,9.864411354064941,0.11186445504426956,0.7322037220001221,1744178401070,-0.000305432389723137,0.005345067009329796,-0.00045814859913662076,1744178401003,-37.48125076293945,7.593750476837158,14.287500381469727,1001.614990234375,8.686354391330442,89.35028191807882,85.75490230754848,0.6497180819211822,-4.244825756074801,27.99046935063806,4.294171243168061,0.005373353740245342,27.99046935063808,-1.3690438807436234
1744178401805,1744178401023,9.864411354064941,0.11186445504426956,0.7322037220001221,1744178401070,-0.000305432389723137,0.005345067009329796,-0.00045814859913662076,1744178401003,-37.48125076293945,7.593750476837158,14.287500381469727,1001.614990234375,8.686354391330442,89.35028191807882,85.75490230754848,0.6497180819211822,-4.244825756074801,27.99046935063806,4.294171243168061,0.005373353740245342,27.99046935063808,-1.3690438807436234
1744178401814,1744178401023,9.864411354064941,0.11186445504426956,0.7322037220001221,1744178401070,-0.000305432389723137,0.005345067009329796,-0.00045814859913662076,1744178401103,-37.23750305175781,7.387500286102295,13.518750190734863,1001.614990234375,8.686354391330442,89.35028191807882,85.75490230754848,0.6497180819211822,-4.244825756074801,28.65498344009159,4.294171243168061,0.005373353740245342,28.6549834400916,-1.3690438807436234
1744178401870,1744178401153,9.56650447845459,0.11306086927652359,0.7046862840652466,1744178401070,-0.000305432389723137,0.005345067009329796,-0.00045814859913662076,1744178401103,-37.23750305175781,7.387500286102295,13.518750190734863,1001.614990234375,9.114935518676427,89.32288652797067,85.78709652213358,0.6771134720293375,-4.212610349539257,28.65498344009159,4.266584366370586,0.005373353740245342,28.6549834400916,-1.3690438807436234
1744178401895,1744178401153,9.56650447845459,0.11306086927652359,0.7046862840652466,1744178401173,0.008093958720564842,0.5480984449386597,0.18280129134655,1744178401103,-37.23750305175781,7.387500286102295,13.518750190734863,1001.614990234375,9.114935518676427,89.32288652797067,85.78709652213358,0.6771134720293375,-4.212610349539257,28.65498344009159,4.266584366370586,0.5778353828123659,28.6549834400916,-1.3690438807436234
1744178401905,1744178401153,9.56650447845459,0.11306086927652359,0.7046862840652466,1744178401173,0.008093958720564842,0.5480984449386597,0.18280129134655,1744178401203,-36.41250228881836,7.068750381469727,14.96250057220459,1001.614990234375,9.114935518676427,89.32288652797067,85.78709652213358,0.6771134720293375,-4.212610349539257,25.287506420295603,4.266584366370586,0.5778353828123659,25.287506420295585,-1.3690438807436234
1744178401969,1744178401153,9.56650447845459,0.11306086927652359,0.7046862840652466,1744178401173,0.008093958720564842,0.5480984449386597,0.18280129134655,1744178401203,-36.41250228881836,7.068750381469727,14.96250057220459,1001.646240234375,9.114935518676427,89.32288652797067,85.78709652213358,0.6771134720293375,-4.212610349539257,25.287506420295603,4.266584366370586,0.5778353828123659,25.287506420295585,-1.6322416133051076
1744178401982,1744178401282,9.001798629760742,0.28115665912628174,0.1657029688358307,1744178401173,0.008093958720564842,0.5480984449386597,0.18280129134655,1744178401203,-36.41250228881836,7.068750381469727,14.96250057220459,1001.646240234375,59.48653086321335,88.21104032585274,88.9454320150185,1.7889596741472718,-1.0540540985805458,25.287506420295603,2.076305777730417,0.5778353828123659,25.287506420295585,-1.6322416133051076
1744178401991,1744178401282,9.001798629760742,0.28115665912628174,0.1657029688358307,1744178401277,0.004428769461810589,-0.19685117900371552,-0.12171480804681778,1744178401203,-36.41250228881836,7.068750381469727,14.96250057220459,1001.646240234375,59.48653086321335,88.21104032585274,88.9454320150185,1.7889596741472718,-1.0540540985805458,25.287506420295603,2.076305777730417,0.23148325030544306,25.287506420295585,-1.6322416133051076
1744178402071,1744178401282,9.001798629760742,0.28115665912628174,0.1657029688358307,1744178401381,-0.001679878099821508,0.06108647957444191,0.041386090219020844,1744178401203,-36.41250228881836,7.068750381469727,14.96250057220459,1001.646240234375,59.48653086321335,88.21104032585274,88.9454320150185,1.7889596741472718,-1.0540540985805458,25.287506420295603,2.076305777730417,0.07380507056324721,25.287506420295585,-1.6322416133051076
1744178402108,1744178401282,9.001798629760742,0.28115665912628174,0.1657029688358307,1744178401381,-0.001679878099821508,0.06108647957444191,0.041386090219020844,1744178401403,-36.03750228881836,7.087500095367432,14.943750381469727,1001.646240234375,59.48653086321335,88.21104032585274,88.9454320150185,1.7889596741472718,-1.0540540985805458,25.373981658255698,2.076305777730417,0.07380507056324721,25.373981658255673,-1.6322416133051076
1744178402117,1744178401282,9.001798629760742,0.28115665912628174,0.1657029688358307,1744178401381,-0.001679878099821508,0.06108647957444191,0.041386090219020844,1744178401403,-36.03750228881836,7.087500095367432,14.943750381469727,1001.6974487304688,59.48653086321335,88.21104032585274,88.9454320150185,1.7889596741472718,-1.0540540985805458,25.373981658255698,2.076305777730417,0.07380507056324721,25.373981658255673,-2.0635219610927225
1744178402168,1744178401413,10.128219604492188,0.11605189740657806,0.36670008301734924,1744178401381,-0.001679878099821508,0.06108647957444191,0.041386090219020844,1744178401403,-36.03750228881836,7.087500095367432,14.943750381469727,1001.6974487304688,17.561346789666246,89.34351809013033,87.92646737542395,0.6564819098696628,-2.073396637649809,25.373981658255698,2.1747997547160716,0.07380507056324721,25.373981658255673,-2.0635219610927225
1744178402231,1744178401413,10.128219604492188,0.11605189740657806,0.36670008301734924,1744178401485,0.00045814859913662076,-0.011453714221715927,-0.007483093533664942,1744178401403,-36.03750228881836,7.087500095367432,14.943750381469727,1001.6974487304688,17.561346789666246,89.34351809013033,87.92646737542395,0.6564819098696628,-2.073396637649809,25.373981658255698,2.1747997547160716,0.013689198604929603,25.373981658255673,-2.0635219610927225
1744178402290,1744178401564,9.92423152923584,0.14356936514377594,0.31764721870422363,1744178401485,0.00045814859913662076,-0.011453714221715927,-0.007483093533664942,1744178401403,-36.03750228881836,7.087500095367432,14.943750381469727,1001.6974487304688,24.32189334120854,89.17118570892681,88.16674633736706,0.8288142910731956,-1.8330619910252768,25.373981658255698,2.0116697051563333,0.013689198604929603,25.373981658255673,-2.0635219610927225
1744178402290,1744178401564,9.92423152923584,0.14356936514377594,0.31764721870422363,1744178401485,0.00045814859913662076,-0.011453714221715927,-0.007483093533664942,1744178401403,-36.03750228881836,7.087500095367432,14.943750381469727,1001.7387084960938,24.32189334120854,89.17118570892681,88.16674633736706,0.8288142910731956,-1.8330619910252768,25.373981658255698,2.0116697051563333,0.013689198604929603,25.373981658255673,-2.411000649359627
1744178402291,1744178401564,9.92423152923584,0.14356936514377594,0.31764721870422363,1744178401589,0,-0.00045814859913662076,0,1744178401403,-36.03750228881836,7.087500095367432,14.943750381469727,1001.7387084960938,24.32189334120854,89.17118570892681,88.16674633736706,0.8288142910731956,-1.8330619910252768,25.373981658255698,2.0116697051563333,0.00045814859913662076,25.373981658255673,-2.411000649359627
1744178402295,1744178401564,9.92423152923584,0.14356936514377594,0.31764721870422363,1744178401589,0,-0.00045814859913662076,0,1744178401603,-37.368751525878906,7.631250381469727,15.375000953674316,1001.7387084960938,24.32189334120854,89.17118570892681,88.16674633736706,0.8288142910731956,-1.8330619910252768,26.397110651961967,2.0116697051563333,0.00045814859913662076,26.397110651961952,-2.411000649359627
1744178402391,1744178401564,9.92423152923584,0.14356936514377594,0.31764721870422363,1744178401693,0,-0.000610864779446274,-0.000305432389723137,1744178401603,-37.368751525878906,7.631250381469727,15.375000953674316,1001.7387084960938,24.32189334120854,89.17118570892681,88.16674633736706,0.8288142910731956,-1.8330619910252768,26.397110651961967,2.0116697051563333,0.0006829675859511426,26.397110651961952,-2.411000649359627
1744178402403,1744178401564,9.92423152923584,0.14356936514377594,0.31764721870422363,1744178401693,0,-0.000610864779446274,-0.000305432389723137,1744178401703,-36.91875076293945,6.656250476837158,15.131250381469727,1001.7387084960938,24.32189334120854,89.17118570892681,88.16674633736706,0.8288142910731956,-1.8330619910252768,23.744736687639264,2.0116697051563333,0.0006829675859511426,23.74473668763926,-2.411000649359627
1744178402408,1744178401695,9.861420631408691,0.15194423496723175,0.30508488416671753,1744178401693,0,-0.000610864779446274,-0.000305432389723137,1744178401703,-36.91875076293945,6.656250476837158,15.131250381469727,1001.7387084960938,26.475104752464272,89.11725958373918,88.22799337772257,0.8827404162608113,-1.7717964523421699,23.744736687639264,1.9794557093405676,0.0006829675859511426,23.74473668763926,-2.411000649359627
1744178402491,1744178401695,9.861420631408691,0.15194423496723175,0.30508488416671753,1744178401693,0,-0.000610864779446274,-0.000305432389723137,1744178401703,-36.91875076293945,6.656250476837158,15.131250381469727,1001.7224731445312,26.475104752464272,89.11725958373918,88.22799337772257,0.8827404162608113,-1.7717964523421699,23.744736687639264,1.9794557093405676,0.0006829675859511426,23.74473668763926,-2.2742722525199865
1744178402509,1744178401695,9.861420631408691,0.15194423496723175,0.30508488416671753,1744178401797,-0.000305432389723137,0.000305432389723137,0.000305432389723137,1744178401703,-36.91875076293945,6.656250476837158,15.131250381469727,1001.7224731445312,26.475104752464272,89.11725958373918,88.22799337772257,0.8827404162608113,-1.7717964523421699,23.744736687639264,1.9794557093405676,0.0005290244172776516,23.74473668763926,-2.2742722525199865
1744178402529,1744178401824,9.869196891784668,0.15314064919948578,0.3236292600631714,1744178401797,-0.000305432389723137,0.000305432389723137,0.000305432389723137,1744178401703,-36.91875076293945,6.656250476837158,15.131250381469727,1001.7224731445312,25.323408976458655,89.11101087073538,88.12183819018006,0.888989129264622,-1.8779359022236037,23.744736687639264,2.077657791610215,0.0005290244172776516,23.74473668763926,-2.2742722525199865
1744178402605,1744178401824,9.869196891784668,0.15314064919948578,0.3236292600631714,1744178401797,-0.000305432389723137,0.000305432389723137,0.000305432389723137,1744178401703,-36.91875076293945,6.656250476837158,15.131250381469727,1001.7012329101562,25.323408976458655,89.11101087073538,88.12183819018006,0.888989129264622,-1.8779359022236037,23.744736687639264,2.077657791610215,0.0005290244172776516,23.74473668763926,-2.0953917909395514
1744178402613,1744178401824,9.869196891784668,0.15314064919948578,0.3236292600631714,1744178401901,-0.0001527161948615685,0.000305432389723137,0.0001527161948615685,1744178401703,-36.91875076293945,6.656250476837158,15.131250381469727,1001.7012329101562,25.323408976458655,89.11101087073538,88.12183819018006,0.888989129264622,-1.8779359022236037,23.744736687639264,2.077657791610215,0.00037407675287028916,23.74473668763926,-2.0953917909395514
1744178402613,1744178401824,9.869196891784668,0.15314064919948578,0.3236292600631714,1744178401901,-0.0001527161948615685,0.000305432389723137,0.0001527161948615685,1744178401903,-35.962501525878906,7.200000286102295,14.77500057220459,1001.7012329101562,25.323408976458655,89.11101087073538,88.12183819018006,0.888989129264622,-1.8779359022236037,25.980420679128258,2.077657791610215,0.00037407675287028916,25.980420679128258,-2.0953917909395514
1744178402666,1744178401954,9.852447509765625,0.1501496136188507,0.3194418251514435,1744178401901,-0.0001527161948615685,0.000305432389723137,0.0001527161948615685,1744178401903,-35.962501525878906,7.200000286102295,14.77500057220459,1001.7012329101562,25.175280923038375,89.12688971725626,88.14297320505882,0.8731102827437336,-1.8568113339891708,25.980420679128258,2.0517804459648326,0.00037407675287028916,25.980420679128258,-2.0953917909395514
1744178402745,1744178401954,9.852447509765625,0.1501496136188507,0.3194418251514435,1744178402005,-0.00045814859913662076,0.0010690133785828948,0.0010690133785828948,1744178401903,-35.962501525878906,7.200000286102295,14.77500057220459,1001.7012329101562,25.175280923038375,89.12688971725626,88.14297320505882,0.8731102827437336,-1.8568113339891708,25.980420679128258,2.0517804459648326,0.0015797086269528566,25.980420679128258,-2.0953917909395514
1744178402750,1744178401954,9.852447509765625,0.1501496136188507,0.3194418251514435,1744178402005,-0.00045814859913662076,0.0010690133785828948,0.0010690133785828948,1744178401903,-35.962501525878906,7.200000286102295,14.77500057220459,1001.6824951171875,25.175280923038375,89.12688971725626,88.14297320505882,0.8731102827437336,-1.8568113339891708,25.980420679128258,2.0517804459648326,0.0015797086269528566,25.980420679128258,-1.9375837764878057
1744178402773,1744178402084,9.869794845581055,0.1866401731967926,0.2841476798057556,1744178402005,-0.00045814859913662076,0.0010690133785828948,0.0010690133785828948,1744178401903,-35.962501525878906,7.200000286102295,14.77500057220459,1001.6824951171875,33.298596231497925,88.91665227348571,88.35093157233521,1.083347726514294,-1.6487738183825598,25.980420679128258,1.9727578196818298,0.0015797086269528566,25.980420679128258,-1.9375837764878057
1744178402797,1744178402084,9.869794845581055,0.1866401731967926,0.2841476798057556,1744178402005,-0.00045814859913662076,0.0010690133785828948,0.0010690133785828948,1744178402103,-36.13125228881836,6.562500476837158,14.756250381469727,1001.6824951171875,33.298596231497925,88.91665227348571,88.35093157233521,1.083347726514294,-1.6487738183825598,23.97599834676672,1.9727578196818298,0.0015797086269528566,23.975998346766744,-1.9375837764878057
1744178402805,1744178402084,9.869794845581055,0.1866401731967926,0.2841476798057556,1744178402109,-0.00045814859913662076,0.000305432389723137,-0.0001527161948615685,1744178402103,-36.13125228881836,6.562500476837158,14.756250381469727,1001.6824951171875,33.298596231497925,88.91665227348571,88.35093157233521,1.083347726514294,-1.6487738183825598,23.97599834676672,1.9727578196818298,0.0005714116902512854,23.975998346766744,-1.9375837764878057
1744178402895,1744178402084,9.869794845581055,0.1866401731967926,0.2841476798057556,1744178402109,-0.00045814859913662076,0.000305432389723137,-0.0001527161948615685,1744178402203,-35.94375228881836,6.768750190734863,15.093750953674316,1001.6824951171875,33.298596231497925,88.91665227348571,88.35093157233521,1.083347726514294,-1.6487738183825598,24.153715229592787,1.9727578196818298,0.0005714116902512854,24.153715229592763,-1.9375837764878057
1744178402908,1744178402084,9.869794845581055,0.1866401731967926,0.2841476798057556,1744178402213,-0.0001527161948615685,0.0001527161948615685,0,1744178402203,-35.94375228881836,6.768750190734863,15.093750953674316,1001.6824951171875,33.298596231497925,88.91665227348571,88.35093157233521,1.083347726514294,-1.6487738183825598,24.153715229592787,1.9727578196818298,0.00021597331396724256,24.153715229592763,-1.9375837764878057
1744178402920,1744178402084,9.869794845581055,0.1866401731967926,0.2841476798057556,1744178402213,-0.0001527161948615685,0.0001527161948615685,0,1744178402203,-35.94375228881836,6.768750190734863,15.093750953674316,1001.668701171875,33.298596231497925,88.91665227348571,88.35093157233521,1.083347726514294,-1.6487738183825598,24.153715229592787,1.9727578196818298,0.00021597331396724256,24.153715229592763,-1.821410876803573
1744178402980,1744178402215,9.859625816345215,0.17527425289154053,0.2883351147174835,1744178402213,-0.0001527161948615685,0.0001527161948615685,0,1744178402203,-35.94375228881836,6.768750190734863,15.093750953674316,1001.668701171875,31.294741320780165,88.98156203295312,88.32491836914467,1.018437967046886,-1.6748171641496559,24.153715229592787,1.9600849432269947,0.00021597331396724256,24.153715229592763,-1.821410876803573
1744178403009,1744178402215,9.859625816345215,0.17527425289154053,0.2883351147174835,1744178402213,-0.0001527161948615685,0.0001527161948615685,0,1744178402303,-36.67500305175781,7.443750381469727,15.487500190734863,1001.668701171875,31.294741320780165,88.98156203295312,88.32491836914467,1.018437967046886,-1.6748171641496559,25.670315149957123,1.9600849432269947,0.00021597331396724256,25.670315149957105,-1.821410876803573
1744178403020,1744178402215,9.859625816345215,0.17527425289154053,0.2883351147174835,1744178402317,-0.0001527161948615685,0,0.0001527161948615685,1744178402303,-36.67500305175781,7.443750381469727,15.487500190734863,1001.668701171875,31.294741320780165,88.98156203295312,88.32491836914467,1.018437967046886,-1.6748171641496559,25.670315149957123,1.9600849432269947,0.00021597331396724256,25.670315149957105,-1.821410876803573
1744178403077,1744178402344,9.850054740905762,0.17527425289154053,0.29312077164649963,1744178402317,-0.0001527161948615685,0,0.0001527161948615685,1744178402303,-36.67500305175781,7.443750381469727,15.487500190734863,1001.668701171875,30.87770041602333,88.98057264854641,88.29547868881286,1.0194273514535825,-1.7042516787927124,25.670315149957123,1.9857994352382842,0.00021597331396724256,25.670315149957105,-1.821410876803573
1744178403083,1744178402344,9.850054740905762,0.17527425289154053,0.29312077164649963,1744178402317,-0.0001527161948615685,0,0.0001527161948615685,1744178402303,-36.67500305175781,7.443750381469727,15.487500190734863,1001.65625,30.87770041602333,88.98057264854641,88.29547868881286,1.0194273514535825,-1.7042516787927124,25.670315149957123,1.9857994352382842,0.00021597331396724256,25.670315149957105,-1.7165457310830878
1744178403112,1744178402344,9.850054740905762,0.17527425289154053,0.29312077164649963,1744178402421,0.0001527161948615685,0.0001527161948615685,0,1744178402303,-36.67500305175781,7.443750381469727,15.487500190734863,1001.65625,30.87770041602333,88.98057264854641,88.29547868881286,1.0194273514535825,-1.7042516787927124,25.670315149957123,1.9857994352382842,0.00021597331396724256,25.670315149957105,-1.7165457310830878
1744178403198,1744178402496,9.861420631408691,0.16929219663143158,0.30149564146995544,1744178402421,0.0001527161948615685,0.0001527161948615685,0,1744178402303,-36.67500305175781,7.443750381469727,15.487500190734863,1001.65625,29.314556442914093,89.01649305578,88.24882750779246,0.9835069442199993,-1.750914665781755,25.670315149957123,2.0081551101159114,0.00021597331396724256,25.670315149957105,-1.7165457310830878
1744178403214,1744178402496,9.861420631408691,0.16929219663143158,0.30149564146995544,1744178402421,0.0001527161948615685,0.0001527161948615685,0,1744178402503,-36.41250228881836,6.806250095367432,14.86875057220459,1001.65625,29.314556442914093,89.01649305578,88.24882750779246,0.9835069442199993,-1.750914665781755,24.596191681068678,2.0081551101159114,0.00021597331396724256,24.59619168106866,-1.7165457310830878
1744178403227,1744178402496,9.861420631408691,0.16929219663143158,0.30149564146995544,1744178402525,0.0001527161948615685,-0.0001527161948615685,0.0001527161948615685,1744178402503,-36.41250228881836,6.806250095367432,14.86875057220459,1001.65625,29.314556442914093,89.01649305578,88.24882750779246,0.9835069442199993,-1.750914665781755,24.596191681068678,2.0081551101159114,0.0002645122086388258,24.59619168106866,-1.7165457310830878
1744178403305,1744178402496,9.861420631408691,0.16929219663143158,0.30149564146995544,1744178402525,0.0001527161948615685,-0.0001527161948615685,0.0001527161948615685,1744178402503,-36.41250228881836,6.806250095367432,14.86875057220459,1001.646240234375,29.314556442914093,89.01649305578,88.24882750779246,0.9835069442199993,-1.750914665781755,24.596191681068678,2.0081551101159114,0.0002645122086388258,24.59619168106866,-1.6322416133051076
1744178403329,1744178402496,9.861420631408691,0.16929219663143158,0.30149564146995544,1744178402629,0.0001527161948615685,0.0001527161948615685,0,1744178402503,-36.41250228881836,6.806250095367432,14.86875057220459,1001.646240234375,29.314556442914093,89.01649305578,88.24882750779246,0.9835069442199993,-1.750914665781755,24.596191681068678,2.0081551101159114,0.00021597331396724256,24.59619168106866,-1.6322416133051076
1744178403340,1744178402626,9.858428955078125,0.1579262912273407,0.30987054109573364,1744178402629,0.0001527161948615685,0.0001527161948615685,0,1744178402503,-36.41250228881836,6.806250095367432,14.86875057220459,1001.646240234375,27.005778118260693,89.0822334768487,88.19966945758016,0.9177665231513006,-1.800099736849903,24.596191681068678,2.020489370390252,0.00021597331396724256,24.59619168106866,-1.6322416133051076
1744178403404,1744178402626,9.858428955078125,0.1579262912273407,0.30987054109573364,1744178402629,0.0001527161948615685,0.0001527161948615685,0,1744178402503,-36.41250228881836,6.806250095367432,14.86875057220459,1001.637451171875,27.005778118260693,89.0822334768487,88.19966945758016,0.9177665231513006,-1.800099736849903,24.596191681068678,2.020489370390252,0.00021597331396724256,24.59619168106866,-1.5582179230550697
1744178403456,1744178402626,9.858428955078125,0.1579262912273407,0.30987054109573364,1744178402629,0.0001527161948615685,0.0001527161948615685,0,1744178402703,-36.60000228881836,6.675000190734863,14.756250381469727,1001.637451171875,27.005778118260693,89.0822334768487,88.19966945758016,0.9177665231513006,-1.800099736849903,24.339651053608925,2.020489370390252,0.00021597331396724256,24.339651053608918,-1.5582179230550697
1744178403456,1744178402626,9.858428955078125,0.1579262912273407,0.30987054109573364,1744178402733,0,0,0,1744178402703,-36.60000228881836,6.675000190734863,14.756250381469727,1001.637451171875,27.005778118260693,89.0822334768487,88.19966945758016,0.9177665231513006,-1.800099736849903,24.339651053608925,2.020489370390252,0,24.339651053608918,-1.5582179230550697
1744178403456,1744178402756,9.863214492797852,0.15314064919948578,0.31405797600746155,1744178402733,0,0,0,1744178402703,-36.60000228881836,6.675000190734863,14.756250381469727,1001.637451171875,25.994744200390837,89.11047175304853,88.17624173206262,0.8895282469514729,-1.8235386289447184,24.339651053608925,2.0288633379275867,0,24.339651053608918,-1.5582179230550697
1744178403534,1744178402756,9.863214492797852,0.15314064919948578,0.31405797600746155,1744178402836,0,-0.0001527161948615685,-0.0001527161948615685,1744178402703,-36.60000228881836,6.675000190734863,14.756250381469727,1001.637451171875,25.994744200390837,89.11047175304853,88.17624173206262,0.8895282469514729,-1.8235386289447184,24.339651053608925,2.0288633379275867,0.00021597331396724256,24.339651053608918,-1.5582179230550697
1744178403587,1744178402756,9.863214492797852,0.15314064919948578,0.31405797600746155,1744178402836,0,-0.0001527161948615685,-0.0001527161948615685,1744178402703,-36.60000228881836,6.675000190734863,14.756250381469727,1001.6325073242188,25.994744200390837,89.11047175304853,88.17624173206262,0.8895282469514729,-1.8235386289447184,24.339651053608925,2.0288633379275867,0.00021597331396724256,24.339651053608918,-1.5165793661665194
1744178403590,1744178402756,9.863214492797852,0.15314064919948578,0.31405797600746155,1744178402836,0,-0.0001527161948615685,-0.0001527161948615685,1744178402903,-36.41250228881836,7.500000476837158,15.112500190734863,1001.6325073242188,25.994744200390837,89.11047175304853,88.17624173206262,0.8895282469514729,-1.8235386289447184,26.394190680629947,2.0288633379275867,0.00021597331396724256,26.394190680629947,-1.5165793661665194
1744178403595,1744178402886,9.855438232421875,0.15912270545959473,0.3128615617752075,1744178402836,0,-0.0001527161948615685,-0.0001527161948615685,1744178402903,-36.41250228881836,7.500000476837158,15.112500190734863,1001.6325073242188,26.958079952556904,89.07500132047414,88.18175216997835,0.92499867952587,-1.818011042369942,26.394190680629947,2.039730259885796,0.00021597331396724256,26.394190680629947,-1.5165793661665194
1744178403650,1744178402886,9.855438232421875,0.15912270545959473,0.3128615617752075,1744178402941,-0.0001527161948615685,-0.000305432389723137,0.0001527161948615685,1744178402903,-36.41250228881836,7.500000476837158,15.112500190734863,1001.6325073242188,26.958079952556904,89.07500132047414,88.18175216997835,0.92499867952587,-1.818011042369942,26.394190680629947,2.039730259885796,0.00037407675287028916,26.394190680629947,-1.5165793661665194
1744178403709,1744178402886,9.855438232421875,0.15912270545959473,0.3128615617752075,1744178402941,-0.0001527161948615685,-0.000305432389723137,0.0001527161948615685,1744178402903,-36.41250228881836,7.500000476837158,15.112500190734863,1001.6287231445312,26.958079952556904,89.07500132047414,88.18175216997835,0.92499867952587,-1.818011042369942,26.394190680629947,2.039730259885796,0.00037407675287028916,26.394190680629947,-1.484707765737845
1744178403739,1744178403016,9.857233047485352,0.15912270545959473,0.30149564146995544,1744178402941,-0.0001527161948615685,-0.000305432389723137,0.0001527161948615685,1744178402903,-36.41250228881836,7.500000476837158,15.112500190734863,1001.6287231445312,27.824097245583573,89.075169715923,88.24808403212677,0.9248302840770035,-1.7516878906095192,26.394190680629947,1.9807713182727709,0.00037407675287028916,26.394190680629947,-1.484707765737845
1744178403750,1744178403016,9.857233047485352,0.15912270545959473,0.30149564146995544,1744178403044,0.000305432389723137,0,0.0001527161948615685,1744178402903,-36.41250228881836,7.500000476837158,15.112500190734863,1001.6287231445312,27.824097245583573,89.075169715923,88.24808403212677,0.9248302840770035,-1.7516878906095192,26.394190680629947,1.9807713182727709,0.0003414837929755713,26.394190680629947,-1.484707765737845
1744178403816,1744178403016,9.857233047485352,0.15912270545959473,0.30149564146995544,1744178403044,0.000305432389723137,0,0.0001527161948615685,1744178403103,-37.70625305175781,7.031250476837158,15.693750381469727,1001.6287231445312,27.824097245583573,89.075169715923,88.24808403212677,0.9248302840770035,-1.7516878906095192,24.133748782187247,1.9807713182727709,0.0003414837929755713,24.13374878218724,-1.484707765737845
1744178403863,1744178403016,9.857233047485352,0.15912270545959473,0.30149564146995544,1744178403149,0,-0.000305432389723137,-0.0001527161948615685,1744178403103,-37.70625305175781,7.031250476837158,15.693750381469727,1001.6287231445312,27.824097245583573,89.075169715923,88.24808403212677,0.9248302840770035,-1.7516878906095192,24.133748782187247,1.9807713182727709,0.0003414837929755713,24.13374878218724,-1.484707765737845
1744178403869,1744178403146,9.856635093688965,0.15912270545959473,0.30149564146995544,1744178403149,0,-0.000305432389723137,-0.0001527161948615685,1744178403103,-37.70625305175781,7.031250476837158,15.693750381469727,1001.6287231445312,27.824097245583573,89.07511362074285,88.24797781819878,0.9248863792571534,-1.7517940630572832,24.133748782187247,1.9808913862428907,0.0003414837929755713,24.13374878218724,-1.484707765737845
1744178403875,1744178403146,9.856635093688965,0.15912270545959473,0.30149564146995544,1744178403149,0,-0.000305432389723137,-0.0001527161948615685,1744178403103,-37.70625305175781,7.031250476837158,15.693750381469727,1001.625,27.824097245583573,89.07511362074285,88.24797781819878,0.9248863792571534,-1.7517940630572832,24.133748782187247,1.9808913862428907,0.0003414837929755713,24.13374878218724,-1.4533501282339634
1744178403931,1744178403146,9.856635093688965,0.15912270545959473,0.30149564146995544,1744178403149,0,-0.000305432389723137,-0.0001527161948615685,1744178403203,-36.337501525878906,6.900000095367432,14.58750057220459,1001.625,27.824097245583573,89.07511362074285,88.24797781819878,0.9248863792571534,-1.7517940630572832,25.3145097588622,1.9808913862428907,0.0003414837929755713,25.314509758862187,-1.4533501282339634
1744178403983,1744178403146,9.856635093688965,0.15912270545959473,0.30149564146995544,1744178403253,0.0001527161948615685,0.000305432389723137,0.0001527161948615685,1744178403203,-36.337501525878906,6.900000095367432,14.58750057220459,1001.625,27.824097245583573,89.07511362074285,88.24797781819878,0.9248863792571534,-1.7517940630572832,25.3145097588622,1.9808913862428907,0.00037407675287028916,25.314509758862187,-1.4533501282339634
1744178403992,1744178403146,9.856635093688965,0.15912270545959473,0.30149564146995544,1744178403253,0.0001527161948615685,0.000305432389723137,0.0001527161948615685,1744178403303,-36.35625076293945,7.068750381469727,15.093750953674316,1001.625,27.824097245583573,89.07511362074285,88.24797781819878,0.9248863792571534,-1.7517940630572832,25.094772498069432,1.9808913862428907,0.00037407675287028916,25.09477249806946,-1.4533501282339634
1744178404000,1744178403297,9.859625816345215,0.16390834748744965,0.29850462079048157,1744178403253,0.0001527161948615685,0.000305432389723137,0.0001527161948615685,1744178403303,-36.35625076293945,7.068750381469727,15.093750953674316,1001.625,28.771108917458246,89.04759148859742,88.26587412578161,0.9524085114025828,-1.7338864452500182,25.094772498069432,1.9781727064768526,0.00037407675287028916,25.09477249806946,-1.4533501282339634
1744178404046,1744178403297,9.859625816345215,0.16390834748744965,0.29850462079048157,1744178403253,0.0001527161948615685,0.000305432389723137,0.0001527161948615685,1744178403303,-36.35625076293945,7.068750381469727,15.093750953674316,1001.6212158203125,28.771108917458246,89.04759148859742,88.26587412578161,0.9524085114025828,-1.7338864452500182,25.094772498069432,1.9781727064768526,0.00037407675287028916,25.09477249806946,-1.4214783343856752
1744178404055,1744178403297,9.859625816345215,0.16390834748744965,0.29850462079048157,1744178403356,0.0001527161948615685,-0.0001527161948615685,-0.0001527161948615685,1744178403303,-36.35625076293945,7.068750381469727,15.093750953674316,1001.6212158203125,28.771108917458246,89.04759148859742,88.26587412578161,0.9524085114025828,-1.7338864452500182,25.094772498069432,1.9781727064768526,0.0002645122086388258,25.09477249806946,-1.4214783343856752
1744178404132,1744178403297,9.859625816345215,0.16390834748744965,0.29850462079048157,1744178403356,0.0001527161948615685,-0.0001527161948615685,-0.0001527161948615685,1744178403403,-36.41250228881836,7.181250095367432,14.96250057220459,1001.6212158203125,28.771108917458246,89.04759148859742,88.26587412578161,0.9524085114025828,-1.7338864452500182,25.63867104575222,1.9781727064768526,0.0002645122086388258,25.638671045752233,-1.4214783343856752
1744178404147,1744178403427,9.860223770141602,0.16749759018421173,0.2997010350227356,1744178403356,0.0001527161948615685,-0.0001527161948615685,-0.0001527161948615685,1744178403403,-36.41250228881836,7.181250095367432,14.96250057220459,1001.6212158203125,29.200049993121464,89.02679875533137,88.25903349271276,0.9732012446686393,-1.7407155251967776,25.63867104575222,1.9942215963865166,0.0002645122086388258,25.638671045752233,-1.4214783343856752
1744178404159,1744178403427,9.860223770141602,0.16749759018421173,0.2997010350227356,1744178403461,-0.000305432389723137,0.0001527161948615685,0.0001527161948615685,1744178403403,-36.41250228881836,7.181250095367432,14.96250057220459,1001.6212158203125,29.200049993121464,89.02679875533137,88.25903349271276,0.9732012446686393,-1.7407155251967776,25.63867104575222,1.9942215963865166,0.00037407675287028916,25.638671045752233,-1.4214783343856752
1744178404209,1744178403427,9.860223770141602,0.16749759018421173,0.2997010350227356,1744178403461,-0.000305432389723137,0.0001527161948615685,0.0001527161948615685,1744178403403,-36.41250228881836,7.181250095367432,14.96250057220459,1001.6187133789062,29.200049993121464,89.02679875533137,88.25903349271276,0.9732012446686393,-1.7407155251967776,25.63867104575222,1.9942215963865166,0.00037407675287028916,25.638671045752233,-1.4004017719963202
1744178404217,1744178403427,9.860223770141602,0.16749759018421173,0.2997010350227356,1744178403461,-0.000305432389723137,0.0001527161948615685,0.0001527161948615685,1744178403503,-36.618751525878906,7.256250381469727,15.000000953674316,1001.6187133789062,29.200049993121464,89.02679875533137,88.25903349271276,0.9732012446686393,-1.7407155251967776,25.815375411393163,1.9942215963865166,0.00037407675287028916,25.815375411393177,-1.4004017719963202
1744178404271,1744178403427,9.860223770141602,0.16749759018421173,0.2997010350227356,1744178403564,0,0,0,1744178403503,-36.618751525878906,7.256250381469727,15.000000953674316,1001.6187133789062,29.200049993121464,89.02679875533137,88.25903349271276,0.9732012446686393,-1.7407155251967776,25.815375411393163,1.9942215963865166,0,25.815375411393177,-1.4004017719963202
1744178404271,1744178403558,9.860223770141602,0.16929219663143158,0.3002992272377014,1744178403564,0,0,0,1744178403503,-36.618751525878906,7.256250381469727,15.000000953674316,1001.6187133789062,29.41191385077767,89.01637369843691,88.25556073265038,0.9836263015630851,-1.7441823686928504,25.815375411393163,2.002347109106529,0,25.815375411393177,-1.4004017719963202
1744178404332,1744178403558,9.860223770141602,0.16929219663143158,0.3002992272377014,1744178403564,0,0,0,1744178403603,-39.712501525878906,7.312500476837158,16.59375,1001.6187133789062,29.41191385077767,89.01637369843691,88.25556073265038,0.9836263015630851,-1.7441823686928504,23.78203180192899,2.002347109106529,0,23.78203180192901,-1.4004017719963202
1744178404364,1744178403558,9.860223770141602,0.16929219663143158,0.3002992272377014,1744178403564,0,0,0,1744178403603,-39.712501525878906,7.312500476837158,16.59375,1001.6174926757812,29.41191385077767,89.01637369843691,88.25556073265038,0.9836263015630851,-1.7441823686928504,23.78203180192899,2.002347109106529,0,23.78203180192901,-1.390120506572643
1744178404365,1744178403558,9.860223770141602,0.16929219663143158,0.3002992272377014,1744178403669,0,0.0001527161948615685,0.0001527161948615685,1744178403603,-39.712501525878906,7.312500476837158,16.59375,1001.6174926757812,29.41191385077767,89.01637369843691,88.25556073265038,0.9836263015630851,-1.7441823686928504,23.78203180192899,2.002347109106529,0.00021597331396724256,23.78203180192901,-1.390120506572643
1744178404374,1744178403688,9.857233047485352,0.1740778535604477,0.3026920557022095,1744178403669,0,0.0001527161948615685,0.0001527161948615685,1744178403603,-39.712501525878906,7.312500476837158,16.59375,1001.6174926757812,29.90315812851039,88.98826682930166,88.24113632559856,1.0117331706983366,-1.7585896401810672,23.78203180192899,2.0287730450691885,0.00021597331396724256,23.78203180192901,-1.390120506572643
1744178404431,1744178403688,9.857233047485352,0.1740778535604477,0.3026920557022095,1744178403669,0,0.0001527161948615685,0.0001527161948615685,1744178403703,-40.275001525878906,7.462500095367432,16.96875,1001.6174926757812,29.90315812851039,88.98826682930166,88.24113632559856,1.0117331706983366,-1.7585896401810672,23.73888561206971,2.0287730450691885,0.00021597331396724256,23.73888561206968,-1.390120506572643
1744178404494,1744178403688,9.857233047485352,0.1740778535604477,0.3026920557022095,1744178403773,0.0001527161948615685,0.0001527161948615685,-0.0001527161948615685,1744178403703,-40.275001525878906,7.462500095367432,16.96875,1001.6174926757812,29.90315812851039,88.98826682930166,88.24113632559856,1.0117331706983366,-1.7585896401810672,23.73888561206971,2.0287730450691885,0.0002645122086388258,23.73888561206968,-1.390120506572643
1744178404511,1744178403688,9.857233047485352,0.1740778535604477,0.3026920557022095,1744178403773,0.0001527161948615685,0.0001527161948615685,-0.0001527161948615685,1744178403803,-40.61250305175781,7.575000286102295,17.025001525878906,1001.6174926757812,29.90315812851039,88.98826682930166,88.24113632559856,1.0117331706983366,-1.7585896401810672,23.98590257328335,2.0287730450691885,0.0002645122086388258,23.98590257328334,-1.390120506572643
1744178404522,1744178403688,9.857233047485352,0.1740778535604477,0.3026920557022095,1744178403773,0.0001527161948615685,0.0001527161948615685,-0.0001527161948615685,1744178403803,-40.61250305175781,7.575000286102295,17.025001525878906,1001.6162109375,29.90315812851039,88.98826682930166,88.24113632559856,1.0117331706983366,-1.7585896401810672,23.98590257328335,2.0287730450691885,0.0002645122086388258,23.98590257328334,-1.3793251669660611
1744178404573,1744178403818,9.860223770141602,0.17347964644432068,0.3002992272377014,1744178403773,0.0001527161948615685,0.0001527161948615685,-0.0001527161948615685,1744178403803,-40.61250305175781,7.575000286102295,17.025001525878906,1001.6162109375,30.01456607506962,88.99204861820103,88.25556073265038,1.0079513817989794,-1.7441695057019708,23.98590257328335,2.014393059963203,0.0002645122086388258,23.98590257328334,-1.3793251669660611
1744178404592,1744178403818,9.860223770141602,0.17347964644432068,0.3002992272377014,1744178403876,0.0001527161948615685,0.0001527161948615685,0.0001527161948615685,1744178403803,-40.61250305175781,7.575000286102295,17.025001525878906,1001.6162109375,30.01456607506962,88.99204861820103,88.25556073265038,1.0079513817989794,-1.7441695057019708,23.98590257328335,2.014393059963203,0.0002645122086388258,23.98590257328334,-1.3793251669660611
1744178404658,1744178403948,9.863214492797852,0.17228323221206665,0.2997010350227356,1744178403876,0.0001527161948615685,0.0001527161948615685,0.0001527161948615685,1744178403803,-40.61250305175781,7.575000286102295,17.025001525878906,1001.6162109375,29.892455777806312,88.99930206621463,88.25956106363354,1.0006979337853816,-1.740173652176494,23.98590257328335,2.0073098312408972,0.0002645122086388258,23.98590257328334,-1.3793251669660611
1744178404675,1744178403948,9.863214492797852,0.17228323221206665,0.2997010350227356,1744178403876,0.0001527161948615685,0.0001527161948615685,0.0001527161948615685,1744178403803,-40.61250305175781,7.575000286102295,17.025001525878906,1001.614990234375,29.892455777806312,88.99930206621463,88.25956106363354,1.0006979337853816,-1.740173652176494,23.98590257328335,2.0073098312408972,0.0002645122086388258,23.98590257328334,-1.3690438807436234
1744178404699,1744178403948,9.863214492797852,0.17228323221206665,0.2997010350227356,1744178403981,0.0001527161948615685,-0.0001527161948615685,-0.0001527161948615685,1744178403803,-40.61250305175781,7.575000286102295,17.025001525878906,1001.614990234375,29.892455777806312,88.99930206621463,88.25956106363354,1.0006979337853816,-1.740173652176494,23.98590257328335,2.0073098312408972,0.0002645122086388258,23.98590257328334,-1.3690438807436234
1744178404757,1744178403948,9.863214492797852,0.17228323221206665,0.2997010350227356,1744178403981,0.0001527161948615685,-0.0001527161948615685,-0.0001527161948615685,1744178404003,-36.337501525878906,6.975000381469727,14.58750057220459,1001.614990234375,29.892455777806312,88.99930206621463,88.25956106363354,1.0006979337853816,-1.740173652176494,25.55475349271305,2.0073098312408972,0.0002645122086388258,25.554753492713076,-1.3690438807436234
1744178404792,1744178403948,9.863214492797852,0.17228323221206665,0.2997010350227356,1744178404085,0,0.0001527161948615685,0.000305432389723137,1744178404003,-36.337501525878906,6.975000381469727,14.58750057220459,1001.614990234375,29.892455777806312,88.99930206621463,88.25956106363354,1.0006979337853816,-1.740173652176494,25.55475349271305,2.0073098312408972,0.0003414837929755713,25.554753492713076,-1.3690438807436234
1744178404812,1744178404099,9.855438232421875,0.16151553392410278,0.2907279431819916,1744178404085,0,0.0001527161948615685,0.000305432389723137,1744178404003,-36.337501525878906,6.975000381469727,14.58750057220459,1001.614990234375,29.054605595119398,89.06109400361981,88.3103080299804,0.9389059963801937,-1.6894652368789087,25.55475349271305,1.9327653106139575,0.0003414837929755713,25.554753492713076,-1.3690438807436234
1744178404865,1744178404099,9.855438232421875,0.16151553392410278,0.2907279431819916,1744178404085,0,0.0001527161948615685,0.000305432389723137,1744178404003,-36.337501525878906,6.975000381469727,14.58750057220459,1001.6137084960938,29.054605595119398,89.06109400361981,88.3103080299804,0.9389059963801937,-1.6894652368789087,25.55475349271305,1.9327653106139575,0.0003414837929755713,25.554753492713076,-1.3582485192948979
1744178404902,1744178404099,9.855438232421875,0.16151553392410278,0.2907279431819916,1744178404189,0.0001527161948615685,0,0.0001527161948615685,1744178404003,-36.337501525878906,6.975000381469727,14.58750057220459,1001.6137084960938,29.054605595119398,89.06109400361981,88.3103080299804,0.9389059963801937,-1.6894652368789087,25.55475349271305,1.9327653106139575,0.00021597331396724256,25.554753492713076,-1.3582485192948979
1744178404940,1744178404099,9.855438232421875,0.16151553392410278,0.2907279431819916,1744178404189,0.0001527161948615685,0,0.0001527161948615685,1744178404203,-37.20000076293945,5.887500286102295,15.093750953674316,1001.6137084960938,29.054605595119398,89.06109400361981,88.3103080299804,0.9389059963801937,-1.6894652368789087,21.30887218932311,1.9327653106139575,0.00021597331396724256,21.308872189323097,-1.3582485192948979
1744178405016,1744178404229,9.860223770141602,0.16151553392410278,0.30149564146995544,1744178404189,0.0001527161948615685,0,0.0001527161948615685,1744178404203,-37.20000076293945,5.887500286102295,15.093750953674316,1001.6137084960938,28.178591838785017,89.06154960852447,88.2486150780006,0.9384503914755254,-1.7511501486640342,21.30887218932311,1.9866911526624467,0.00021597331396724256,21.308872189323097,-1.3582485192948979
1744178405016,1744178404229,9.860223770141602,0.16151553392410278,0.30149564146995544,1744178404293,0.0001527161948615685,0.000305432389723137,0,1744178404203,-37.20000076293945,5.887500286102295,15.093750953674316,1001.6137084960938,28.178591838785017,89.06154960852447,88.2486150780006,0.9384503914755254,-1.7511501486640342,21.30887218932311,1.9866911526624467,0.0003414837929755713,21.308872189323097,-1.3582485192948979
1744178405016,1744178404229,9.860223770141602,0.16151553392410278,0.30149564146995544,1744178404293,0.0001527161948615685,0.000305432389723137,0,1744178404203,-37.20000076293945,5.887500286102295,15.093750953674316,1001.6137084960938,28.178591838785017,89.06154960852447,88.2486150780006,0.9384503914755254,-1.7511501486640342,21.30887218932311,1.9866911526624467,0.0003414837929755713,21.308872189323097,-1.3582485192948979
1744178405029,1744178404229,9.860223770141602,0.16151553392410278,0.30149564146995544,1744178404293,0.0001527161948615685,0.000305432389723137,0,1744178404303,-36.41250228881836,6.243750095367432,14.58750057220459,1001.6137084960938,28.178591838785017,89.06154960852447,88.2486150780006,0.9384503914755254,-1.7511501486640342,23.171920145043778,1.9866911526624467,0.0003414837929755713,23.17192014504377,-1.3582485192948979
1744178405063,1744178404359,9.861420631408691,0.16749759018421173,0.2997010350227356,1744178404293,0.0001527161948615685,0.000305432389723137,0,1744178404303,-36.41250228881836,6.243750095367432,14.58750057220459,1001.6137084960938,29.200049993121464,89.02691684814349,88.25924466038985,0.973083151856521,-1.74050444882285,23.171920145043778,1.9939797570161382,0.0003414837929755713,23.17192014504377,-1.3582485192948979
1744178405097,1744178404359,9.861420631408691,0.16749759018421173,0.2997010350227356,1744178404397,0,0.0001527161948615685,-0.0001527161948615685,1744178404303,-36.41250228881836,6.243750095367432,14.58750057220459,1001.6137084960938,29.200049993121464,89.02691684814349,88.25924466038985,0.973083151856521,-1.74050444882285,23.171920145043778,1.9939797570161382,0.00021597331396724256,23.17192014504377,-1.3582485192948979
1744178405117,1744178404359,9.861420631408691,0.16749759018421173,0.2997010350227356,1744178404397,0,0.0001527161948615685,-0.0001527161948615685,1744178404403,-36.97500228881836,6.543750286102295,14.943750381469727,1001.6137084960938,29.200049993121464,89.02691684814349,88.25924466038985,0.973083151856521,-1.74050444882285,23.648231610716177,1.9939797570161382,0.00021597331396724256,23.648231610716152,-1.3582485192948979
1744178405171,1744178404359,9.861420631408691,0.16749759018421173,0.2997010350227356,1744178404397,0,0.0001527161948615685,-0.0001527161948615685,1744178404403,-36.97500228881836,6.543750286102295,14.943750381469727,1001.6137084960938,29.200049993121464,89.02691684814349,88.25924466038985,0.973083151856521,-1.74050444882285,23.648231610716177,1.9939797570161382,0.00021597331396724256,23.648231610716152,-1.3582485192948979
1744178405177,1744178404489,9.861420631408691,0.16450655460357666,0.30987054109573364,1744178404397,0,0.0001527161948615685,-0.0001527161948615685,1744178404403,-36.97500228881836,6.543750286102295,14.943750381469727,1001.6137084960938,27.963296539024572,89.0442901224894,88.20021526772575,0.9557098775106029,-1.7995345239706209,23.648231610716177,2.0374998190370097,0.00021597331396724256,23.648231610716152,-1.3582485192948979
1744178405191,1744178404489,9.861420631408691,0.16450655460357666,0.30987054109573364,1744178404500,0.0001527161948615685,0.0001527161948615685,0.000305432389723137,1744178404403,-36.97500228881836,6.543750286102295,14.943750381469727,1001.6137084960938,27.963296539024572,89.0442901224894,88.20021526772575,0.9557098775106029,-1.7995345239706209,23.648231610716177,2.0374998190370097,0.00037407675287028916,23.648231610716152,-1.3582485192948979
1744178405273,1744178404489,9.861420631408691,0.16450655460357666,0.30987054109573364,1744178404500,0.0001527161948615685,0.0001527161948615685,0.000305432389723137,1744178404503,-36.91875076293945,6.937500476837158,15.393750190734863,1001.6137084960938,27.963296539024572,89.0442901224894,88.20021526772575,0.9557098775106029,-1.7995345239706209,24.25965809730734,2.0374998190370097,0.00037407675287028916,24.25965809730735,-1.3582485192948979
1744178405310,1744178404489,9.861420631408691,0.16450655460357666,0.30987054109573364,1744178404500,0.0001527161948615685,0.0001527161948615685,0.000305432389723137,1744178404603,-35.90625,7.162500381469727,14.700000762939453,1001.6137084960938,27.963296539024572,89.0442901224894,88.20021526772575,0.9557098775106029,-1.7995345239706209,25.97742279149057,2.0374998190370097,0.00037407675287028916,25.977422791490596,-1.3582485192948979
1744178405318,1744178404489,9.861420631408691,0.16450655460357666,0.30987054109573364,1744178404604,0,-0.0001527161948615685,0.0001527161948615685,1744178404603,-35.90625,7.162500381469727,14.700000762939453,1001.6137084960938,27.963296539024572,89.0442901224894,88.20021526772575,0.9557098775106029,-1.7995345239706209,25.97742279149057,2.0374998190370097,0.00021597331396724256,25.977422791490596,-1.3582485192948979
1744178405318,1744178404489,9.861420631408691,0.16450655460357666,0.30987054109573364,1744178404604,0,-0.0001527161948615685,0.0001527161948615685,1744178404603,-35.90625,7.162500381469727,14.700000762939453,1001.6137084960938,27.963296539024572,89.0442901224894,88.20021526772575,0.9557098775106029,-1.7995345239706209,25.97742279149057,2.0374998190370097,0.00021597331396724256,25.977422791490596,-1.3582485192948979
1744178405399,1744178404619,9.847063064575195,0.15972091257572174,0.30508488416671753,1744178404604,0,-0.0001527161948615685,0.0001527161948615685,1744178404603,-35.90625,7.162500381469727,14.700000762939453,1001.6137084960938,27.633380504353,89.0707349282698,88.2254113441114,0.9292650717301973,-1.7743554097708507,25.97742279149057,2.0028965568138455,0.00021597331396724256,25.977422791490596,-1.3582485192948979
1744178405482,1744178404619,9.847063064575195,0.15972091257572174,0.30508488416671753,1744178404708,0.000305432389723137,-0.00045814859913662076,-0.000305432389723137,1744178404603,-35.90625,7.162500381469727,14.700000762939453,1001.6137084960938,27.633380504353,89.0707349282698,88.2254113441114,0.9292650717301973,-1.7743554097708507,25.97742279149057,2.0028965568138455,0.0006296650127447296,25.977422791490596,-1.3582485192948979
1744178405482,1744178404749,9.866206169128418,0.15613168478012085,0.29790642857551575,1744178404708,0.000305432389723137,-0.00045814859913662076,-0.000305432389723137,1744178404603,-35.90625,7.162500381469727,14.700000762939453,1001.6137084960938,27.658871457177586,89.09337593428653,88.27050070723989,0.9066240657134744,-1.7292829079545964,25.97742279149057,1.952469453548539,0.0006296650127447296,25.977422791490596,-1.3582485192948979
1744178405490,1744178404749,9.866206169128418,0.15613168478012085,0.29790642857551575,1744178404708,0.000305432389723137,-0.00045814859913662076,-0.000305432389723137,1744178404603,-35.90625,7.162500381469727,14.700000762939453,1001.6124877929688,27.658871457177586,89.09337593428653,88.27050070723989,0.9066240657134744,-1.7292829079545964,25.97742279149057,1.952469453548539,0.0006296650127447296,25.977422791490596,-1.3479672122835429
1744178405491,1744178404749,9.866206169128418,0.15613168478012085,0.29790642857551575,1744178404708,0.000305432389723137,-0.00045814859913662076,-0.000305432389723137,1744178404803,-35.4375,6.937500476837158,14.77500057220459,1001.6124877929688,27.658871457177586,89.09337593428653,88.27050070723989,0.9066240657134744,-1.7292829079545964,25.152081709837987,1.952469453548539,0.0006296650127447296,25.152081709838,-1.3479672122835429
1744178405563,1744178404749,9.866206169128418,0.15613168478012085,0.29790642857551575,1744178404813,0.0001527161948615685,-0.00045814859913662076,0.0001527161948615685,1744178404803,-35.4375,6.937500476837158,14.77500057220459,1001.6124877929688,27.658871457177586,89.09337593428653,88.27050070723989,0.9066240657134744,-1.7292829079545964,25.152081709837987,1.952469453548539,0.0005065023309293266,25.152081709838,-1.3479672122835429
1744178405598,1744178404749,9.866206169128418,0.15613168478012085,0.29790642857551575,1744178404813,0.0001527161948615685,-0.00045814859913662076,0.0001527161948615685,1744178404903,-37.5,7.143750190734863,15.450000762939453,1001.6124877929688,27.658871457177586,89.09337593428653,88.27050070723989,0.9066240657134744,-1.7292829079545964,24.81481247978238,1.952469453548539,0.0005065023309293266,24.814812479782404,-1.3479672122835429
1744178405607,1744178404879,9.851848602294922,0.1704886108636856,0.28893333673477173,1744178404813,0.0001527161948615685,-0.00045814859913662076,0.0001527161948615685,1744178404903,-37.5,7.143750190734863,15.450000762939453,1001.6124877929688,30.543244014559654,89.00858170679055,88.32012066656483,0.991418293209445,-1.6796279961115712,24.81481247978238,1.9503278837162523,0.0005065023309293266,24.814812479782404,-1.3479672122835429
1744178405607,1744178404879,9.851848602294922,0.1704886108636856,0.28893333673477173,1744178404917,0.000305432389723137,-0.000305432389723137,-0.000305432389723137,1744178404903,-37.5,7.143750190734863,15.450000762939453,1001.6124877929688,30.543244014559654,89.00858170679055,88.32012066656483,0.991418293209445,-1.6796279961115712,24.81481247978238,1.9503278837162523,0.0005290244172776516,24.814812479782404,-1.3479672122835429
1744178405667,1744178404879,9.851848602294922,0.1704886108636856,0.28893333673477173,1744178404917,0.000305432389723137,-0.000305432389723137,-0.000305432389723137,1744178404903,-37.5,7.143750190734863,15.450000762939453,1001.6124877929688,30.543244014559654,89.00858170679055,88.32012066656483,0.991418293209445,-1.6796279961115712,24.81481247978238,1.9503278837162523,0.0005290244172776516,24.814812479782404,-1.3479672122835429
1744178405716,1744178404879,9.851848602294922,0.1704886108636856,0.28893333673477173,1744178404917,0.000305432389723137,-0.000305432389723137,-0.000305432389723137,1744178405003,-36.91875076293945,7.612500190734863,15.61875057220459,1001.6124877929688,30.543244014559654,89.00858170679055,88.32012066656483,0.991418293209445,-1.6796279961115712,25.984370329874068,1.9503278837162523,0.0005290244172776516,25.984370329874082,-1.3479672122835429
1744178405734,1744178404879,9.851848602294922,0.1704886108636856,0.28893333673477173,1744178405021,-0.0001527161948615685,0,-0.0001527161948615685,1744178405003,-36.91875076293945,7.612500190734863,15.61875057220459,1001.6124877929688,30.543244014559654,89.00858170679055,88.32012066656483,0.991418293209445,-1.6796279961115712,25.984370329874068,1.9503278837162523,0.00021597331396724256,25.984370329874082,-1.3479672122835429
1744178405785,1744178405031,9.862018585205078,0.18783657252788544,0.2907279431819916,1744178405021,-0.0001527161948615685,0,-0.0001527161948615685,1744178405003,-36.91875076293945,7.612500190734863,15.61875057220459,1001.6124877929688,32.866119854944756,88.90884998481339,88.3114348104727,1.0911500151866245,-1.688259171548455,25.984370329874068,2.010095217933937,0.00021597331396724256,25.984370329874082,-1.3479672122835429
1744178405794,1744178405031,9.862018585205078,0.18783657252788544,0.2907279431819916,1744178405021,-0.0001527161948615685,0,-0.0001527161948615685,1744178405003,-36.91875076293945,7.612500190734863,15.61875057220459,1001.6112060546875,32.866119854944756,88.90884998481339,88.3114348104727,1.0911500151866245,-1.688259171548455,25.984370329874068,2.010095217933937,0.00021597331396724256,25.984370329874082,-1.3371718289926737
1744178405826,1744178405031,9.862018585205078,0.18783657252788544,0.2907279431819916,1744178405125,0,-0.0001527161948615685,0.0001527161948615685,1744178405003,-36.91875076293945,7.612500190734863,15.61875057220459,1001.6112060546875,32.866119854944756,88.90884998481339,88.3114348104727,1.0911500151866245,-1.688259171548455,25.984370329874068,2.010095217933937,0.00021597331396724256,25.984370329874082,-1.3371718289926737
1744178405890,1744178405160,9.859625816345215,0.17228323221206665,0.30149564146995544,1744178405125,0,-0.0001527161948615685,0.0001527161948615685,1744178405003,-36.91875076293945,7.612500190734863,15.61875057220459,1001.6112060546875,29.74488251679207,88.99893790934755,88.24850892843648,1.0010620906524603,-1.75122391052795,25.984370329874068,2.0170766985444857,0.00021597331396724256,25.984370329874082,-1.3371718289926737
1744178405919,1744178405160,9.859625816345215,0.17228323221206665,0.30149564146995544,1744178405125,0,-0.0001527161948615685,0.0001527161948615685,1744178405204,-36.86250305175781,7.031250476837158,14.906250953674316,1001.6112060546875,29.74488251679207,88.99893790934755,88.24850892843648,1.0010620906524603,-1.75122391052795,25.253163479437415,2.0170766985444857,0.00021597331396724256,25.253163479437433,-1.3371718289926737
1744178405951,1744178405160,9.859625816345215,0.17228323221206665,0.30149564146995544,1744178405229,0,0.0001527161948615685,0,1744178405204,-36.86250305175781,7.031250476837158,14.906250953674316,1001.6112060546875,29.74488251679207,88.99893790934755,88.24850892843648,1.0010620906524603,-1.75122391052795,25.253163479437415,2.0170766985444857,0.0001527161948615685,25.253163479437433,-1.3371718289926737
1744178406005,1744178405160,9.859625816345215,0.17228323221206665,0.30149564146995544,1744178405229,0,0.0001527161948615685,0,1744178405204,-36.86250305175781,7.031250476837158,14.906250953674316,1001.6112060546875,29.74488251679207,88.99893790934755,88.24850892843648,1.0010620906524603,-1.75122391052795,25.253163479437415,2.0170766985444857,0.0001527161948615685,25.253163479437433,-1.3371718289926737
1744178406005,1744178405290,9.866804122924805,0.1663011759519577,0.30508488416671753,1744178405229,0,0.0001527161948615685,0,1744178405204,-36.86250305175781,7.031250476837158,14.906250953674316,1001.6112060546875,28.59471529200023,89.03439317536615,88.22895959794496,0.9656068246338517,-1.7707890589521,25.253163479437415,2.0168771741344713,0.0001527161948615685,25.253163479437433,-1.3371718289926737
1744178406018,1744178405290,9.866804122924805,0.1663011759519577,0.30508488416671753,1744178405229,0,0.0001527161948615685,0,1744178405303,-36.54375076293945,6,14.68125057220459,1001.6112060546875,28.59471529200023,89.03439317536615,88.22895959794496,0.9656068246338517,-1.7707890589521,22.229075076502752,2.0168771741344713,0.0001527161948615685,22.22907507650274,-1.3371718289926737
1744178406031,1744178405290,9.866804122924805,0.1663011759519577,0.30508488416671753,1744178405332,0,0,0,1744178405303,-36.54375076293945,6,14.68125057220459,1001.6112060546875,28.59471529200023,89.03439317536615,88.22895959794496,0.9656068246338517,-1.7707890589521,22.229075076502752,2.0168771741344713,0,22.22907507650274,-1.3371718289926737
1744178406095,1744178405290,9.866804122924805,0.1663011759519577,0.30508488416671753,1744178405332,0,0,0,1744178405403,-36.431251525878906,6.562500476837158,14.662500381469727,1001.6112060546875,28.59471529200023,89.03439317536615,88.22895959794496,0.9656068246338517,-1.7707890589521,24.111874220098667,2.0168771741344713,0,24.111874220098684,-1.3371718289926737
1744178406132,1744178405290,9.866804122924805,0.1663011759519577,0.30508488416671753,1744178405332,0,0,0,1744178405403,-36.431251525878906,6.562500476837158,14.662500381469727,1001.6099853515625,28.59471529200023,89.03439317536615,88.22895959794496,0.9656068246338517,-1.7707890589521,24.111874220098667,2.0168771741344713,0,24.111874220098684,-1.3268905011825582
1744178406132,1744178405421,9.869196891784668,0.15912270545959473,0.3170489966869354,1744178405332,0,0,0,1744178405403,-36.431251525878906,6.562500476837158,14.662500381469727,1001.6099853515625,26.65147029621573,89.07629063866696,88.15999980717149,0.9237093613330462,-1.8397612437759072,24.111874220098667,2.0585594843111323,0,24.111874220098684,-1.3268905011825582
1744178406140,1744178405421,9.869196891784668,0.15912270545959473,0.3170489966869354,1744178405437,0.0001527161948615685,-0.000305432389723137,-0.0001527161948615685,1744178405403,-36.431251525878906,6.562500476837158,14.662500381469727,1001.6099853515625,26.65147029621573,89.07629063866696,88.15999980717149,0.9237093613330462,-1.8397612437759072,24.111874220098667,2.0585594843111323,0.00037407675287028916,24.111874220098684,-1.3268905011825582
1744178406230,1744178405421,9.869196891784668,0.15912270545959473,0.3170489966869354,1744178405541,-0.0019853105768561363,-0.0256563201546669,-0.017867794260382652,1744178405403,-36.431251525878906,6.562500476837158,14.662500381469727,1001.6099853515625,26.65147029621573,89.07629063866696,88.15999980717149,0.9237093613330462,-1.8397612437759072,24.111874220098667,2.0585594843111323,0.03132804324717245,24.111874220098684,-1.3268905011825582
1744178406280,1744178405550,9.856635093688965,0.16271193325519562,0.30628129839897156,1744178405541,-0.0019853105768561363,-0.0256563201546669,-0.017867794260382652,1744178405403,-36.431251525878906,6.562500476837158,14.662500381469727,1001.6099853515625,27.979473437359612,89.05425530517599,88.22018562063309,0.9457446948240069,-1.7795720767763057,24.111874220098667,2.0151977979553664,0.03132804324717245,24.111874220098684,-1.3268905011825582
1744178406291,1744178405550,9.856635093688965,0.16271193325519562,0.30628129839897156,1744178405541,-0.0019853105768561363,-0.0256563201546669,-0.017867794260382652,1744178405403,-36.431251525878906,6.562500476837158,14.662500381469727,1001.6099853515625,27.979473437359612,89.05425530517599,88.22018562063309,0.9457446948240069,-1.7795720767763057,24.111874220098667,2.0151977979553664,0.03132804324717245,24.111874220098684,-1.3268905011825582
1744178406334,1744178405550,9.856635093688965,0.16271193325519562,0.30628129839897156,1744178405541,-0.0019853105768561363,-0.0256563201546669,-0.017867794260382652,1744178405603,-35.962501525878906,7.537500381469727,14.793750762939453,1001.6099853515625,27.979473437359612,89.05425530517599,88.22018562063309,0.9457446948240069,-1.7795720767763057,26.9991017869183,2.0151977979553664,0.03132804324717245,26.99910178691829,-1.3268905011825582
1744178406352,1744178405550,9.856635093688965,0.16271193325519562,0.30628129839897156,1744178405645,-0.2747364342212677,0.05192350596189499,0.02626718580722809,1744178405603,-35.962501525878906,7.537500381469727,14.793750762939453,1001.6099853515625,27.979473437359612,89.05425530517599,88.22018562063309,0.9457446948240069,-1.7795720767763057,26.9991017869183,2.0151977979553664,0.28083113041510077,26.99910178691829,-1.3268905011825582
1744178406390,1744178405550,9.856635093688965,0.16271193325519562,0.30628129839897156,1744178405645,-0.2747364342212677,0.05192350596189499,0.02626718580722809,1744178405703,-36.41250228881836,7.425000190734863,14.887500762939453,1001.6099853515625,27.979473437359612,89.05425530517599,88.22018562063309,0.9457446948240069,-1.7795720767763057,26.507292769514013,2.0151977979553664,0.28083113041510077,26.507292769514038,-1.3268905011825582
1744178406433,1744178405680,8.522037506103516,1.2143574953079224,-0.2069791555404663,1744178405645,-0.2747364342212677,0.05192350596189499,0.02626718580722809,1744178405703,-36.41250228881836,7.425000190734863,14.887500762939453,1001.6099853515625,99.67273190394553,81.89016862933471,91.39129886014298,8.109831370665288,1.3773905156231565,26.507292769514013,8.225198004130732,0.28083113041510077,26.507292769514038,-1.3268905011825582
1744178406457,1744178405680,8.522037506103516,1.2143574953079224,-0.2069791555404663,1744178405645,-0.2747364342212677,0.05192350596189499,0.02626718580722809,1744178405703,-36.41250228881836,7.425000190734863,14.887500762939453,1001.6099853515625,99.67273190394553,81.89016862933471,91.39129886014298,8.109831370665288,1.3773905156231565,26.507292769514013,8.225198004130732,0.28083113041510077,26.507292769514038,-1.3268905011825582
1744178406457,1744178405680,8.522037506103516,1.2143574953079224,-0.2069791555404663,1744178405749,-0.8126028776168823,-0.08933897316455841,-0.06551524996757507,1744178405703,-36.41250228881836,7.425000190734863,14.887500762939453,1001.6099853515625,99.67273190394553,81.89016862933471,91.39129886014298,8.109831370665288,1.3773905156231565,26.507292769514013,8.225198004130732,0.8201201965661188,26.507292769514038,-1.3268905011825582
1744178406541,1744178405832,9.91705322265625,-0.49651068449020386,-4.634299278259277,1744178405749,-0.8126028776168823,-0.08933897316455841,-0.06551524996757507,1744178405703,-36.41250228881836,7.425000190734863,14.887500762939453,1001.6099853515625,-173.8847577764426,92.86619746317946,115.04697020897144,-2.8661974631794553,25.019473112691283,26.507292769514013,25.17260654341685,0.8201201965661188,26.507292769514038,-1.3268905011825582
1744178406585,1744178405832,9.91705322265625,-0.49651068449020386,-4.634299278259277,1744178405852,1.7325652837753296,-0.02000582218170166,0.006414080038666725,1744178405703,-36.41250228881836,7.425000190734863,14.887500762939453,1001.6099853515625,-173.8847577764426,92.86619746317946,115.04697020897144,-2.8661974631794553,25.019473112691283,26.507292769514013,25.17260654341685,1.7326926547681203,26.507292769514038,-1.3268905011825582
1744178406589,1744178405832,9.91705322265625,-0.49651068449020386,-4.634299278259277,1744178405852,1.7325652837753296,-0.02000582218170166,0.006414080038666725,1744178405703,-36.41250228881836,7.425000190734863,14.887500762939453,1001.5924682617188,-173.8847577764426,92.86619746317946,115.04697020897144,-2.8661974631794553,25.019473112691283,26.507292769514013,25.17260654341685,1.7326926547681203,26.507292769514038,-1.179352329579566
1744178406606,1744178405832,9.91705322265625,-0.49651068449020386,-4.634299278259277,1744178405852,1.7325652837753296,-0.02000582218170166,0.006414080038666725,1744178405903,-37.33125305175781,5.25,13.706250190734863,1001.5924682617188,-173.8847577764426,92.86619746317946,115.04697020897144,-2.8661974631794553,25.019473112691283,20.958685100974257,25.17260654341685,1.7326926547681203,20.958685100974265,-1.179352329579566
1744178406666,1744178405832,9.91705322265625,-0.49651068449020386,-4.634299278259277,1744178405956,0.5732966065406799,0.1104138121008873,0.08949168771505356,1744178405903,-37.33125305175781,5.25,13.706250190734863,1001.5924682617188,-173.8847577764426,92.86619746317946,115.04697020897144,-2.8661974631794553,25.019473112691283,20.958685100974257,25.17260654341685,0.590651310964259,20.958685100974265,-1.179352329579566
1744178406666,1744178405963,9.764511108398438,-1.3800604343414307,4.629513740539551,1744178405956,0.5732966065406799,0.1104138121008873,0.08949168771505356,1744178405903,-37.33125305175781,5.25,13.706250190734863,1001.5924682617188,-16.599345849129158,98.04457729380037,64.63360809242037,-8.044577293800362,-25.1477427616259,20.958685100974257,26.32316320643369,0.590651310964259,20.958685100974265,-1.179352329579566
1744178406746,1744178405963,9.764511108398438,-1.3800604343414307,4.629513740539551,1744178405956,0.5732966065406799,0.1104138121008873,0.08949168771505356,1744178405903,-37.33125305175781,5.25,13.706250190734863,1001.5849609375,-16.599345849129158,98.04457729380037,64.63360809242037,-8.044577293800362,-25.1477427616259,20.958685100974257,26.32316320643369,0.590651310964259,20.958685100974265,-1.1161210450312598
1744178406764,1744178405963,9.764511108398438,-1.3800604343414307,4.629513740539551,1744178406061,0.2009745091199875,-0.036193739622831345,-0.02672533318400383,1744178405903,-37.33125305175781,5.25,13.706250190734863,1001.5849609375,-16.599345849129158,98.04457729380037,64.63360809242037,-8.044577293800362,-25.1477427616259,20.958685100974257,26.32316320643369,0.2059489828518249,20.958685100974265,-1.1161210450312598
1744178406774,1744178406092,10.357333183288574,-1.0803594589233398,2.1756739616394043,1744178406061,0.2009745091199875,-0.036193739622831345,-0.02672533318400383,1744178405903,-37.33125305175781,5.25,13.706250190734863,1001.5849609375,-26.40729990914236,95.9549107514489,78.13686186510682,-5.954910751448896,-11.800922595866457,20.958685100974257,13.199224118036575,0.2059489828518249,20.958685100974265,-1.1161210450312598
1744178406827,1744178406092,10.357333183288574,-1.0803594589233398,2.1756739616394043,1744178406061,0.2009745091199875,-0.036193739622831345,-0.02672533318400383,1744178406103,-36.26250076293945,4.181250095367432,17.381250381469727,1001.5849609375,-26.40729990914236,95.9549107514489,78.13686186510682,-5.954910751448896,-11.800922595866457,13.526119008323235,13.199224118036575,0.2059489828518249,13.526119008323235,-1.1161210450312598
1744178406896,1744178406092,10.357333183288574,-1.0803594589233398,2.1756739616394043,1744178406164,-0.0154243353754282,0.020922118797898293,0.01359174121171236,1744178406103,-36.26250076293945,4.181250095367432,17.381250381469727,1001.5849609375,-26.40729990914236,95.9549107514489,78.13686186510682,-5.954910751448896,-11.800922595866457,13.526119008323235,13.199224118036575,0.029332245156707917,13.526119008323235,-1.1161210450312598
1744178406914,1744178406092,10.357333183288574,-1.0803594589233398,2.1756739616394043,1744178406164,-0.0154243353754282,0.020922118797898293,0.01359174121171236,1744178406203,-37.743751525878906,4.125,18.39375114440918,1001.5849609375,-26.40729990914236,95.9549107514489,78.13686186510682,-5.954910751448896,-11.800922595866457,12.640072751722382,13.199224118036575,0.029332245156707917,12.640072751722357,-1.1161210450312598
1744178406923,1744178406092,10.357333183288574,-1.0803594589233398,2.1756739616394043,1744178406164,-0.0154243353754282,0.020922118797898293,0.01359174121171236,1744178406203,-37.743751525878906,4.125,18.39375114440918,1001.5974731445312,-26.40729990914236,95.9549107514489,78.13686186510682,-5.954910751448896,-11.800922595866457,12.640072751722382,13.199224118036575,0.029332245156707917,12.640072751722357,-1.2215063060837594
1744178406974,1744178406222,9.840482711791992,0.11485548317432404,0.3158525824546814,1744178406164,-0.0154243353754282,0.020922118797898293,0.01359174121171236,1744178406203,-37.743751525878906,4.125,18.39375114440918,1001.5974731445312,19.983106304864652,89.33128934552636,88.16159333162491,0.6687106544736405,-1.8382815446133256,12.640072751722382,1.9560929237545932,0.029332245156707917,12.640072751722357,-1.2215063060837594
1744178406992,1744178406222,9.840482711791992,0.11485548317432404,0.3158525824546814,1744178406268,0.000305432389723137,-0.001221729558892548,-0.0010690133785828948,1744178406203,-37.743751525878906,4.125,18.39375114440918,1001.5974731445312,19.983106304864652,89.33128934552636,88.16159333162491,0.6687106544736405,-1.8382815446133256,12.640072751722382,1.9560929237545932,0.0016518782229186816,12.640072751722357,-1.2215063060837594
1744178407061,1744178406352,9.875777244567871,0.10229317098855972,0.2871387302875519,1744178406268,0.000305432389723137,-0.001221729558892548,-0.0010690133785828948,1744178406203,-37.743751525878906,4.125,18.39375114440918,1001.5974731445312,19.608440975056926,89.40655229098317,88.33459145319854,0.5934477090168276,-1.6653192652075717,12.640072751722382,1.7678713921334896,0.0016518782229186816,12.640072751722357,-1.2215063060837594
1744178407061,1744178406352,9.875777244567871,0.10229317098855972,0.2871387302875519,1744178406373,-0.00045814859913662076,0.010842849500477314,0.006872228812426329,1744178406203,-37.743751525878906,4.125,18.39375114440918,1001.5974731445312,19.608440975056926,89.40655229098317,88.33459145319854,0.5934477090168276,-1.6653192652075717,12.640072751722382,1.7678713921334896,0.012845419972863268,12.640072751722357,-1.2215063060837594
1744178407069,1744178406352,9.875777244567871,0.10229317098855972,0.2871387302875519,1744178406373,-0.00045814859913662076,0.010842849500477314,0.006872228812426329,1744178406203,-37.743751525878906,4.125,18.39375114440918,1001.6137084960938,19.608440975056926,89.40655229098317,88.33459145319854,0.5934477090168276,-1.6653192652075717,12.640072751722382,1.7678713921334896,0.012845419972863268,12.640072751722357,-1.3582485192948979
1744178407118,1744178406352,9.875777244567871,0.10229317098855972,0.2871387302875519,1744178406373,-0.00045814859913662076,0.010842849500477314,0.006872228812426329,1744178406403,-35.775001525878906,4.650000095367432,17.17500114440918,1001.6137084960938,19.608440975056926,89.40655229098317,88.33459145319854,0.5934477090168276,-1.6653192652075717,15.149210986054584,1.7678713921334896,0.012845419972863268,15.149210986054584,-1.3582485192948979
1744178407187,1744178406352,9.875777244567871,0.10229317098855972,0.2871387302875519,1744178406476,0.0001527161948615685,-0.008552107028663158,-0.005192350596189499,1744178406403,-35.775001525878906,4.650000095367432,17.17500114440918,1001.6137084960938,19.608440975056926,89.40655229098317,88.33459145319854,0.5934477090168276,-1.6653192652075717,15.149210986054584,1.7678713921334896,0.010006116208581241,15.149210986054584,-1.3582485192948979
1744178407229,1744178406482,9.856635093688965,0.10887342691421509,0.2997010350227356,1744178406476,0.0001527161948615685,-0.008552107028663158,-0.005192350596189499,1744178406403,-35.775001525878906,4.650000095367432,17.17500114440918,1001.6137084960938,19.964739044885697,89.36715378738486,88.25840001907615,0.6328462126151374,-1.7414938119585297,15.149210986054584,1.852881994594803,0.010006116208581241,15.149210986054584,-1.3582485192948979
1744178407248,1744178406482,9.856635093688965,0.10887342691421509,0.2997010350227356,1744178406476,0.0001527161948615685,-0.008552107028663158,-0.005192350596189499,1744178406403,-35.775001525878906,4.650000095367432,17.17500114440918,1001.6162109375,19.964739044885697,89.36715378738486,88.25840001907615,0.6328462126151374,-1.7414938119585297,15.149210986054584,1.852881994594803,0.010006116208581241,15.149210986054584,-1.3793251669660611
1744178407299,1744178406482,9.856635093688965,0.10887342691421509,0.2997010350227356,1744178406580,0,0.0032070400193333626,0.0015271619195118546,1744178406403,-35.775001525878906,4.650000095367432,17.17500114440918,1001.6162109375,19.964739044885697,89.36715378738486,88.25840001907615,0.6328462126151374,-1.7414938119585297,15.149210986054584,1.852881994594803,0.0035520880076390093,15.149210986054584,-1.3793251669660611
1744178407307,1744178406482,9.856635093688965,0.10887342691421509,0.2997010350227356,1744178406580,0,0.0032070400193333626,0.0015271619195118546,1744178406603,-37.10625076293945,4.443750381469727,17.53125,1001.6162109375,19.964739044885697,89.36715378738486,88.25840001907615,0.6328462126151374,-1.7414938119585297,14.223532162840533,1.852881994594803,0.0035520880076390093,14.223532162840513,-1.3793251669660611
1744178407333,1744178406634,9.853643417358398,0.13220344483852386,0.30628129839897156,1744178406580,0,0.0032070400193333626,0.0015271619195118546,1744178406603,-37.10625076293945,4.443750381469727,17.53125,1001.6162109375,23.34698891115925,89.23132544457037,88.2196455967962,0.7686745554296303,-1.780194288893038,14.223532162840533,1.9390106066479826,0.0035520880076390093,14.223532162840513,-1.3793251669660611
1744178407388,1744178406634,9.853643417358398,0.13220344483852386,0.30628129839897156,1744178406685,0.0001527161948615685,-0.000305432389723137,-0.00045814859913662076,1744178406603,-37.10625076293945,4.443750381469727,17.53125,1001.6162109375,23.34698891115925,89.23132544457037,88.2196455967962,0.7686745554296303,-1.780194288893038,14.223532162840533,1.9390106066479826,0.0005714116902512854,14.223532162840513,-1.3793251669660611
1744178407390,1744178406634,9.853643417358398,0.13220344483852386,0.30628129839897156,1744178406685,0.0001527161948615685,-0.000305432389723137,-0.00045814859913662076,1744178406603,-37.10625076293945,4.443750381469727,17.53125,1001.614990234375,23.34698891115925,89.23132544457037,88.2196455967962,0.7686745554296303,-1.780194288893038,14.223532162840533,1.9390106066479826,0.0005714116902512854,14.223532162840513,-1.3690438807436234
1744178407401,1744178406634,9.853643417358398,0.13220344483852386,0.30628129839897156,1744178406685,0.0001527161948615685,-0.000305432389723137,-0.00045814859913662076,1744178406703,-36.22500228881836,4.087500095367432,17.137500762939453,1001.614990234375,23.34698891115925,89.23132544457037,88.2196455967962,0.7686745554296303,-1.780194288893038,13.41509490694813,1.9390106066479826,0.0005714116902512854,13.415094906948127,-1.3690438807436234
1744178407467,1744178406764,9.880562782287598,0.13579268753528595,0.2997010350227356,1744178406685,0.0001527161948615685,-0.000305432389723137,-0.00045814859913662076,1744178406703,-36.22500228881836,4.087500095367432,17.137500762939453,1001.614990234375,24.37498655170317,89.2126098222468,88.26261505132891,0.7873901777531978,-1.7372209925139364,13.41509490694813,1.907283426221619,0.0005714116902512854,13.415094906948127,-1.3690438807436234
1744178407567,1744178406764,9.880562782287598,0.13579268753528595,0.2997010350227356,1744178406788,-0.00045814859913662076,0.008552107028663158,0.005650499369949102,1744178406703,-36.22500228881836,4.087500095367432,17.137500762939453,1001.614990234375,24.37498655170317,89.2126098222468,88.26261505132891,0.7873901777531978,-1.7372209925139364,13.41509490694813,1.907283426221619,0.010260437510086783,13.415094906948127,-1.3690438807436234
1744178407568,1744178406764,9.880562782287598,0.13579268753528595,0.2997010350227356,1744178406788,-0.00045814859913662076,0.008552107028663158,0.005650499369949102,1744178406703,-36.22500228881836,4.087500095367432,17.137500762939453,1001.6199951171875,24.37498655170317,89.2126098222468,88.26261505132891,0.7873901777531978,-1.7372209925139364,13.41509490694813,1.907283426221619,0.010260437510086783,13.415094906948127,-1.4111970897607584
1744178407591,1744178406764,9.880562782287598,0.13579268753528595,0.2997010350227356,1744178406892,0,-0.0010690133785828948,-0.0009162971982732415,1744178406703,-36.22500228881836,4.087500095367432,17.137500762939453,1001.6199951171875,24.37498655170317,89.2126098222468,88.26261505132891,0.7873901777531978,-1.7372209925139364,13.41509490694813,1.907283426221619,0.001407973777863994,13.415094906948127,-1.4111970897607584
1744178407600,1744178406764,9.880562782287598,0.13579268753528595,0.2997010350227356,1744178406892,0,-0.0010690133785828948,-0.0009162971982732415,1744178406903,-37.875,4.293750286102295,17.568750381469727,1001.6199951171875,24.37498655170317,89.2126098222468,88.26261505132891,0.7873901777531978,-1.7372209925139364,13.733704411682366,1.907283426221619,0.001407973777863994,13.733704411682368,-1.4111970897607584
1744178407613,1744178406894,9.817152976989746,0.16749759018421173,0.24287149310112,1744178406892,0,-0.0010690133785828948,-0.0009162971982732415,1744178406903,-37.875,4.293750286102295,17.568750381469727,1001.6199951171875,34.59229008401121,89.02252985632015,88.58281992453342,0.9774701436798539,-1.4169739322075263,13.733704411682366,1.7213565016345334,0.001407973777863994,13.733704411682368,-1.4111970897607584
1744178407704,1744178406894,9.817152976989746,0.16749759018421173,0.24287149310112,1744178406997,0,-0.0038179049734026194,-0.002443459117785096,1744178406903,-37.875,4.293750286102295,17.568750381469727,1001.6199951171875,34.59229008401121,89.02252985632015,88.58281992453342,0.9774701436798539,-1.4169739322075263,13.733704411682366,1.7213565016345334,0.004532867839041811,13.733704411682368,-1.4111970897607584
1744178407704,1744178406894,9.817152976989746,0.16749759018421173,0.24287149310112,1744178406997,0,-0.0038179049734026194,-0.002443459117785096,1744178407003,-38.00625228881836,5.006250381469727,17.943750381469727,1001.6199951171875,34.59229008401121,89.02252985632015,88.58281992453342,0.9774701436798539,-1.4169739322075263,15.588936489989202,1.7213565016345334,0.004532867839041811,15.58893648998918,-1.4111970897607584
1744178407711,1744178406894,9.817152976989746,0.16749759018421173,0.24287149310112,1744178406997,0,-0.0038179049734026194,-0.002443459117785096,1744178407003,-38.00625228881836,5.006250381469727,17.943750381469727,1001.6237182617188,34.59229008401121,89.02252985632015,88.58281992453342,0.9774701436798539,-1.4169739322075263,15.588936489989202,1.7213565016345334,0.004532867839041811,15.58893648998918,-1.4425548541439692
1744178407799,1744178407024,9.830911636352539,0.1423729509115219,0.28594231605529785,1744178406997,0,-0.0038179049734026194,-0.002443459117785096,1744178407003,-38.00625228881836,5.006250381469727,17.943750381469727,1001.6237182617188,26.469078206576167,89.17029068240278,88.33396222363488,0.8297093175972208,-1.665863190477002,15.588936489989202,1.8610007319361768,0.004532867839041811,15.58893648998918,-1.4425548541439692
1744178407819,1744178407024,9.830911636352539,0.1423729509115219,0.28594231605529785,1744178407100,0.0001527161948615685,-0.00946840364485979,-0.005803215317428112,1744178407003,-38.00625228881836,5.006250381469727,17.943750381469727,1001.6237182617188,26.469078206576167,89.17029068240278,88.33396222363488,0.8297093175972208,-1.665863190477002,15.588936489989202,1.8610007319361768,0.011106362943763338,15.58893648998918,-1.4425548541439692
1744178407819,1744178407024,9.830911636352539,0.1423729509115219,0.28594231605529785,1744178407100,0.0001527161948615685,-0.00946840364485979,-0.005803215317428112,1744178407103,-38.15625,4.837500095367432,18.1875,1001.6237182617188,26.469078206576167,89.17029068240278,88.33396222363488,0.8297093175972208,-1.665863190477002,14.8946469724898,1.8610007319361768,0.011106362943763338,14.894646972489795,-1.4425548541439692
1744178407873,1744178407154,9.9140625,0.12323036789894104,0.3367897868156433,1744178407100,0.0001527161948615685,-0.00946840364485979,-0.005803215317428112,1744178407103,-38.15625,4.837500095367432,18.1875,1001.6237182617188,20.097420587653556,89.28785839314715,88.05435808150253,0.7121416068528564,-1.9454917492848973,14.8946469724898,2.0716874503303613,0.011106362943763338,14.894646972489795,-1.4425548541439692
1744178407999,1744178407154,9.9140625,0.12323036789894104,0.3367897868156433,1744178407100,0.0001527161948615685,-0.00946840364485979,-0.005803215317428112,1744178407103,-38.15625,4.837500095367432,18.1875,1001.6212158203125,20.097420587653556,89.28785839314715,88.05435808150253,0.7121416068528564,-1.9454917492848973,14.8946469724898,2.0716874503303613,0.011106362943763338,14.894646972489795,-1.4214783343856752
1744178407999,1744178407154,9.9140625,0.12323036789894104,0.3367897868156433,1744178407204,0,0.0010690133785828948,0.00045814859913662076,1744178407103,-38.15625,4.837500095367432,18.1875,1001.6212158203125,20.097420587653556,89.28785839314715,88.05435808150253,0.7121416068528564,-1.9454917492848973,14.8946469724898,2.0716874503303613,0.0011630519087642063,14.894646972489795,-1.4214783343856752
1744178408012,1744178407154,9.9140625,0.12323036789894104,0.3367897868156433,1744178407204,0,0.0010690133785828948,0.00045814859913662076,1744178407303,-35.25,4.612500190734863,16.912500381469727,1001.6212158203125,20.097420587653556,89.28785839314715,88.05435808150253,0.7121416068528564,-1.9454917492848973,15.255118976436197,2.0716874503303613,0.0011630519087642063,15.255118976436222,-1.4214783343856752
1744178408012,1744178407284,9.811769485473633,0.08793623000383377,0.5599204897880554,1744178407204,0,0.0010690133785828948,0.00045814859913662076,1744178407303,-35.25,4.612500190734863,16.912500381469727,1001.6212158203125,8.925469529055896,89.48651056672246,86.73388940799394,0.5134894332775337,-3.2659797116213696,15.255118976436197,3.306056447528438,0.0011630519087642063,15.255118976436222,-1.4214783343856752
1744178408020,1744178407284,9.811769485473633,0.08793623000383377,0.5599204897880554,1744178407309,-0.10323614627122879,-0.010537417605519295,-0.006872228812426329,1744178407303,-35.25,4.612500190734863,16.912500381469727,1001.6212158203125,8.925469529055896,89.48651056672246,86.73388940799394,0.5134894332775337,-3.2659797116213696,15.255118976436197,3.306056447528438,0.10399983940169329,15.255118976436222,-1.4214783343856752
1744178408027,1744178407284,9.811769485473633,0.08793623000383377,0.5599204897880554,1744178407309,-0.10323614627122879,-0.010537417605519295,-0.006872228812426329,1744178407303,-35.25,4.612500190734863,16.912500381469727,1001.614990234375,8.925469529055896,89.48651056672246,86.73388940799394,0.5134894332775337,-3.2659797116213696,15.255118976436197,3.306056447528438,0.10399983940169329,15.255118976436222,-1.3690438807436234
1744178408108,1744178407284,9.811769485473633,0.08793623000383377,0.5599204897880554,1744178407309,-0.10323614627122879,-0.010537417605519295,-0.006872228812426329,1744178407403,-36.712501525878906,4.575000286102295,17.043750762939453,1001.614990234375,8.925469529055896,89.48651056672246,86.73388940799394,0.5134894332775337,-3.2659797116213696,15.025531283733766,3.306056447528438,0.10399983940169329,15.025531283733756,-1.3690438807436234
1744178408126,1744178407284,9.811769485473633,0.08793623000383377,0.5599204897880554,1744178407412,-0.18432845175266266,0.008399390615522861,0.0038179049734026194,1744178407403,-36.712501525878906,4.575000286102295,17.043750762939453,1001.614990234375,8.925469529055896,89.48651056672246,86.73388940799394,0.5134894332775337,-3.2659797116213696,15.025531283733766,3.306056447528438,0.184559216206159,15.025531283733756,-1.3690438807436234
1744178408143,1744178407414,10.019346237182617,-0.17587246000766754,0.5760720372200012,1744178407412,-0.18432845175266266,0.008399390615522861,0.0038179049734026194,1744178407403,-36.712501525878906,4.575000286102295,17.043750762939453,1001.614990234375,-16.977218156482714,91.00562598612014,86.70934641775565,-1.0056259861201373,-3.2901478583062573,15.025531283733766,3.4402390491105184,0.184559216206159,15.025531283733756,-1.3690438807436234
1744178408202,1744178407414,10.019346237182617,-0.17587246000766754,0.5760720372200012,1744178407412,-0.18432845175266266,0.008399390615522861,0.0038179049734026194,1744178407403,-36.712501525878906,4.575000286102295,17.043750762939453,1001.6212158203125,-16.977218156482714,91.00562598612014,86.70934641775565,-1.0056259861201373,-3.2901478583062573,15.025531283733766,3.4402390491105184,0.184559216206159,15.025531283733756,-1.4214783343856752
1744178408269,1744178407414,10.019346237182617,-0.17587246000766754,0.5760720372200012,1744178407517,-0.3272708058357239,0.047494735568761826,0.02764163166284561,1744178407403,-36.712501525878906,4.575000286102295,17.043750762939453,1001.6212158203125,-16.977218156482714,91.00562598612014,86.70934641775565,-1.0056259861201373,-3.2901478583062573,15.025531283733766,3.4402390491105184,0.331852361841972,15.025531283733756,-1.4214783343856752
1744178408270,1744178407565,9.942776679992676,-1.6031911373138428,0.4749752879142761,1744178407517,-0.3272708058357239,0.047494735568761826,0.02764163166284561,1744178407403,-36.712501525878906,4.575000286102295,17.043750762939453,1001.6212158203125,-73.49709434642847,99.15963697436106,87.26500884246474,-9.159636974361055,-2.7001682775945564,15.025531283733766,9.546079380696307,0.331852361841972,15.025531283733756,-1.4214783343856752
1744178408295,1744178407565,9.942776679992676,-1.6031911373138428,0.4749752879142761,1744178407517,-0.3272708058357239,0.047494735568761826,0.02764163166284561,1744178407603,-35.306251525878906,1.5562500953674316,9.46875,1001.6212158203125,-73.49709434642847,99.15963697436106,87.26500884246474,-9.159636974361055,-2.7001682775945564,9.333485705798363,9.546079380696307,0.331852361841972,9.333485705798353,-1.4214783343856752
1744178408347,1744178407565,9.942776679992676,-1.6031911373138428,0.4749752879142761,1744178407621,-0.09453132748603821,0.002901607658714056,0.003665188793092966,1744178407603,-35.306251525878906,1.5562500953674316,9.46875,1001.6212158203125,-73.49709434642847,99.15963697436106,87.26500884246474,-9.159636974361055,-2.7001682775945564,9.333485705798363,9.546079380696307,0.09464684258952712,9.333485705798353,-1.4214783343856752
1744178408357,1744178407565,9.942776679992676,-1.6031911373138428,0.4749752879142761,1744178407621,-0.09453132748603821,0.002901607658714056,0.003665188793092966,1744178407603,-35.306251525878906,1.5562500953674316,9.46875,1001.6587524414062,-73.49709434642847,99.15963697436106,87.26500884246474,-9.159636974361055,-2.7001682775945564,9.333485705798363,9.546079380696307,0.09464684258952712,9.333485705798353,-1.7376216539376266
1744178408413,1744178407695,9.658628463745117,2.2480568885803223,0.6711867451667786,1744178407621,-0.09453132748603821,0.002901607658714056,0.003665188793092966,1744178407603,-35.306251525878906,1.5562500953674316,9.46875,1001.6587524414062,73.37631823033811,76.89761606547323,86.02485536850115,13.102383934526776,-3.871976820303946,9.333485705798363,13.652924176992347,0.09464684258952712,9.333485705798353,-1.7376216539376266
1744178408416,1744178407695,9.658628463745117,2.2480568885803223,0.6711867451667786,1744178407725,-0.033597562462091446,0.016035201027989388,0.02458730712532997,1744178407603,-35.306251525878906,1.5562500953674316,9.46875,1001.6587524414062,73.37631823033811,76.89761606547323,86.02485536850115,13.102383934526776,-3.871976820303946,9.333485705798363,13.652924176992347,0.04461456653468091,9.333485705798353,-1.7376216539376266
1744178408506,1744178407695,9.658628463745117,2.2480568885803223,0.6711867451667786,1744178407725,-0.033597562462091446,0.016035201027989388,0.02458730712532997,1744178407803,-36.243751525878906,6.337500095367432,11.58750057220459,1001.6587524414062,73.37631823033811,76.89761606547323,86.02485536850115,13.102383934526776,-3.871976820303946,28.67537585004167,13.652924176992347,0.04461456653468091,28.67537585004169,-1.7376216539376266
1744178408514,1744178407695,9.658628463745117,2.2480568885803223,0.6711867451667786,1744178407725,-0.033597562462091446,0.016035201027989388,0.02458730712532997,1744178407803,-36.243751525878906,6.337500095367432,11.58750057220459,1001.6950073242188,73.37631823033811,76.89761606547323,86.02485536850115,13.102383934526776,-3.871976820303946,28.67537585004167,13.652924176992347,0.04461456653468091,28.67537585004169,-2.0429607288144536
1744178408525,1744178407695,9.658628463745117,2.2480568885803223,0.6711867451667786,1744178407829,0.05833758786320686,0.006566796451807022,-0.001679878099821508,1744178407803,-36.243751525878906,6.337500095367432,11.58750057220459,1001.6950073242188,73.37631823033811,76.89761606547323,86.02485536850115,13.102383934526776,-3.871976820303946,28.67537585004167,13.652924176992347,0.058730051624080036,28.67537585004169,-2.0429607288144536
1744178408590,1744178407825,9.845867156982422,0.26620152592658997,0.17527425289154053,1744178407829,0.05833758786320686,0.006566796451807022,-0.001679878099821508,1744178407803,-36.243751525878906,6.337500095367432,11.58750057220459,1001.6950073242188,56.6380166185662,88.45127819629464,88.9801391635052,1.5487218037053756,-1.0194883638786478,28.67537585004167,1.854088077995463,0.058730051624080036,28.67537585004169,-2.0429607288144536
1744178408638,1744178407825,9.845867156982422,0.26620152592658997,0.17527425289154053,1744178407932,0.12171480804681778,0.0054977829568088055,0.003359756199643016,1744178407803,-36.243751525878906,6.337500095367432,11.58750057220459,1001.6950073242188,56.6380166185662,88.45127819629464,88.9801391635052,1.5487218037053756,-1.0194883638786478,28.67537585004167,1.854088077995463,0.12188522501531888,28.67537585004169,-2.0429607288144536
1744178408673,1744178407955,9.850652694702148,0.1782652884721756,0.11605189740657806,1744178407932,0.12171480804681778,0.0054977829568088055,0.003359756199643016,1744178407803,-36.243751525878906,6.337500095367432,11.58750057220459,1001.6950073242188,56.93560294962678,88.96324292341086,89.32502174952434,1.0367570765891525,-0.6748677621193111,28.67537585004167,1.2370375995998983,0.12188522501531888,28.67537585004169,-2.0429607288144536
1744178408692,1744178407955,9.850652694702148,0.1782652884721756,0.11605189740657806,1744178407932,0.12171480804681778,0.0054977829568088055,0.003359756199643016,1744178407803,-36.243751525878906,6.337500095367432,11.58750057220459,1001.72998046875,56.93560294962678,88.96324292341086,89.32502174952434,1.0367570765891525,-0.6748677621193111,28.67537585004167,1.2370375995998983,0.12188522501531888,28.67537585004169,-2.3374965086621646
1744178408739,1744178407955,9.850652694702148,0.1782652884721756,0.11605189740657806,1744178407932,0.12171480804681778,0.0054977829568088055,0.003359756199643016,1744178408003,-37.35000228881836,6.675000190734863,12.562500953674316,1001.72998046875,56.93560294962678,88.96324292341086,89.32502174952434,1.0367570765891525,-0.6748677621193111,27.983641442919705,1.2370375995998983,0.12188522501531888,27.98364144291969,-2.3374965086621646
1744178408749,1744178407955,9.850652694702148,0.1782652884721756,0.11605189740657806,1744178408036,0.5473348498344421,-0.028405211865901947,-0.011911863461136818,1744178408003,-37.35000228881836,6.675000190734863,12.562500953674316,1001.72998046875,56.93560294962678,88.96324292341086,89.32502174952434,1.0367570765891525,-0.6748677621193111,27.983641442919705,1.2370375995998983,0.5482008631838834,27.98364144291969,-2.3374965086621646
1744178408795,1744178407955,9.850652694702148,0.1782652884721756,0.11605189740657806,1744178408036,0.5473348498344421,-0.028405211865901947,-0.011911863461136818,1744178408103,-36.431251525878906,5.625,13.406250953674316,1001.72998046875,56.93560294962678,88.96324292341086,89.32502174952434,1.0367570765891525,-0.6748677621193111,22.761965830297427,1.2370375995998983,0.5482008631838834,22.761965830297413,-2.3374965086621646
1744178408829,1744178408086,9.717850685119629,0.5341976284980774,6.280561447143555,1744178408036,0.5473348498344421,-0.028405211865901947,-0.011911863461136818,1744178408103,-36.431251525878906,5.625,13.406250953674316,1001.72998046875,4.861632095207312,86.85357423337523,57.12576931179113,3.1464257666247755,-32.83483829826692,22.761965830297427,32.96844141665015,0.5482008631838834,22.761965830297413,-2.3374965086621646
1744178408838,1744178408086,9.717850685119629,0.5341976284980774,6.280561447143555,1744178408036,0.5473348498344421,-0.028405211865901947,-0.011911863461136818,1744178408103,-36.431251525878906,5.625,13.406250953674316,1001.7537231445312,4.861632095207312,86.85357423337523,57.12576931179113,3.1464257666247755,-32.83483829826692,22.761965830297427,32.96844141665015,0.5482008631838834,22.761965830297413,-2.537447118630858
1744178408838,1744178408086,9.717850685119629,0.5341976284980774,6.280561447143555,1744178408141,-0.8559742569923401,0.02107483521103859,0.006414080038666725,1744178408103,-36.431251525878906,5.625,13.406250953674316,1001.7537231445312,4.861632095207312,86.85357423337523,57.12576931179113,3.1464257666247755,-32.83483829826692,22.761965830297427,32.96844141665015,0.8562576818548862,22.761965830297413,-2.537447118630858
1744178408949,1744178408216,9.725627899169922,-0.34636107087135315,0.1579262912273407,1744178408141,-0.8559742569923401,0.02107483521103859,0.006414080038666725,1744178408103,-36.431251525878906,5.625,13.406250953674316,1001.7537231445312,-65.48898037142156,92.03962605810784,89.06970378838263,-2.0396260581078276,-0.9297069271780941,22.761965830297427,2.241442454667267,0.8562576818548862,22.761965830297413,-2.537447118630858
1744178408988,1744178408216,9.725627899169922,-0.34636107087135315,0.1579262912273407,1744178408244,-0.93813556432724,-0.061391908675432205,-0.03130681812763214,1744178408103,-36.431251525878906,5.625,13.406250953674316,1001.7537231445312,-65.48898037142156,92.03962605810784,89.06970378838263,-2.0396260581078276,-0.9297069271780941,22.761965830297427,2.241442454667267,0.9406632874560792,22.761965830297413,-2.537447118630858
1744178408999,1744178408216,9.725627899169922,-0.34636107087135315,0.1579262912273407,1744178408244,-0.93813556432724,-0.061391908675432205,-0.03130681812763214,1744178408103,-36.431251525878906,5.625,13.406250953674316,1001.7474975585938,-65.48898037142156,92.03962605810784,89.06970378838263,-2.0396260581078276,-0.9297069271780941,22.761965830297427,2.241442454667267,0.9406632874560792,22.761965830297413,-2.4850182810183385
1744178409039,1744178408216,9.725627899169922,-0.34636107087135315,0.1579262912273407,1744178408244,-0.93813556432724,-0.061391908675432205,-0.03130681812763214,1744178408303,-36.97500228881836,8.643750190734863,16.837501525878906,1001.7474975585938,-65.48898037142156,92.03962605810784,89.06970378838263,-2.0396260581078276,-0.9297069271780941,27.17428612653322,2.241442454667267,0.9406632874560792,27.174286126533218,-2.4850182810183385
1744178409047,1744178408216,9.725627899169922,-0.34636107087135315,0.1579262912273407,1744178408349,0.5412262082099915,-0.03023780696094036,-0.009773836471140385,1744178408303,-36.97500228881836,8.643750190734863,16.837501525878906,1001.7474975585938,-65.48898037142156,92.03962605810784,89.06970378838263,-2.0396260581078276,-0.9297069271780941,27.17428612653322,2.241442454667267,0.5421583360076064,27.174286126533218,-2.4850182810183385
1744178409064,1744178408367,9.739984512329102,-0.4749752879142761,-3.448655605316162,1744178408349,0.5412262082099915,-0.03023780696094036,-0.009773836471140385,1744178408303,-36.97500228881836,8.643750190734863,16.837501525878906,1001.7474975585938,-172.15812161615446,92.79184609512434,109.4976278906662,-2.7918460951243445,19.476228609125872,27.17428612653322,19.667620343373414,0.5421583360076064,27.174286126533218,-2.4850182810183385
1744178409150,1744178408367,9.739984512329102,-0.4749752879142761,-3.448655605316162,1744178408452,0.47357290983200073,0.053756099194288254,0.001832594396546483,1744178408303,-36.97500228881836,8.643750190734863,16.837501525878906,1001.7474975585938,-172.15812161615446,92.79184609512434,109.4976278906662,-2.7918460951243445,19.476228609125872,27.17428612653322,19.667620343373414,0.4766176429062994,27.174286126533218,-2.4850182810183385
1744178409188,1744178408367,9.739984512329102,-0.4749752879142761,-3.448655605316162,1744178408452,0.47357290983200073,0.053756099194288254,0.001832594396546483,1744178408303,-36.97500228881836,8.643750190734863,16.837501525878906,1001.6661987304688,-172.15812161615446,92.79184609512434,109.4976278906662,-2.7918460951243445,19.476228609125872,27.17428612653322,19.667620343373414,0.4766176429062994,27.174286126533218,-1.800335123439738
1744178409199,1744178408367,9.739984512329102,-0.4749752879142761,-3.448655605316162,1744178408452,0.47357290983200073,0.053756099194288254,0.001832594396546483,1744178408503,-36.20625305175781,7.650000095367432,18.993751525878906,1001.6661987304688,-172.15812161615446,92.79184609512434,109.4976278906662,-2.7918460951243445,19.476228609125872,21.937803207270537,19.667620343373414,0.4766176429062994,21.93780320727052,-1.800335123439738
1744178409247,1744178408497,9.92423152923584,0.2392822653055191,-0.38285163044929504,1744178408452,0.47357290983200073,0.053756099194288254,0.001832594396546483,1744178408503,-36.20625305175781,7.650000095367432,18.993751525878906,1001.6661987304688,147.99461719282218,88.61881414990228,92.209230053447,1.3811858500977194,2.2085888165010457,21.937803207270537,2.6047253065703244,0.4766176429062994,21.93780320727052,-1.800335123439738
1744178409252,1744178408497,9.92423152923584,0.2392822653055191,-0.38285163044929504,1744178408557,0.06811141967773438,0.008093958720564842,0.002901607658714056,1744178408503,-36.20625305175781,7.650000095367432,18.993751525878906,1001.6661987304688,147.99461719282218,88.61881414990228,92.209230053447,1.3811858500977194,2.2085888165010457,21.937803207270537,2.6047253065703244,0.06865199913543507,21.93780320727052,-1.800335123439738
1744178409306,1744178408497,9.92423152923584,0.2392822653055191,-0.38285163044929504,1744178408557,0.06811141967773438,0.008093958720564842,0.002901607658714056,1744178408503,-36.20625305175781,7.650000095367432,18.993751525878906,1001.6237182617188,147.99461719282218,88.61881414990228,92.209230053447,1.3811858500977194,2.2085888165010457,21.937803207270537,2.6047253065703244,0.06865199913543507,21.93780320727052,-1.4425548541439692
1744178409349,1744178408627,9.45464038848877,0.2021935135126114,0.14656038582324982,1744178408557,0.06811141967773438,0.008093958720564842,0.002901607658714056,1744178408503,-36.20625305175781,7.650000095367432,18.993751525878906,1001.6237182617188,54.06344430410125,88.774879965074,89.11190498032825,1.2251200349259959,-0.887892038679137,21.937803207270537,1.5129941243281755,0.06865199913543507,21.93780320727052,-1.4425548541439692
1744178409355,1744178408627,9.45464038848877,0.2021935135126114,0.14656038582324982,1744178408660,0.005955931730568409,-0.17302745580673218,-0.05955931544303894,1744178408503,-36.20625305175781,7.650000095367432,18.993751525878906,1001.6237182617188,54.06344430410125,88.774879965074,89.11190498032825,1.2251200349259959,-0.887892038679137,21.937803207270537,1.5129941243281755,0.18308819088563102,21.93780320727052,-1.4425548541439692
1744178409427,1744178408627,9.45464038848877,0.2021935135126114,0.14656038582324982,1744178408660,0.005955931730568409,-0.17302745580673218,-0.05955931544303894,1744178408703,-36.54375076293945,7.987500190734863,18.225000381469727,1001.6237182617188,54.06344430410125,88.774879965074,89.11190498032825,1.2251200349259959,-0.887892038679137,23.666474439896625,1.5129941243281755,0.18308819088563102,23.666474439896604,-1.4425548541439692
1744178409475,1744178408627,9.45464038848877,0.2021935135126114,0.14656038582324982,1744178408764,-0.000305432389723137,-0.004734201822429895,-0.0015271619195118546,1744178408703,-36.54375076293945,7.987500190734863,18.225000381469727,1001.6237182617188,54.06344430410125,88.774879965074,89.11190498032825,1.2251200349259959,-0.887892038679137,23.666474439896625,1.5129941243281755,0.004983791665850175,23.666474439896604,-1.4425548541439692
1744178409485,1744178408757,9.845269203186035,0.13220344483852386,0.486939400434494,1744178408764,-0.000305432389723137,-0.004734201822429895,-0.0015271619195118546,1744178408703,-36.54375076293945,7.987500190734863,18.225000381469727,1001.6237182617188,15.189582912421288,89.23067170195773,87.1685023712218,0.7693282980422737,-2.8312427987527915,23.666474439896625,2.9338234427430634,0.004983791665850175,23.666474439896604,-1.4425548541439692
1744178409486,1744178408757,9.845269203186035,0.13220344483852386,0.486939400434494,1744178408764,-0.000305432389723137,-0.004734201822429895,-0.0015271619195118546,1744178408703,-36.54375076293945,7.987500190734863,18.225000381469727,1001.59375,15.189582912421288,89.23067170195773,87.1685023712218,0.7693282980422737,-2.8312427987527915,23.666474439896625,2.9338234427430634,0.004983791665850175,23.666474439896604,-1.190147876396137
1744178409553,1744178408757,9.845269203186035,0.13220344483852386,0.486939400434494,1744178408764,-0.000305432389723137,-0.004734201822429895,-0.0015271619195118546,1744178408803,-36.056251525878906,8.606250762939453,17.850000381469727,1001.59375,15.189582912421288,89.23067170195773,87.1685023712218,0.7693282980422737,-2.8312427987527915,25.74070986423488,2.9338234427430634,0.004983791665850175,25.740709864234873,-1.190147876396137
1744178409596,1744178408757,9.845269203186035,0.13220344483852386,0.486939400434494,1744178408868,0,0.0009162971982732415,0.0010690133785828948,1744178408803,-36.056251525878906,8.606250762939453,17.850000381469727,1001.59375,15.189582912421288,89.23067170195773,87.1685023712218,0.7693282980422737,-2.8312427987527915,25.74070986423488,2.9338234427430634,0.001407973777863994,25.740709864234873,-1.190147876396137
1744178409613,1744178408757,9.845269203186035,0.13220344483852386,0.486939400434494,1744178408868,0,0.0009162971982732415,0.0010690133785828948,1744178408903,-37.05000305175781,7.668750286102295,17.868751525878906,1001.59375,15.189582912421288,89.23067170195773,87.1685023712218,0.7693282980422737,-2.8312427987527915,23.227607380224953,2.9338234427430634,0.001407973777863994,23.22760738022498,-1.190147876396137
1744178409613,1744178408887,9.864411354064941,0.11186445504426956,0.49172505736351013,1744178408868,0,0.0009162971982732415,0.0010690133785828948,1744178408903,-37.05000305175781,7.668750286102295,17.868751525878906,1001.59375,12.8163157882041,89.35028191807882,87.14625959851838,0.6497180819211822,-2.853557226550781,23.227607380224953,2.926529231946291,0.001407973777863994,23.22760738022498,-1.190147876396137
1744178409661,1744178408887,9.864411354064941,0.11186445504426956,0.49172505736351013,1744178408868,0,0.0009162971982732415,0.0010690133785828948,1744178408903,-37.05000305175781,7.668750286102295,17.868751525878906,1001.5462036132812,12.8163157882041,89.35028191807882,87.14625959851838,0.6497180819211822,-2.853557226550781,23.227607380224953,2.926529231946291,0.001407973777863994,23.22760738022498,-0.7896770078204773
1744178409666,1744178408887,9.864411354064941,0.11186445504426956,0.49172505736351013,1744178408973,0,-0.001221729558892548,-0.000610864779446274,1744178408903,-37.05000305175781,7.668750286102295,17.868751525878906,1001.5462036132812,12.8163157882041,89.35028191807882,87.14625959851838,0.6497180819211822,-2.853557226550781,23.227607380224953,2.926529231946291,0.0013659351719022851,23.22760738022498,-0.7896770078204773
1744178409738,1744178409017,9.837491989135742,0.08255238085985184,0.40319061279296875,1744178408973,0,-0.001221729558892548,-0.000610864779446274,1744178408903,-37.05000305175781,7.668750286102295,17.868751525878906,1001.5462036132812,11.571256935433096,89.51920753818338,87.65304016751469,0.48079246181662233,-2.3468772938540168,23.227607380224953,2.395592855477073,0.0013659351719022851,23.22760738022498,-0.7896770078204773
1744178409841,1744178409017,9.837491989135742,0.08255238085985184,0.40319061279296875,1744178409077,0,0,0.000305432389723137,1744178408903,-37.05000305175781,7.668750286102295,17.868751525878906,1001.5462036132812,11.571256935433096,89.51920753818338,87.65304016751469,0.48079246181662233,-2.3468772938540168,23.227607380224953,2.395592855477073,0.000305432389723137,23.22760738022498,-0.7896770078204773
1744178409841,1744178409017,9.837491989135742,0.08255238085985184,0.40319061279296875,1744178409077,0,0,0.000305432389723137,1744178408903,-37.05000305175781,7.668750286102295,17.868751525878906,1001.5362548828125,11.571256935433096,89.51920753818338,87.65304016751469,0.48079246181662233,-2.3468772938540168,23.227607380224953,2.395592855477073,0.000305432389723137,23.22760738022498,-0.7058794870562402
1744178409841,1744178409017,9.837491989135742,0.08255238085985184,0.40319061279296875,1744178409077,0,0,0.000305432389723137,1744178409103,-36.337501525878906,7.162500381469727,17.34375,1001.5362548828125,11.571256935433096,89.51920753818338,87.65304016751469,0.48079246181662233,-2.3468772938540168,22.43930344328464,2.395592855477073,0.000305432389723137,22.439303443284643,-0.7058794870562402
1744178409918,1744178409147,9.852447509765625,0.08315058797597885,0.37148571014404297,1744178409077,0,0,0.000305432389723137,1744178409103,-36.337501525878906,7.162500381469727,17.34375,1001.5362548828125,12.616699917404752,89.51645876386962,87.84069030170659,0.4835412361303724,-2.1592328750124876,22.43930344328464,2.212687966441699,0.000305432389723137,22.439303443284643,-0.7058794870562402
1744178409918,1744178409147,9.852447509765625,0.08315058797597885,0.37148571014404297,1744178409180,0,0.0021380267571657896,0.0007635809597559273,1744178409103,-36.337501525878906,7.162500381469727,17.34375,1001.5362548828125,12.616699917404752,89.51645876386962,87.84069030170659,0.4835412361303724,-2.1592328750124876,22.43930344328464,2.212687966441699,0.002270289474154925,22.439303443284643,-0.7058794870562402
1744178409973,1744178409147,9.852447509765625,0.08315058797597885,0.37148571014404297,1744178409180,0,0.0021380267571657896,0.0007635809597559273,1744178409203,-37.59375,7.837500095367432,18.168750762939453,1001.5362548828125,12.616699917404752,89.51645876386962,87.84069030170659,0.4835412361303724,-2.1592328750124876,23.33404065523619,2.212687966441699,0.002270289474154925,23.33404065523621,-0.7058794870562402
1744178409996,1744178409147,9.852447509765625,0.08315058797597885,0.37148571014404297,1744178409180,0,0.0021380267571657896,0.0007635809597559273,1744178409203,-37.59375,7.837500095367432,18.168750762939453,1001.543701171875,12.616699917404752,89.51645876386962,87.84069030170659,0.4835412361303724,-2.1592328750124876,23.33404065523619,2.212687966441699,0.002270289474154925,23.33404065523621,-0.7685991672670678
1744178409996,1744178409147,9.852447509765625,0.08315058797597885,0.37148571014404297,1744178409284,0,-0.0025961752980947495,-0.001221729558892548,1744178409203,-37.59375,7.837500095367432,18.168750762939453,1001.543701171875,12.616699917404752,89.51645876386962,87.84069030170659,0.4835412361303724,-2.1592328750124876,23.33404065523619,2.212687966441699,0.002869276789281428,23.33404065523621,-0.7685991672670678
1744178410052,1744178409299,9.861420631408691,0.08614161610603333,0.39421752095222473,1744178409284,0,-0.0025961752980947495,-0.001221729558892548,1744178409203,-37.59375,7.837500095367432,18.168750762939453,1001.543701171875,12.326122506172293,89.49952185394935,87.71077811812074,0.5004781460506552,-2.2891346414411315,23.33404065523619,2.3431778618284462,0.002869276789281428,23.33404065523621,-0.7685991672670678
1744178410184,1744178409299,9.861420631408691,0.08614161610603333,0.39421752095222473,1744178409388,-0.003665188793092966,0.001679878099821508,0.001221729558892548,1744178409203,-37.59375,7.837500095367432,18.168750762939453,1001.543701171875,12.326122506172293,89.49952185394935,87.71077811812074,0.5004781460506552,-2.2891346414411315,23.33404065523619,2.3431778618284462,0.004212863923074892,23.33404065523621,-0.7685991672670678
1744178410184,1744178409299,9.861420631408691,0.08614161610603333,0.39421752095222473,1744178409388,-0.003665188793092966,0.001679878099821508,0.001221729558892548,1744178409403,-38.13750076293945,7.893750190734863,18.525001525878906,1001.543701171875,12.326122506172293,89.49952185394935,87.71077811812074,0.5004781460506552,-2.2891346414411315,23.07950056550159,2.3431778618284462,0.004212863923074892,23.079500565501576,-0.7685991672670678
1744178410184,1744178409299,9.861420631408691,0.08614161610603333,0.39421752095222473,1744178409388,-0.003665188793092966,0.001679878099821508,0.001221729558892548,1744178409403,-38.13750076293945,7.893750190734863,18.525001525878906,1001.5537109375,12.326122506172293,89.49952185394935,87.71077811812074,0.5004781460506552,-2.2891346414411315,23.07950056550159,2.3431778618284462,0.004212863923074892,23.079500565501576,-0.8529102736254379
1744178410184,1744178409429,9.869794845581055,0.1136590763926506,0.42293140292167664,1744178409388,-0.003665188793092966,0.001679878099821508,0.001221729558892548,1744178409403,-38.13750076293945,7.893750190734863,18.525001525878906,1001.5537109375,15.042328440602361,89.34021956537907,87.54631486543077,0.6597804346209366,-2.4535226520771194,23.07950056550159,2.5406332893829764,0.004212863923074892,23.079500565501576,-0.8529102736254379
