timestamp,acc_x,acc_y,acc_z,gyro_x,gyro_y,gyro_z,mag_x,mag_y,mag_z,baro_pressure,tiltXY,tiltYZ,tiltXZ,roll,pitch,yaw,totalTiltFromVertical,angularSpeed,heading,altitude
1744175683983,1744175683224,4.89691162109375,8.433503150939941,1.3507484197616577,1744175683210,0.06062832847237587,-0.018325943499803543,0.040775224566459656,1744175683293,-24.843751907348633,-43.931251525878906,10.987500190734863,1000.9737548828125,80.90052941754638,30.141582808774057,74.57918423587546,59.858417191225946,-7.885766696441369,-75.9580030227325,60.17252251799322,0.07532764005965878,284.0419969772675,0.20009021534882154
1744175684024,1744175683224,4.89691162109375,8.433503150939941,1.3507484197616577,1744175683314,-0.07040216773748398,0.03023780696094036,-0.14462223649024963,1744175683293,-24.843751907348633,-43.931251525878906,10.987500190734863,1000.9737548828125,80.90052941754638,30.141582808774057,74.57918423587546,59.858417191225946,-7.885766696441369,-75.9580030227325,60.17252251799322,0.1636654559746363,284.0419969772675,0.20009021534882154
1744175684049,1744175683224,4.89691162109375,8.433503150939941,1.3507484197616577,1744175683314,-0.07040216773748398,0.03023780696094036,-0.14462223649024963,1744175683293,-24.843751907348633,-43.931251525878906,10.987500190734863,1000.97998046875,80.90052941754638,30.141582808774057,74.57918423587546,59.858417191225946,-7.885766696441369,-75.9580030227325,60.17252251799322,0.1636654559746363,284.0419969772675,0.1476240288124775
1744175684068,1744175683354,5.058426856994629,8.203792572021484,0.9954141974449158,1744175683314,-0.07040216773748398,0.03023780696094036,-0.14462223649024963,1744175683293,-24.843751907348633,-43.931251525878906,10.987500190734863,1000.97998046875,83.0817861337546,31.657823539573265,78.86738847690138,58.34217646042674,-5.89664691746646,-75.9580030227325,58.5289174532815,0.1636654559746363,284.0419969772675,0.1476240288124775
1744175684086,1744175683354,5.058426856994629,8.203792572021484,0.9954141974449158,1744175683314,-0.07040216773748398,0.03023780696094036,-0.14462223649024963,1744175683393,-25.087501525878906,-43.89375305175781,10.706250190734863,1000.97998046875,83.0817861337546,31.657823539573265,78.86738847690138,58.34217646042674,-5.89664691746646,-76.2924762478166,58.5289174532815,0.1636654559746363,283.7075237521834,0.1476240288124775
1744175684119,1744175683354,5.058426856994629,8.203792572021484,0.9954141974449158,1744175683418,-0.0334448479115963,-0.0027488914784044027,-0.12140937149524689,1744175683393,-25.087501525878906,-43.89375305175781,10.706250190734863,1000.97998046875,83.0817861337546,31.657823539573265,78.86738847690138,58.34217646042674,-5.89664691746646,-76.2924762478166,58.5289174532815,0.12596169950846456,283.7075237521834,0.1476240288124775
1744175684175,1744175683354,5.058426856994629,8.203792572021484,0.9954141974449158,1744175683418,-0.0334448479115963,-0.0027488914784044027,-0.12140937149524689,1744175683393,-25.087501525878906,-43.89375305175781,10.706250190734863,1000.96875,83.0817861337546,31.657823539573265,78.86738847690138,58.34217646042674,-5.89664691746646,-76.2924762478166,58.5289174532815,0.12596169950846456,283.7075237521834,0.24226910591846673
1744175684230,1744175683506,5.431707382202148,8.102097511291504,1.1198409795761108,1744175683418,-0.0334448479115963,-0.0027488914784044027,-0.12140937149524689,1744175683393,-25.087501525878906,-43.89375305175781,10.706250190734863,1000.96875,82.13065462220474,33.838198666168694,78.35069910341375,56.16180133383131,-6.549124821010963,-76.2924762478166,56.41209266600856,0.12596169950846456,283.7075237521834,0.24226910591846673
1744175684236,1744175683506,5.431707382202148,8.102097511291504,1.1198409795761108,1744175683522,-0.06108647957444191,-0.05696314200758934,-0.048563748598098755,1744175683393,-25.087501525878906,-43.89375305175781,10.706250190734863,1000.96875,82.13065462220474,33.838198666168694,78.35069910341375,56.16180133383131,-6.549124821010963,-76.2924762478166,56.41209266600856,0.09661674395297555,283.7075237521834,0.24226910591846673
1744175684271,1744175683506,5.431707382202148,8.102097511291504,1.1198409795761108,1744175683522,-0.06108647957444191,-0.05696314200758934,-0.048563748598098755,1744175683593,-25.781251907348633,-42.82500076293945,10.987500190734863,1000.96875,82.13065462220474,33.838198666168694,78.35069910341375,56.16180133383131,-6.549124821010963,-75.61015613455342,56.41209266600856,0.09661674395297555,284.38984386544655,0.24226910591846673
1744175684313,1744175683506,5.431707382202148,8.102097511291504,1.1198409795761108,1744175683626,0.01908952370285988,-0.0668896958231926,-0.1078176349401474,1744175683593,-25.781251907348633,-42.82500076293945,10.987500190734863,1000.96875,82.13065462220474,33.838198666168694,78.35069910341375,56.16180133383131,-6.549124821010963,-75.61015613455342,56.41209266600856,0.1283093282914698,284.38984386544655,0.24226910591846673
1744175684322,1744175683636,5.725426197052002,8.10807991027832,0.8422735929489136,1744175683626,0.01908952370285988,-0.0668896958231926,-0.1078176349401474,1744175683593,-25.781251907348633,-42.82500076293945,10.987500190734863,1000.96875,84.06934220119092,35.22738157616093,81.6311835786263,54.77261842383908,-4.850329191586277,-75.61015613455342,54.917373388467816,0.1283093282914698,284.38984386544655,0.24226910591846673
1744175684364,1744175683636,5.725426197052002,8.10807991027832,0.8422735929489136,1744175683626,0.01908952370285988,-0.0668896958231926,-0.1078176349401474,1744175683593,-25.781251907348633,-42.82500076293945,10.987500190734863,1000.9662475585938,84.06934220119092,35.22738157616093,81.6311835786263,54.77261842383908,-4.850329191586277,-75.61015613455342,54.917373388467816,0.1283093282914698,284.38984386544655,0.263358615236009
1744175684374,1744175683636,5.725426197052002,8.10807991027832,0.8422735929489136,1744175683626,0.01908952370285988,-0.0668896958231926,-0.1078176349401474,1744175683694,-26.868751525878906,-43.01250076293945,11.137500762939453,1000.9662475585938,84.06934220119092,35.22738157616093,81.6311835786263,54.77261842383908,-4.850329191586277,-75.48288135288827,54.917373388467816,0.1283093282914698,284.5171186471117,0.263358615236009
1744175684424,1744175683636,5.725426197052002,8.10807991027832,0.8422735929489136,1744175683730,-0.00946840364485979,-0.03848448023200035,-0.0256563201546669,1744175683694,-26.868751525878906,-43.01250076293945,11.137500762939453,1000.9662475585938,84.06934220119092,35.22738157616093,81.6311835786263,54.77261842383908,-4.850329191586277,-75.48288135288827,54.917373388467816,0.047211785077329864,284.5171186471117,0.263358615236009
1744175684460,1744175683767,5.803193092346191,8.090731620788574,1.0755738019943237,1744175683730,-0.00946840364485979,-0.03848448023200035,-0.0256563201546669,1744175683694,-26.868751525878906,-43.01250076293945,11.137500762939453,1000.9662475585938,82.42755654808062,35.650524176974685,79.4998516981445,54.34947582302532,-6.165441271583464,-75.48288135288827,54.58682751132853,0.047211785077329864,284.5171186471117,0.263358615236009
1744175684476,1744175683767,5.803193092346191,8.090731620788574,1.0755738019943237,1744175683730,-0.00946840364485979,-0.03848448023200035,-0.0256563201546669,1744175683793,-25.725000381469727,-42.618751525878906,10.78125,1000.9662475585938,82.42755654808062,35.650524176974685,79.4998516981445,54.34947582302532,-6.165441271583464,-75.80372991477218,54.58682751132853,0.047211785077329864,284.1962700852278,0.263358615236009
1744175684499,1744175683767,5.803193092346191,8.090731620788574,1.0755738019943237,1744175683730,-0.00946840364485979,-0.03848448023200035,-0.0256563201546669,1744175683793,-25.725000381469727,-42.618751525878906,10.78125,1000.96875,82.42755654808062,35.650524176974685,79.4998516981445,54.34947582302532,-6.165441271583464,-75.80372991477218,54.58682751132853,0.047211785077329864,284.1962700852278,0.24226910591846673
1744175684523,1744175683767,5.803193092346191,8.090731620788574,1.0755738019943237,1744175683834,-0.025350889191031456,0.0032070400193333626,0.040775224566459656,1744175683793,-25.725000381469727,-42.618751525878906,10.78125,1000.96875,82.42755654808062,35.650524176974685,79.4998516981445,54.34947582302532,-6.165441271583464,-75.80372991477218,54.58682751132853,0.04812038681169112,284.1962700852278,0.24226910591846673
1744175684585,1744175683896,5.627918720245361,8.12123966217041,1.1162517070770264,1744175683834,-0.025350889191031456,0.0032070400193333626,0.040775224566459656,1744175683793,-25.725000381469727,-42.618751525878906,10.78125,1000.96875,82.17382297090056,34.72148091097205,78.78144856005383,55.27851908902796,-6.445551520400774,-75.80372991477218,55.52911771395195,0.04812038681169112,284.1962700852278,0.24226910591846673
1744175684640,1744175683896,5.627918720245361,8.12123966217041,1.1162517070770264,1744175683995,-0.010690134018659592,-0.05742128938436508,-0.02153298258781433,1744175683793,-25.725000381469727,-42.618751525878906,10.78125,1000.96875,82.17382297090056,34.72148091097205,78.78144856005383,55.27851908902796,-6.445551520400774,-75.80372991477218,55.52911771395195,0.06225072512852373,284.1962700852278,0.24226910591846673
1744175684644,1744175683896,5.627918720245361,8.12123966217041,1.1162517070770264,1744175683995,-0.010690134018659592,-0.05742128938436508,-0.02153298258781433,1744175683793,-25.725000381469727,-42.618751525878906,10.78125,1000.969970703125,82.17382297090056,34.72148091097205,78.78144856005383,55.27851908902796,-6.445551520400774,-75.80372991477218,55.52911771395195,0.06225072512852373,284.1962700852278,0.23198155588796898
1744175684659,1744175683896,5.627918720245361,8.12123966217041,1.1162517070770264,1744175683995,-0.010690134018659592,-0.05742128938436508,-0.02153298258781433,1744175683993,-29.418750762939453,-41.962501525878906,12.581250190734863,1000.969970703125,82.17382297090056,34.72148091097205,78.78144856005383,55.27851908902796,-6.445551520400774,-73.31015154626564,55.52911771395195,0.06225072512852373,286.6898484537344,0.23198155588796898
1744175684722,1744175684026,4.95493745803833,7.7353973388671875,0.7980063557624817,1744175683995,-0.010690134018659592,-0.05742128938436508,-0.02153298258781433,1744175683993,-29.418750762939453,-41.962501525878906,12.581250190734863,1000.969970703125,84.11003461917817,32.64174394273246,80.85091963940734,57.358256057267546,-4.964783653220141,-73.31015154626564,57.49584968920056,0.06225072512852373,286.6898484537344,0.23198155588796898
1744175684762,1744175684026,4.95493745803833,7.7353973388671875,0.7980063557624817,1744175683995,-0.010690134018659592,-0.05742128938436508,-0.02153298258781433,1744175684093,-31.312501907348633,-40.16250228881836,14.381250381469727,1000.969970703125,84.11003461917817,32.64174394273246,80.85091963940734,57.358256057267546,-4.964783653220141,-70.298744823387,57.49584968920056,0.06225072512852373,289.701255176613,0.23198155588796898
1744175684783,1744175684026,4.95493745803833,7.7353973388671875,0.7980063557624817,1744175684130,-0.09834922850131989,-0.12034036219120026,-0.18325942754745483,1744175684093,-31.312501907348633,-40.16250228881836,14.381250381469727,1000.969970703125,84.11003461917817,32.64174394273246,80.85091963940734,57.358256057267546,-4.964783653220141,-70.298744823387,57.49584968920056,0.24028814224621017,289.701255176613,0.23198155588796898
1744175684804,1744175684026,4.95493745803833,7.7353973388671875,0.7980063557624817,1744175684130,-0.09834922850131989,-0.12034036219120026,-0.18325942754745483,1744175684093,-31.312501907348633,-40.16250228881836,14.381250381469727,1000.9662475585938,84.11003461917817,32.64174394273246,80.85091963940734,57.358256057267546,-4.964783653220141,-70.298744823387,57.49584968920056,0.24028814224621017,289.701255176613,0.263358615236009
1744175684811,1744175684125,3.7046875953674316,7.031309127807617,1.0079765319824219,1744175684130,-0.09834922850131989,-0.12034036219120026,-0.18325942754745483,1744175684093,-31.312501907348633,-40.16250228881836,14.381250381469727,1000.9662475585938,81.84191933935548,27.78404979753576,74.77933158311606,62.21595020246424,-7.22812500908382,-70.298744823387,62.45559114700018,0.24028814224621017,289.701255176613,0.263358615236009
1744175684876,1744175684125,3.7046875953674316,7.031309127807617,1.0079765319824219,1744175684130,-0.09834922850131989,-0.12034036219120026,-0.18325942754745483,1744175684193,-36.07500076293945,-40.29375076293945,15.450000762939453,1000.9662475585938,81.84191933935548,27.78404979753576,74.77933158311606,62.21595020246424,-7.22812500908382,-69.02146958292909,62.45559114700018,0.24028814224621017,290.97853041707094,0.263358615236009
1744175684942,1744175684125,3.7046875953674316,7.031309127807617,1.0079765319824219,1744175684257,-0.09071341902017593,0.13469567894935608,-0.9964731931686401,1744175684193,-36.07500076293945,-40.29375076293945,15.450000762939453,1000.9662475585938,81.84191933935548,27.78404979753576,74.77933158311606,62.21595020246424,-7.22812500908382,-69.02146958292909,62.45559114700018,1.0096190742164413,290.97853041707094,0.263358615236009
1744175684987,1744175684270,1.6773686408996582,4.9639105796813965,0.3936193287372589,1744175684257,-0.09071341902017593,0.13469567894935608,-0.9964731931686401,1744175684193,-36.07500076293945,-40.29375076293945,15.450000762939453,1000.9662475585938,85.46614835986706,18.67076628946051,76.79365214361738,71.32923371053948,-4.296169957256954,-69.02146958292909,71.38362655517383,1.0096190742164413,290.97853041707094,0.263358615236009
1744175684997,1744175684270,1.6773686408996582,4.9639105796813965,0.3936193287372589,1744175684257,-0.09071341902017593,0.13469567894935608,-0.9964731931686401,1744175684193,-36.07500076293945,-40.29375076293945,15.450000762939453,1000.9612426757812,85.46614835986706,18.67076628946051,76.79365214361738,71.32923371053948,-4.296169957256954,-69.02146958292909,71.38362655517383,1.0096190742164413,290.97853041707094,0.3055377619512978
1744175685089,1744175684270,1.6773686408996582,4.9639105796813965,0.3936193287372589,1744175684257,-0.09071341902017593,0.13469567894935608,-0.9964731931686401,1744175684393,-45.11250305175781,-33.91875076293945,16.387500762939453,1000.9612426757812,85.46614835986706,18.67076628946051,76.79365214361738,71.32923371053948,-4.296169957256954,-64.21295980021986,71.38362655517383,1.0096190742164413,295.7870401997801,0.3055377619512978
1744175685095,1744175684412,6.046064376831055,2.103889226913452,1.8245272636413574,1744175684257,-0.09071341902017593,0.13469567894935608,-0.9964731931686401,1744175684393,-45.11250305175781,-33.91875076293945,16.387500762939453,1000.9612426757812,49.06763423297637,70.81329674766549,73.20770548270191,19.186703252334524,-15.908001468715009,-64.21295980021986,24.730857014181932,1.0096190742164413,295.7870401997801,0.3055377619512978
1744175685129,1744175684412,6.046064376831055,2.103889226913452,1.8245272636413574,1744175684454,-0.32421648502349854,-0.15546508133411407,-1.86512291431427,1744175684393,-45.11250305175781,-33.91875076293945,16.387500762939453,1000.9612426757812,49.06763423297637,70.81329674766549,73.20770548270191,19.186703252334524,-15.908001468715009,-64.21295980021986,24.730857014181932,1.8994655053923382,295.7870401997801,0.3055377619512978
1744175685160,1744175684412,6.046064376831055,2.103889226913452,1.8245272636413574,1744175684454,-0.32421648502349854,-0.15546508133411407,-1.86512291431427,1744175684393,-45.11250305175781,-33.91875076293945,16.387500762939453,1000.9724731445312,49.06763423297637,70.81329674766549,73.20770548270191,19.186703252334524,-15.908001468715009,-64.21295980021986,24.730857014181932,1.8994655053923382,295.7870401997801,0.21089211008391562
1744175685192,1744175684412,6.046064376831055,2.103889226913452,1.8245272636413574,1744175684454,-0.32421648502349854,-0.15546508133411407,-1.86512291431427,1744175684493,-46.01250076293945,-26.193750381469727,15.693750381469727,1000.9724731445312,49.06763423297637,70.81329674766549,73.20770548270191,19.186703252334524,-15.908001468715009,-59.07244526805999,24.730857014181932,1.8994655053923382,300.92755473194,0.21089211008391562
1744175685243,1744175684542,8.718249320983887,-0.1417747437953949,1.43389892578125,1744175684454,-0.32421648502349854,-0.15546508133411407,-1.86512291431427,1744175684493,-46.01250076293945,-26.193750381469727,15.693750381469727,1000.9724731445312,-5.64668686145633,90.93165247196386,80.66012522316204,-0.9316524719638509,-9.338661822175977,-59.07244526805999,9.384608728847729,1.8994655053923382,300.92755473194,0.21089211008391562
1744175685258,1744175684542,8.718249320983887,-0.1417747437953949,1.43389892578125,1744175684558,-0.13942988216876984,-0.13683371245861053,-2.708268880844116,1744175684493,-46.01250076293945,-26.193750381469727,15.693750381469727,1000.9724731445312,-5.64668686145633,90.93165247196386,80.66012522316204,-0.9316524719638509,-9.338661822175977,-59.07244526805999,9.384608728847729,2.7153055975074785,300.92755473194,0.21089211008391562
1744175685277,1744175684542,8.718249320983887,-0.1417747437953949,1.43389892578125,1744175684558,-0.13942988216876984,-0.13683371245861053,-2.708268880844116,1744175684593,-51.76875305175781,-13.762500762939453,16.856250762939453,1000.9724731445312,-5.64668686145633,90.93165247196386,80.66012522316204,-0.9316524719638509,-9.338661822175977,-39.23035725982865,9.384608728847729,2.7153055975074785,320.7696427401713,0.21089211008391562
1744175685289,1744175684542,8.718249320983887,-0.1417747437953949,1.43389892578125,1744175684558,-0.13942988216876984,-0.13683371245861053,-2.708268880844116,1744175684593,-51.76875305175781,-13.762500762939453,16.856250762939453,1000.9962158203125,-5.64668686145633,90.93165247196386,80.66012522316204,-0.9316524719638509,-9.338661822175977,-39.23035725982865,9.384608728847729,2.7153055975074785,320.7696427401713,0.010801687279023975
1744175685357,1744175684542,8.718249320983887,-0.1417747437953949,1.43389892578125,1744175684662,-0.016187917441129684,-0.44638943672180176,-2.8255550861358643,1744175684593,-51.76875305175781,-13.762500762939453,16.856250762939453,1000.9962158203125,-5.64668686145633,90.93165247196386,80.66012522316204,-0.9316524719638509,-9.338661822175977,-39.23035725982865,9.384608728847729,2.8606445292409437,320.7696427401713,0.010801687279023975
1744175685360,1744175684693,15.068202018737793,-1.8999011516571045,2.475973129272461,1744175684662,-0.016187917441129684,-0.44638943672180176,-2.8255550861358643,1744175684593,-51.76875305175781,-13.762500762939453,16.856250762939453,1000.9962158203125,-37.50029345495628,97.18631836005768,80.66867280825603,-7.18631836005768,-9.259300370509504,-39.23035725982865,11.70158043984434,2.8606445292409437,320.7696427401713,0.010801687279023975
1744175685438,1744175684693,15.068202018737793,-1.8999011516571045,2.475973129272461,1744175684766,-0.34788748621940613,0.20693044364452362,-1.5951206684112549,1744175684593,-51.76875305175781,-13.762500762939453,16.856250762939453,1000.9962158203125,-37.50029345495628,97.18631836005768,80.66867280825603,-7.18631836005768,-9.259300370509504,-39.23035725982865,11.70158043984434,1.6456779327583344,320.7696427401713,0.010801687279023975
1744175685465,1744175684693,15.068202018737793,-1.8999011516571045,2.475973129272461,1744175684766,-0.34788748621940613,0.20693044364452362,-1.5951206684112549,1744175684593,-51.76875305175781,-13.762500762939453,16.856250762939453,1001.0411987304688,-37.50029345495628,97.18631836005768,80.66867280825603,-7.18631836005768,-9.259300370509504,-39.23035725982865,11.70158043984434,1.6456779327583344,320.7696427401713,-0.3682793993830624
1744175685477,1744175684693,15.068202018737793,-1.8999011516571045,2.475973129272461,1744175684766,-0.34788748621940613,0.20693044364452362,-1.5951206684112549,1744175684793,-53.08125305175781,11.831250190734863,18.76875114440918,1001.0411987304688,-37.50029345495628,97.18631836005768,80.66867280825603,-7.18631836005768,-9.259300370509504,32.22608493631851,11.70158043984434,1.6456779327583344,32.2260849363185,-0.3682793993830624
1744175685477,1744175684802,16.590635299682617,-0.7932206988334656,0.1704886108636856,1744175684766,-0.34788748621940613,0.20693044364452362,-1.5951206684112549,1744175684793,-53.08125305175781,11.831250190734863,18.76875114440918,1001.0411987304688,-77.86983697564587,92.73730417607136,89.41123809553572,-2.7373041760713477,-0.5880901703039648,32.22608493631851,2.799718026984839,1.6456779327583344,32.2260849363185,-0.3682793993830624
1744175685559,1744175684802,16.590635299682617,-0.7932206988334656,0.1704886108636856,1744175684870,-0.15271618962287903,0.37232208251953125,-0.3422369956970215,1744175684793,-53.08125305175781,11.831250190734863,18.76875114440918,1001.0411987304688,-77.86983697564587,92.73730417607136,89.41123809553572,-2.7373041760713477,-0.5880901703039648,32.22608493631851,2.799718026984839,0.5282727789015206,32.2260849363185,-0.3682793993830624
1744175685559,1744175684802,16.590635299682617,-0.7932206988334656,0.1704886108636856,1744175684870,-0.15271618962287903,0.37232208251953125,-0.3422369956970215,1744175684893,-52.593753814697266,15.975000381469727,21.075000762939453,1001.0411987304688,-77.86983697564587,92.73730417607136,89.41123809553572,-2.7373041760713477,-0.5880901703039648,37.16238598223103,2.799718026984839,0.5282727789015206,37.16238598223106,-0.3682793993830624
1744175685601,1744175684802,16.590635299682617,-0.7932206988334656,0.1704886108636856,1744175684870,-0.15271618962287903,0.37232208251953125,-0.3422369956970215,1744175684893,-52.593753814697266,15.975000381469727,21.075000762939453,1001.0787353515625,-77.86983697564587,92.73730417607136,89.41123809553572,-2.7373041760713477,-0.5880901703039648,37.16238598223103,2.799718026984839,0.5282727789015206,37.16238598223106,-0.6845983788680221
1744175685635,1744175684932,13.570295333862305,-0.9888339638710022,-0.1543370634317398,1744175684870,-0.15271618962287903,0.37232208251953125,-0.3422369956970215,1744175684893,-52.593753814697266,15.975000381469727,21.075000762939453,1001.0787353515625,-98.8711427417488,94.16763633908823,90.65160565031069,-4.167636339088229,0.6498827489282658,37.16238598223103,4.2179135954223375,0.5282727789015206,37.16238598223106,-0.6845983788680221
1744175685647,1744175684932,13.570295333862305,-0.9888339638710022,-0.1543370634317398,1744175684973,-0.002290742937475443,0.5074759125709534,-0.04474584385752678,1744175684893,-52.593753814697266,15.975000381469727,21.075000762939453,1001.0787353515625,-98.8711427417488,94.16763633908823,90.65160565031069,-4.167636339088229,0.6498827489282658,37.16238598223103,4.2179135954223375,0.5094499385469092,37.16238598223106,-0.6845983788680221
1744175685709,1744175684932,13.570295333862305,-0.9888339638710022,-0.1543370634317398,1744175684973,-0.002290742937475443,0.5074759125709534,-0.04474584385752678,1744175684993,-50.493751525878906,15.71250057220459,22.481250762939453,1001.0787353515625,-98.8711427417488,94.16763633908823,90.65160565031069,-4.167636339088229,0.6498827489282658,34.950306275479676,4.2179135954223375,0.5094499385469092,34.95030627547965,-0.6845983788680221
1744175685752,1744175684932,13.570295333862305,-0.9888339638710022,-0.1543370634317398,1744175685078,-0.1153007298707962,0.40485063195228577,0.17226386070251465,1744175684993,-50.493751525878906,15.71250057220459,22.481250762939453,1001.0787353515625,-98.8711427417488,94.16763633908823,90.65160565031069,-4.167636339088229,0.6498827489282658,34.950306275479676,4.2179135954223375,0.45483307949734575,34.95030627547965,-0.6845983788680221
1744175685764,1744175685061,11.093125343322754,-1.4021940231323242,0.0526420995593071,1744175685078,-0.1153007298707962,0.40485063195228577,0.17226386070251465,1744175684993,-50.493751525878906,15.71250057220459,22.481250762939453,1001.0787353515625,-87.84997352133796,97.20409954413996,89.72810660697118,-7.204099544139959,-0.2697470253186183,34.950306275479676,7.2091212950304575,0.45483307949734575,34.95030627547965,-0.6845983788680221
1744175685822,1744175685061,11.093125343322754,-1.4021940231323242,0.0526420995593071,1744175685078,-0.1153007298707962,0.40485063195228577,0.17226386070251465,1744175684993,-50.493751525878906,15.71250057220459,22.481250762939453,1001.0774536132812,-87.84997352133796,97.20409954413996,89.72810660697118,-7.204099544139959,-0.2697470253186183,34.950306275479676,7.2091212950304575,0.45483307949734575,34.95030627547965,-0.6737974013503911
1744175685854,1744175685061,11.093125343322754,-1.4021940231323242,0.0526420995593071,1744175685182,0.025503603741526604,0.2507599890232086,0.36453354358673096,1744175684993,-50.493751525878906,15.71250057220459,22.481250762939453,1001.0774536132812,-87.84997352133796,97.20409954413996,89.72810660697118,-7.204099544139959,-0.2697470253186183,34.950306275479676,7.2091212950304575,0.44318812066505525,34.95030627547965,-0.6737974013503911
1744175685878,1744175685061,11.093125343322754,-1.4021940231323242,0.0526420995593071,1744175685182,0.025503603741526604,0.2507599890232086,0.36453354358673096,1744175685193,-49.66875076293945,14.175000190734863,25.837501525878906,1001.0774536132812,-87.84997352133796,97.20409954413996,89.72810660697118,-7.204099544139959,-0.2697470253186183,28.75010474935696,7.2091212950304575,0.44318812066505525,28.75010474935698,-0.6737974013503911
1744175685919,1744175685191,9.404989242553711,-1.4919248819351196,0.3236292600631714,1744175685182,0.025503603741526604,0.2507599890232086,0.36453354358673096,1744175685193,-49.66875076293945,14.175000190734863,25.837501525878906,1001.0774536132812,-77.76098041403259,99.01379267897813,88.02920802524007,-9.013792678978135,-1.9464728210955156,28.75010474935696,9.219864638788096,0.44318812066505525,28.75010474935698,-0.6737974013503911
1744175685924,1744175685191,9.404989242553711,-1.4919248819351196,0.3236292600631714,1744175685182,0.025503603741526604,0.2507599890232086,0.36453354358673096,1744175685193,-49.66875076293945,14.175000190734863,25.837501525878906,1001.0650024414062,-77.76098041403259,99.01379267897813,88.02920802524007,-9.013792678978135,-1.9464728210955156,28.75010474935696,9.219864638788096,0.44318812066505525,28.75010474935698,-0.568873037030897
1744175685970,1744175685191,9.404989242553711,-1.4919248819351196,0.3236292600631714,1744175685286,-0.05711585655808449,0.16279546916484833,0.2675587832927704,1744175685193,-49.66875076293945,14.175000190734863,25.837501525878906,1001.0650024414062,-77.76098041403259,99.01379267897813,88.02920802524007,-9.013792678978135,-1.9464728210955156,28.75010474935696,9.219864638788096,0.3183587416234623,28.75010474935698,-0.568873037030897
1744175685977,1744175685191,9.404989242553711,-1.4919248819351196,0.3236292600631714,1744175685286,-0.05711585655808449,0.16279546916484833,0.2675587832927704,1744175685293,-50.19375228881836,12.918750762939453,26.531251907348633,1001.0650024414062,-77.76098041403259,99.01379267897813,88.02920802524007,-9.013792678978135,-1.9464728210955156,25.96264516837628,9.219864638788096,0.3183587416234623,25.962645168376298,-0.568873037030897
1744175686012,1744175685343,9.234500885009766,-1.6785650253295898,-0.17587246000766754,1744175685286,-0.05711585655808449,0.16279546916484833,0.2675587832927704,1744175685293,-50.19375228881836,12.918750762939453,26.531251907348633,1001.0650024414062,-95.98136901096363,100.30223302739871,91.09107484452807,-10.302233027398707,1.073488760680107,25.96264516837628,10.35740977267534,0.3183587416234623,25.962645168376298,-0.568873037030897
1744175686064,1744175685343,9.234500885009766,-1.6785650253295898,-0.17587246000766754,1744175685390,0.03237583488225937,0.046425722539424896,0.18860450387001038,1744175685293,-50.19375228881836,12.918750762939453,26.531251907348633,1001.0650024414062,-95.98136901096363,100.30223302739871,91.09107484452807,-10.302233027398707,1.073488760680107,25.96264516837628,10.35740977267534,0.19691419775547864,25.962645168376298,-0.568873037030897
1744175686072,1744175685343,9.234500885009766,-1.6785650253295898,-0.17587246000766754,1744175685390,0.03237583488225937,0.046425722539424896,0.18860450387001038,1744175685394,-47.25,12.15000057220459,25.537500381469727,1001.0650024414062,-95.98136901096363,100.30223302739871,91.09107484452807,-10.302233027398707,1.073488760680107,25.443747426310633,10.35740977267534,0.19691419775547864,25.44374742631061,-0.568873037030897
1744175686133,1744175685343,9.234500885009766,-1.6785650253295898,-0.17587246000766754,1744175685390,0.03237583488225937,0.046425722539424896,0.18860450387001038,1744175685394,-47.25,12.15000057220459,25.537500381469727,1001.0587158203125,-95.98136901096363,100.30223302739871,91.09107484452807,-10.302233027398707,1.073488760680107,25.443747426310633,10.35740977267534,0.19691419775547864,25.44374742631061,-0.515896118297432
1744175686158,1744175685495,9.729216575622559,-1.6079767942428589,-0.32542386651039124,1744175685390,0.03237583488225937,0.046425722539424896,0.18860450387001038,1744175685394,-47.25,12.15000057220459,25.537500381469727,1001.0587158203125,-101.44104357729888,99.38461151940326,91.91572109397049,-9.38461151940326,1.8900997912201152,25.443747426310633,9.571384622795344,0.19691419775547864,25.44374742631061,-0.515896118297432
1744175686170,1744175685495,9.729216575622559,-1.6079767942428589,-0.32542386651039124,1744175685494,0.06246092543005943,-0.0308486707508564,0.014966187067329884,1744175685394,-47.25,12.15000057220459,25.537500381469727,1001.0587158203125,-101.44104357729888,99.38461151940326,91.91572109397049,-9.38461151940326,1.8900997912201152,25.443747426310633,9.571384622795344,0.07125303114961848,25.44374742631061,-0.515896118297432
1744175686170,1744175685495,9.729216575622559,-1.6079767942428589,-0.32542386651039124,1744175685494,0.06246092543005943,-0.0308486707508564,0.014966187067329884,1744175685493,-46.61250305175781,10.256250381469727,24.30000114440918,1001.0587158203125,-101.44104357729888,99.38461151940326,91.91572109397049,-9.38461151940326,1.8900997912201152,22.883046875822753,9.571384622795344,0.07125303114961848,22.883046875822743,-0.515896118297432
1744175686242,1744175685495,9.729216575622559,-1.6079767942428589,-0.32542386651039124,1744175685494,0.06246092543005943,-0.0308486707508564,0.014966187067329884,1744175685493,-46.61250305175781,10.256250381469727,24.30000114440918,1001.0537109375,-101.44104357729888,99.38461151940326,91.91572109397049,-9.38461151940326,1.8900997912201152,22.883046875822753,9.571384622795344,0.07125303114961848,22.883046875822743,-0.473720126320023
1744175686263,1744175685495,9.729216575622559,-1.6079767942428589,-0.32542386651039124,1744175685494,0.06246092543005943,-0.0308486707508564,0.014966187067329884,1744175685593,-47.98125076293945,9.956250190734863,24.656251907348633,1001.0537109375,-101.44104357729888,99.38461151940326,91.91572109397049,-9.38461151940326,1.8900997912201152,21.988967497294055,9.571384622795344,0.07125303114961848,21.988967497294084,-0.473720126320023
1744175686274,1744175685495,9.729216575622559,-1.6079767942428589,-0.32542386651039124,1744175685598,0.11606431007385254,-0.012217295356094837,0.10598503798246384,1744175685593,-47.98125076293945,9.956250190734863,24.656251907348633,1001.0537109375,-101.44104357729888,99.38461151940326,91.91572109397049,-9.38461151940326,1.8900997912201152,21.988967497294055,9.571384622795344,0.15764838931902142,21.988967497294084,-0.473720126320023
1744175686324,1744175685604,8.964710235595703,-1.3603196144104004,-0.4630111753940582,1744175685598,0.11606431007385254,-0.012217295356094837,0.10598503798246384,1744175685593,-47.98125076293945,9.956250190734863,24.656251907348633,1001.0537109375,-108.79700316162999,98.62833200377946,92.95659698334025,-8.628332003779445,2.923193523564104,21.988967497294055,9.106506959378228,0.15764838931902142,21.988967497294084,-0.473720126320023
1744175686404,1744175685604,8.964710235595703,-1.3603196144104004,-0.4630111753940582,1744175685702,0.11759147047996521,-0.07605266571044922,-0.07254019379615784,1744175685593,-47.98125076293945,9.956250190734863,24.656251907348633,1001.0537109375,-108.79700316162999,98.62833200377946,92.95659698334025,-8.628332003779445,2.923193523564104,21.988967497294055,9.106506959378228,0.15771443056134718,21.988967497294084,-0.473720126320023
1744175686421,1744175685604,8.964710235595703,-1.3603196144104004,-0.4630111753940582,1744175685702,0.11759147047996521,-0.07605266571044922,-0.07254019379615784,1744175685593,-47.98125076293945,9.956250190734863,24.656251907348633,1001.0549926757812,-108.79700316162999,98.62833200377946,92.95659698334025,-8.628332003779445,2.923193523564104,21.988967497294055,9.106506959378228,0.15771443056134718,21.988967497294084,-0.48452131125435116
1744175686429,1744175685733,10.16590690612793,-1.1545369625091553,-0.26500511169433594,1744175685702,0.11759147047996521,-0.07605266571044922,-0.07254019379615784,1744175685593,-47.98125076293945,9.956250190734863,24.656251907348633,1001.0549926757812,-102.92738585802772,96.47929148991078,91.49324961136242,-6.479291489910777,1.4837160641842828,21.988967497294055,6.646295140603385,0.15771443056134718,21.988967497294084,-0.48452131125435116
1744175686475,1744175685733,10.16590690612793,-1.1545369625091553,-0.26500511169433594,1744175685702,0.11759147047996521,-0.07605266571044922,-0.07254019379615784,1744175685793,-47.212501525878906,9.84375,23.8125,1001.0549926757812,-102.92738585802772,96.47929148991078,91.49324961136242,-6.479291489910777,1.4837160641842828,22.459507741456342,6.646295140603385,0.15771443056134718,22.45950774145632,-0.48452131125435116
1744175686480,1744175685733,10.16590690612793,-1.1545369625091553,-0.26500511169433594,1744175685806,0.0616973415017128,-0.0925460159778595,0.03298669680953026,1744175685793,-47.212501525878906,9.84375,23.8125,1001.0549926757812,-102.92738585802772,96.47929148991078,91.49324961136242,-6.479291489910777,1.4837160641842828,22.459507741456342,6.646295140603385,0.11601486623772435,22.45950774145632,-0.48452131125435116
1744175686565,1744175685863,10.024730682373047,-1.0971091985702515,-0.4007977843284607,1744175685806,0.0616973415017128,-0.0925460159778595,0.03298669680953026,1744175685793,-47.212501525878906,9.84375,23.8125,1001.0549926757812,-110.06834498357402,96.24560961621864,92.28951760828488,-6.245609616218642,2.2759429154616875,22.459507741456342,6.645827306290562,0.11601486623772435,22.45950774145632,-0.48452131125435116
1744175686582,1744175685863,10.024730682373047,-1.0971091985702515,-0.4007977843284607,1744175685806,0.0616973415017128,-0.0925460159778595,0.03298669680953026,1744175685893,-47.118751525878906,8.625,23.137500762939453,1001.0549926757812,-110.06834498357402,96.24560961621864,92.28951760828488,-6.245609616218642,2.2759429154616875,20.44401957963736,6.645827306290562,0.11601486623772435,20.44401957963737,-0.48452131125435116
1744175686589,1744175685863,10.024730682373047,-1.0971091985702515,-0.4007977843284607,1744175685806,0.0616973415017128,-0.0925460159778595,0.03298669680953026,1744175685893,-47.118751525878906,8.625,23.137500762939453,1001.0599975585938,-110.06834498357402,96.24560961621864,92.28951760828488,-6.245609616218642,2.2759429154616875,20.44401957963736,6.645827306290562,0.11601486623772435,20.44401957963737,-0.5266972595080999
1744175686589,1744175685863,10.024730682373047,-1.0971091985702515,-0.4007977843284607,1744175685910,0.08857539296150208,-0.041844237595796585,0.04367683082818985,1744175685893,-47.118751525878906,8.625,23.137500762939453,1001.0599975585938,-110.06834498357402,96.24560961621864,92.28951760828488,-6.245609616218642,2.2759429154616875,20.44401957963736,6.645827306290562,0.10725766177505597,20.44401957963737,-0.5266972595080999
1744175686684,1744175685863,10.024730682373047,-1.0971091985702515,-0.4007977843284607,1744175686014,0.05085449293255806,0.0642935186624527,0.04627300798892975,1744175685893,-47.118751525878906,8.625,23.137500762939453,1001.0599975585938,-110.06834498357402,96.24560961621864,92.28951760828488,-6.245609616218642,2.2759429154616875,20.44401957963736,6.645827306290562,0.09413302960050902,20.44401957963737,-0.5266972595080999
1744175686729,1744175685994,9.667003631591797,-1.0271191596984863,-0.02392822690308094,1744175686014,0.05085449293255806,0.0642935186624527,0.04627300798892975,1744175685893,-47.118751525878906,8.625,23.137500762939453,1001.0599975585938,-91.33454668619446,96.06492258517984,90.14182094732695,-6.064922585179846,0.14102715237665203,20.44401957963736,6.06655588314707,0.09413302960050902,20.44401957963737,-0.5266972595080999
1744175686735,1744175685994,9.667003631591797,-1.0271191596984863,-0.02392822690308094,1744175686014,0.05085449293255806,0.0642935186624527,0.04627300798892975,1744175685893,-47.118751525878906,8.625,23.137500762939453,1001.063720703125,-91.33454668619446,96.06492258517984,90.14182094732695,-6.064922585179846,0.14102715237665203,20.44401957963736,6.06655588314707,0.09413302960050902,20.44401957963737,-0.5580719395438893
1744175686762,1744175685994,9.667003631591797,-1.0271191596984863,-0.02392822690308094,1744175686014,0.05085449293255806,0.0642935186624527,0.04627300798892975,1744175686093,-47.51250076293945,9.05625057220459,24.600000381469727,1001.063720703125,-91.33454668619446,96.06492258517984,90.14182094732695,-6.064922585179846,0.14102715237665203,20.210692721723188,6.06655588314707,0.09413302960050902,20.210692721723206,-0.5580719395438893
1744175686814,1744175685994,9.667003631591797,-1.0271191596984863,-0.02392822690308094,1744175686118,0.04230238497257233,0.1360701322555542,0.0896444097161293,1744175686093,-47.51250076293945,9.05625057220459,24.600000381469727,1001.063720703125,-91.33454668619446,96.06492258517984,90.14182094732695,-6.064922585179846,0.14102715237665203,20.210692721723188,6.06655588314707,0.16834694193766925,20.210692721723206,-0.5580719395438893
1744175686818,1744175686123,10.569695472717285,-1.2317054271697998,-0.16929219663143158,1744175686118,0.04230238497257233,0.1360701322555542,0.0896444097161293,1744175686093,-47.51250076293945,9.05625057220459,24.600000381469727,1001.063720703125,-97.8260039720475,96.64680026927773,90.91761385934157,-6.646800269277726,0.9114472089365042,20.210692721723188,6.708722661324761,0.16834694193766925,20.210692721723206,-0.5580719395438893
1744175686875,1744175686123,10.569695472717285,-1.2317054271697998,-0.16929219663143158,1744175686118,0.04230238497257233,0.1360701322555542,0.0896444097161293,1744175686194,-47.70000076293945,8.100000381469727,24.618751525878906,1001.063720703125,-97.8260039720475,96.64680026927773,90.91761385934157,-6.646800269277726,0.9114472089365042,18.212110926031034,6.708722661324761,0.16834694193766925,18.212110926031016,-0.5580719395438893
1744175686899,1744175686123,10.569695472717285,-1.2317054271697998,-0.16929219663143158,1744175686118,0.04230238497257233,0.1360701322555542,0.0896444097161293,1744175686194,-47.70000076293945,8.100000381469727,24.618751525878906,1001.063720703125,-97.8260039720475,96.64680026927773,90.91761385934157,-6.646800269277726,0.9114472089365042,18.212110926031034,6.708722661324761,0.16834694193766925,18.212110926031016,-0.5580719395438893
1744175686906,1744175686123,10.569695472717285,-1.2317054271697998,-0.16929219663143158,1744175686222,0.13713914155960083,0.07055488228797913,0.10873392969369888,1744175686194,-47.70000076293945,8.100000381469727,24.618751525878906,1001.063720703125,-97.8260039720475,96.64680026927773,90.91761385934157,-6.646800269277726,0.9114472089365042,18.212110926031034,6.708722661324761,0.18870135937244617,18.212110926031016,-0.5580719395438893
1744175686984,1744175686296,9.81356430053711,-1.0013962984085083,-0.07657032459974289,1744175686222,0.13713914155960083,0.07055488228797913,0.10873392969369888,1744175686194,-47.70000076293945,8.100000381469727,24.618751525878906,1001.063720703125,-94.37253085293325,95.82641244407534,90.4470411846157,-5.826412444075339,0.44473187080119647,18.212110926031034,5.843302676632587,0.18870135937244617,18.212110926031016,-0.5580719395438893
1744175686985,1744175686296,9.81356430053711,-1.0013962984085083,-0.07657032459974289,1744175686222,0.13713914155960083,0.07055488228797913,0.10873392969369888,1744175686293,-46.72500228881836,7.725000381469727,24.48750114440918,1001.063720703125,-94.37253085293325,95.82641244407534,90.4470411846157,-5.826412444075339,0.44473187080119647,17.508769831036,5.843302676632587,0.18870135937244617,17.508769831035977,-0.5580719395438893
1744175687001,1744175686296,9.81356430053711,-1.0013962984085083,-0.07657032459974289,1744175686326,0.02871064469218254,-0.04535670951008797,-0.07452550530433655,1744175686293,-46.72500228881836,7.725000381469727,24.48750114440918,1001.063720703125,-94.37253085293325,95.82641244407534,90.4470411846157,-5.826412444075339,0.44473187080119647,17.508769831036,5.843302676632587,0.09184543079048597,17.508769831035977,-0.5580719395438893
1744175687055,1744175686296,9.81356430053711,-1.0013962984085083,-0.07657032459974289,1744175686326,0.02871064469218254,-0.04535670951008797,-0.07452550530433655,1744175686293,-46.72500228881836,7.725000381469727,24.48750114440918,1001.0650024414062,-94.37253085293325,95.82641244407534,90.4470411846157,-5.826412444075339,0.44473187080119647,17.508769831036,5.843302676632587,0.09184543079048597,17.508769831035977,-0.568873037030897
1744175687096,1744175686296,9.81356430053711,-1.0013962984085083,-0.07657032459974289,1744175686326,0.02871064469218254,-0.04535670951008797,-0.07452550530433655,1744175686393,-46.33125305175781,7.650000095367432,23.981250762939453,1001.0650024414062,-94.37253085293325,95.82641244407534,90.4470411846157,-5.826412444075339,0.44473187080119647,17.692641892350828,5.843302676632587,0.09184543079048597,17.69264189235082,-0.568873037030897
1744175687104,1744175686405,9.56351375579834,-0.8422735929489136,-0.5389832854270935,1744175686326,0.02871064469218254,-0.04535670951008797,-0.07452550530433655,1744175686393,-46.33125305175781,7.650000095367432,23.981250762939453,1001.0650024414062,-122.61577730030017,95.0331422386701,93.22567987198896,-5.0331422386700915,3.213268141256548,17.692641892350828,5.969173734059277,0.09184543079048597,17.69264189235082,-0.568873037030897
1744175687104,1744175686405,9.56351375579834,-0.8422735929489136,-0.5389832854270935,1744175686429,0.032070402055978775,0.01740964688360691,-0.02412915788590908,1744175686393,-46.33125305175781,7.650000095367432,23.981250762939453,1001.0650024414062,-122.61577730030017,95.0331422386701,93.22567987198896,-5.0331422386700915,3.213268141256548,17.692641892350828,5.969173734059277,0.0437472599476486,17.69264189235082,-0.568873037030897
1744175687181,1744175686405,9.56351375579834,-0.8422735929489136,-0.5389832854270935,1744175686429,0.032070402055978775,0.01740964688360691,-0.02412915788590908,1744175686493,-46.931251525878906,7.837500095367432,24.48750114440918,1001.0650024414062,-122.61577730030017,95.0331422386701,93.22567987198896,-5.0331422386700915,3.213268141256548,17.747854679538293,5.969173734059277,0.0437472599476486,17.747854679538307,-0.568873037030897
1744175687212,1744175686405,9.56351375579834,-0.8422735929489136,-0.5389832854270935,1744175686533,0.049480047076940536,0.007788525894284248,0.0769689604640007,1744175686493,-46.931251525878906,7.837500095367432,24.48750114440918,1001.0650024414062,-122.61577730030017,95.0331422386701,93.22567987198896,-5.0331422386700915,3.213268141256548,17.747854679538293,5.969173734059277,0.0918322223908966,17.747854679538307,-0.568873037030897
1744175687241,1744175686405,9.56351375579834,-0.8422735929489136,-0.5389832854270935,1744175686533,0.049480047076940536,0.007788525894284248,0.0769689604640007,1744175686493,-46.931251525878906,7.837500095367432,24.48750114440918,1001.0662231445312,-122.61577730030017,95.0331422386701,93.22567987198896,-5.0331422386700915,3.213268141256548,17.747854679538293,5.969173734059277,0.0918322223908966,17.747854679538307,-0.5791597861319375
1744175687241,1744175686535,9.795019149780273,-0.8291130661964417,-0.2997010350227356,1744175686533,0.049480047076940536,0.007788525894284248,0.0769689604640007,1744175686493,-46.931251525878906,7.837500095367432,24.48750114440918,1001.0662231445312,-109.87349682574421,94.83834761059676,91.75254877161251,-4.838347610596739,1.7463076676441693,17.747854679538293,5.143145469833144,0.0918322223908966,17.747854679538307,-0.5791597861319375
1744175687299,1744175686535,9.795019149780273,-0.8291130661964417,-0.2997010350227356,1744175686533,0.049480047076940536,0.007788525894284248,0.0769689604640007,1744175686593,-46.875,7.218750476837158,24.431251525878906,1001.0662231445312,-109.87349682574421,94.83834761059676,91.75254877161251,-4.838347610596739,1.7463076676441693,16.460933997643604,5.143145469833144,0.0918322223908966,16.46093399764362,-0.5791597861319375
1744175687303,1744175686535,9.795019149780273,-0.8291130661964417,-0.2997010350227356,1744175686637,0.04505127668380737,0.021838415414094925,-0.010384701192378998,1744175686593,-46.875,7.218750476837158,24.431251525878906,1001.0662231445312,-109.87349682574421,94.83834761059676,91.75254877161251,-4.838347610596739,1.7463076676441693,16.460933997643604,5.143145469833144,0.051130968477963945,16.46093399764362,-0.5791597861319375
1744175687350,1744175686665,9.768698692321777,-0.9810572862625122,-0.45164528489112854,1744175686637,0.04505127668380737,0.021838415414094925,-0.010384701192378998,1744175686593,-46.875,7.218750476837158,24.431251525878906,1001.0662231445312,-114.71972927995874,95.73490914684366,92.6471237171119,-5.734909146843648,2.6338932283395495,16.460933997643604,6.3089927892761635,0.051130968477963945,16.46093399764362,-0.5791597861319375
1744175687364,1744175686665,9.768698692321777,-0.9810572862625122,-0.45164528489112854,1744175686637,0.04505127668380737,0.021838415414094925,-0.010384701192378998,1744175686693,-47.36250305175781,7.275000095367432,24.993751525878906,1001.0662231445312,-114.71972927995874,95.73490914684366,92.6471237171119,-5.734909146843648,2.6338932283395495,16.228838876667872,6.3089927892761635,0.051130968477963945,16.22883887666785,-0.5791597861319375
1744175687369,1744175686665,9.768698692321777,-0.9810572862625122,-0.45164528489112854,1744175686637,0.04505127668380737,0.021838415414094925,-0.010384701192378998,1744175686693,-47.36250305175781,7.275000095367432,24.993751525878906,1001.0687255859375,-114.71972927995874,95.73490914684366,92.6471237171119,-5.734909146843648,2.6338932283395495,16.228838876667872,6.3089927892761635,0.051130968477963945,16.22883887666785,-0.6002475900495519
1744175687430,1744175686665,9.768698692321777,-0.9810572862625122,-0.45164528489112854,1744175686742,0.04520399495959282,0.010079269297420979,-0.009315688163042068,1744175686693,-47.36250305175781,7.275000095367432,24.993751525878906,1001.0687255859375,-114.71972927995874,95.73490914684366,92.6471237171119,-5.734909146843648,2.6338932283395495,16.228838876667872,6.3089927892761635,0.04724166461745255,16.22883887666785,-0.6002475900495519
1744175687479,1744175686665,9.768698692321777,-0.9810572862625122,-0.45164528489112854,1744175686742,0.04520399495959282,0.010079269297420979,-0.009315688163042068,1744175686793,-46.01250076293945,7.050000190734863,24.656251907348633,1001.0687255859375,-114.71972927995874,95.73490914684366,92.6471237171119,-5.734909146843648,2.6338932283395495,15.956903782021604,6.3089927892761635,0.04724166461745255,15.956903782021584,-0.6002475900495519
1744175687508,1744175686795,9.934999465942383,-1.0145567655563354,-0.4582255482673645,1744175686742,0.04520399495959282,0.010079269297420979,-0.009315688163042068,1744175686793,-46.01250076293945,7.050000190734863,24.656251907348633,1001.0687255859375,-114.30636087130111,95.830801425106,92.64074467831443,-5.83080142510599,2.6271012861903436,15.956903782021604,6.393438905623497,0.04724166461745255,15.956903782021584,-0.6002475900495519
1744175687524,1744175686795,9.934999465942383,-1.0145567655563354,-0.4582255482673645,1744175686846,0.07070759683847427,0.003512472379952669,0.05787943676114082,1744175686793,-46.01250076293945,7.050000190734863,24.656251907348633,1001.0687255859375,-114.30636087130111,95.830801425106,92.64074467831443,-5.83080142510599,2.6271012861903436,15.956903782021604,6.393438905623497,0.0914435941587985,15.956903782021584,-0.6002475900495519
1744175687544,1744175686795,9.934999465942383,-1.0145567655563354,-0.4582255482673645,1744175686846,0.07070759683847427,0.003512472379952669,0.05787943676114082,1744175686793,-46.01250076293945,7.050000190734863,24.656251907348633,1001.0712280273438,-114.30636087130111,95.830801425106,92.64074467831443,-5.83080142510599,2.6271012861903436,15.956903782021604,6.393438905623497,0.0914435941587985,15.956903782021584,-0.6213353512770459
1744175687626,1744175686925,10.676774978637695,-0.9188438653945923,-0.4899304509162903,1744175686846,0.07070759683847427,0.003512472379952669,0.05787943676114082,1744175686793,-46.01250076293945,7.050000190734863,24.656251907348633,1001.0712280273438,-118.06667984220147,94.91875863087611,92.62731670940137,-4.918758630876105,2.6176545135792026,15.956903782021604,5.570409115076357,0.0914435941587985,15.956903782021584,-0.6213353512770459
1744175687644,1744175686925,10.676774978637695,-0.9188438653945923,-0.4899304509162903,1744175686950,0.15256348252296448,-0.04627300798892975,0.337350070476532,1744175686793,-46.01250076293945,7.050000190734863,24.656251907348633,1001.0712280273438,-118.06667984220147,94.91875863087611,92.62731670940137,-4.918758630876105,2.6176545135792026,15.956903782021604,5.570409115076357,0.37312447992379105,15.956903782021584,-0.6213353512770459
1744175687657,1744175686925,10.676774978637695,-0.9188438653945923,-0.4899304509162903,1744175686950,0.15256348252296448,-0.04627300798892975,0.337350070476532,1744175686993,-47.28750228881836,5.400000095367432,25.14375114440918,1001.0712280273438,-118.06667984220147,94.91875863087611,92.62731670940137,-4.918758630876105,2.6176545135792026,12.12101512495018,5.570409115076357,0.37312447992379105,12.12101512495019,-0.6213353512770459
1744175687727,1744175686925,10.676774978637695,-0.9188438653945923,-0.4899304509162903,1744175686950,0.15256348252296448,-0.04627300798892975,0.337350070476532,1744175686993,-47.28750228881836,5.400000095367432,25.14375114440918,1001.07373046875,-118.06667984220147,94.91875863087611,92.62731670940137,-4.918758630876105,2.6176545135792026,12.12101512495018,5.570409115076357,0.37312447992379105,12.12101512495019,-0.6424230698242628
1744175687731,1744175686925,10.676774978637695,-0.9188438653945923,-0.4899304509162903,1744175687054,0.07284562289714813,-0.017715077847242355,-0.14752385020256042,1744175686993,-47.28750228881836,5.400000095367432,25.14375114440918,1001.07373046875,-118.06667984220147,94.91875863087611,92.62731670940137,-4.918758630876105,2.6176545135792026,12.12101512495018,5.570409115076357,0.1654798934523311,12.12101512495019,-0.6424230698242628
1744175687762,1744175686925,10.676774978637695,-0.9188438653945923,-0.4899304509162903,1744175687054,0.07284562289714813,-0.017715077847242355,-0.14752385020256042,1744175687093,-49.031253814697266,5.306250095367432,25.350000381469727,1001.07373046875,-118.06667984220147,94.91875863087611,92.62731670940137,-4.918758630876105,2.6176545135792026,11.822432555932608,5.570409115076357,0.1654798934523311,11.822432555932608,-0.6424230698242628
1744175687832,1744175687098,10.214361190795898,-0.7573283910751343,-0.1579262912273407,1744175687054,0.07284562289714813,-0.017715077847242355,-0.14752385020256042,1744175687093,-49.031253814697266,5.306250095367432,25.350000381469727,1001.07373046875,-101.77913158650624,94.2403503383268,90.8857909843063,-4.2403503383268015,0.8833666510452245,11.822432555932608,4.331221814168817,0.1654798934523311,11.822432555932608,-0.6424230698242628
1744175687855,1744175687098,10.214361190795898,-0.7573283910751343,-0.1579262912273407,1744175687158,-0.04825831577181816,0.0334448479115963,-0.01588248461484909,1744175687093,-49.031253814697266,5.306250095367432,25.350000381469727,1001.07373046875,-101.77913158650624,94.2403503383268,90.8857909843063,-4.2403503383268015,0.8833666510452245,11.822432555932608,4.331221814168817,0.060824963711483125,11.822432555932608,-0.6424230698242628
1744175687857,1744175687098,10.214361190795898,-0.7573283910751343,-0.1579262912273407,1744175687158,-0.04825831577181816,0.0334448479115963,-0.01588248461484909,1744175687093,-49.031253814697266,5.306250095367432,25.350000381469727,1001.0762329101562,-101.77913158650624,94.2403503383268,90.8857909843063,-4.2403503383268015,0.8833666510452245,11.822432555932608,4.331221814168817,0.060824963711483125,11.822432555932608,-0.6635107456912026
1744175687862,1744175687098,10.214361190795898,-0.7573283910751343,-0.1579262912273407,1744175687158,-0.04825831577181816,0.0334448479115963,-0.01588248461484909,1744175687193,-47.73750305175781,6.093750476837158,25.462501525878906,1001.0762329101562,-101.77913158650624,94.2403503383268,90.8857909843063,-4.2403503383268015,0.8833666510452245,13.459025920990765,4.331221814168817,0.060824963711483125,13.459025920990769,-0.6635107456912026
1744175687929,1744175687250,9.842277526855469,-0.6448656916618347,-0.592223584651947,1744175687158,-0.04825831577181816,0.0334448479115963,-0.01588248461484909,1744175687193,-47.73750305175781,6.093750476837158,25.462501525878906,1001.0762329101562,-132.56335128415176,93.74865950423631,93.44341533841101,-3.748659504236317,3.4360656604375857,13.459025920990765,5.08351649997208,0.060824963711483125,13.459025920990769,-0.6635107456912026
1744175687957,1744175687250,9.842277526855469,-0.6448656916618347,-0.592223584651947,1744175687262,-0.004123337101191282,0.008552107028663158,-0.04214967042207718,1744175687193,-47.73750305175781,6.093750476837158,25.462501525878906,1001.0762329101562,-132.56335128415176,93.74865950423631,93.44341533841101,-3.748659504236317,3.4360656604375857,13.459025920990765,5.08351649997208,0.043205730640384944,13.459025920990769,-0.6635107456912026
1744175687964,1744175687250,9.842277526855469,-0.6448656916618347,-0.592223584651947,1744175687262,-0.004123337101191282,0.008552107028663158,-0.04214967042207718,1744175687293,-48.281253814697266,5.962500095367432,25.312501907348633,1001.0762329101562,-132.56335128415176,93.74865950423631,93.44341533841101,-3.748659504236317,3.4360656604375857,13.254711818649705,5.08351649997208,0.043205730640384944,13.254711818649696,-0.6635107456912026
1744175688037,1744175687250,9.842277526855469,-0.6448656916618347,-0.592223584651947,1744175687262,-0.004123337101191282,0.008552107028663158,-0.04214967042207718,1744175687293,-48.281253814697266,5.962500095367432,25.312501907348633,1001.0700073242188,-132.56335128415176,93.74865950423631,93.44341533841101,-3.748659504236317,3.4360656604375857,13.254711818649705,5.08351649997208,0.043205730640384944,13.254711818649696,-0.6110486438128993
1744175688056,1744175687250,9.842277526855469,-0.6448656916618347,-0.592223584651947,1744175687366,-0.0256563201546669,0.024434590712189674,-0.017715077847242355,1744175687293,-48.281253814697266,5.962500095367432,25.312501907348633,1001.0700073242188,-132.56335128415176,93.74865950423631,93.44341533841101,-3.748659504236317,3.4360656604375857,13.254711818649705,5.08351649997208,0.03961211898251405,13.254711818649696,-0.6110486438128993
1744175688057,1744175687380,9.794421195983887,-0.649053156375885,-0.4055834412574768,1744175687366,-0.0256563201546669,0.024434590712189674,-0.017715077847242355,1744175687293,-48.281253814697266,5.962500095367432,25.312501907348633,1001.0700073242188,-122.00063588418938,93.79131272552493,92.37124276838506,-3.7913127255249166,2.3660592205582387,13.254711818649705,4.468122012207491,0.03961211898251405,13.254711818649696,-0.6110486438128993
1744175688151,1744175687380,9.794421195983887,-0.649053156375885,-0.4055834412574768,1744175687470,-0.025961752980947495,0.02107483521103859,0.0824667438864708,1744175687293,-48.281253814697266,5.962500095367432,25.312501907348633,1001.0700073242188,-122.00063588418938,93.79131272552493,92.37124276838506,-3.7913127255249166,2.3660592205582387,13.254711818649705,4.468122012207491,0.08898834274360286,13.254711818649696,-0.6110486438128993
1744175688169,1744175687380,9.794421195983887,-0.649053156375885,-0.4055834412574768,1744175687470,-0.025961752980947495,0.02107483521103859,0.0824667438864708,1744175687493,-46.78125,5.456250190734863,24.431251525878906,1001.0700073242188,-122.00063588418938,93.79131272552493,92.37124276838506,-3.7913127255249166,2.3660592205582387,12.58931958918106,4.468122012207491,0.08898834274360286,12.58931958918106,-0.6110486438128993
1744175688179,1744175687380,9.794421195983887,-0.649053156375885,-0.4055834412574768,1744175687470,-0.025961752980947495,0.02107483521103859,0.0824667438864708,1744175687493,-46.78125,5.456250190734863,24.431251525878906,1001.0662231445312,-122.00063588418938,93.79131272552493,92.37124276838506,-3.7913127255249166,2.3660592205582387,12.58931958918106,4.468122012207491,0.08898834274360286,12.58931958918106,-0.5791597861319375
1744175688239,1744175687510,10.003194808959961,-0.7130611538887024,-0.40378883481025696,1744175687470,-0.025961752980947495,0.02107483521103859,0.0824667438864708,1744175687493,-46.78125,5.456250190734863,24.431251525878906,1001.0662231445312,-119.52180096538451,94.07733788422536,92.31154576680538,-4.077337884225357,2.305701530234146,12.58931958918106,4.683157655342896,0.08898834274360286,12.58931958918106,-0.5791597861319375
1744175688256,1744175687510,10.003194808959961,-0.7130611538887024,-0.40378883481025696,1744175687573,-0.03894263133406639,0.02916879393160343,0.08689551800489426,1744175687493,-46.78125,5.456250190734863,24.431251525878906,1001.0662231445312,-119.52180096538451,94.07733788422536,92.31154576680538,-4.077337884225357,2.305701530234146,12.58931958918106,4.683157655342896,0.09959005032624622,12.58931958918106,-0.5791597861319375
1744175688265,1744175687510,10.003194808959961,-0.7130611538887024,-0.40378883481025696,1744175687573,-0.03894263133406639,0.02916879393160343,0.08689551800489426,1744175687593,-47.79375076293945,6,25.968751907348633,1001.0662231445312,-119.52180096538451,94.07733788422536,92.31154576680538,-4.077337884225357,2.305701530234146,13.009721531471996,4.683157655342896,0.09959005032624622,13.009721531471996,-0.5791597861319375
1744175688329,1744175687640,10.1216402053833,-0.633499801158905,-0.5108676552772522,1744175687573,-0.03894263133406639,0.02916879393160343,0.08689551800489426,1744175687593,-47.79375076293945,6,25.968751907348633,1001.0662231445312,-128.88343977303015,93.58139388194678,92.88942723064135,-3.5813938819467697,2.883793905181717,13.009721531471996,4.596935265595861,0.09959005032624622,13.009721531471996,-0.5791597861319375
1744175688368,1744175687640,10.1216402053833,-0.633499801158905,-0.5108676552772522,1744175687573,-0.03894263133406639,0.02916879393160343,0.08689551800489426,1744175687593,-47.79375076293945,6,25.968751907348633,1001.0687255859375,-128.88343977303015,93.58139388194678,92.88942723064135,-3.5813938819467697,2.883793905181717,13.009721531471996,4.596935265595861,0.09959005032624622,13.009721531471996,-0.6002475900495519
1744175688378,1744175687640,10.1216402053833,-0.633499801158905,-0.5108676552772522,1744175687678,-0.015271619893610477,0.026878049597144127,0.043371398001909256,1744175687593,-47.79375076293945,6,25.968751907348633,1001.0687255859375,-128.88343977303015,93.58139388194678,92.88942723064135,-3.5813938819467697,2.883793905181717,13.009721531471996,4.596935265595861,0.053260962148289036,13.009721531471996,-0.6002475900495519
1744175688378,1744175687640,10.1216402053833,-0.633499801158905,-0.5108676552772522,1744175687678,-0.015271619893610477,0.026878049597144127,0.043371398001909256,1744175687693,-47.66250228881836,4.612500190734863,25.387500762939453,1001.0687255859375,-128.88343977303015,93.58139388194678,92.88942723064135,-3.5813938819467697,2.883793905181717,10.297398801642197,4.596935265595861,0.053260962148289036,10.297398801642203,-0.6002475900495519
1744175688453,1744175687640,10.1216402053833,-0.633499801158905,-0.5108676552772522,1744175687782,0.003665188793092966,0.053756099194288254,0.17837251722812653,1744175687693,-47.66250228881836,4.612500190734863,25.387500762939453,1001.0687255859375,-128.88343977303015,93.58139388194678,92.88942723064135,-3.5813938819467697,2.883793905181717,10.297398801642197,4.596935265595861,0.1863327848548759,10.297398801642203,-0.6002475900495519
1744175688469,1744175687770,10.540982246398926,-0.4085744619369507,-0.8027920126914978,1744175687782,0.003665188793092966,0.053756099194288254,0.17837251722812653,1744175687693,-47.66250228881836,4.612500190734863,25.387500762939453,1001.0687255859375,-153.0265517222356,92.21970580299876,94.35518923018489,-2.219705802998743,4.3519338928123945,10.297398801642197,4.884356933586714,0.1863327848548759,10.297398801642203,-0.6002475900495519
1744175688479,1744175687770,10.540982246398926,-0.4085744619369507,-0.8027920126914978,1744175687782,0.003665188793092966,0.053756099194288254,0.17837251722812653,1744175687793,-47.118751525878906,4.21875,25.200000762939453,1001.0687255859375,-153.0265517222356,92.21970580299876,94.35518923018489,-2.219705802998743,4.3519338928123945,9.503795519105575,4.884356933586714,0.1863327848548759,9.503795519105552,-0.6002475900495519
1744175688540,1744175687770,10.540982246398926,-0.4085744619369507,-0.8027920126914978,1744175687782,0.003665188793092966,0.053756099194288254,0.17837251722812653,1744175687793,-47.118751525878906,4.21875,25.200000762939453,1001.07373046875,-153.0265517222356,92.21970580299876,94.35518923018489,-2.219705802998743,4.3519338928123945,9.503795519105575,4.884356933586714,0.1863327848548759,9.503795519105552,-0.6424230698242628
1744175688561,1744175687770,10.540982246398926,-0.4085744619369507,-0.8027920126914978,1744175687885,-0.016340631991624832,0.05818486958742142,0.21960589289665222,1744175687793,-47.118751525878906,4.21875,25.200000762939453,1001.07373046875,-153.0265517222356,92.21970580299876,94.35518923018489,-2.219705802998743,4.3519338928123945,9.503795519105575,4.884356933586714,0.22777015497585903,9.503795519105552,-0.6424230698242628
1744175688572,1744175687900,9.011369705200195,-0.0729810893535614,-0.9158528447151184,1744175687885,-0.016340631991624832,0.05818486958742142,0.21960589289665222,1744175687793,-47.118751525878906,4.21875,25.200000762939453,1001.07373046875,-175.44392832515103,90.46401569601527,95.80321764785671,-0.4640156960152616,5.8030286388754755,9.503795519105575,5.821487371925525,0.22777015497585903,9.503795519105552,-0.6424230698242628
1744175688650,1744175687900,9.011369705200195,-0.0729810893535614,-0.9158528447151184,1744175687885,-0.016340631991624832,0.05818486958742142,0.21960589289665222,1744175687793,-47.118751525878906,4.21875,25.200000762939453,1001.0762329101562,-175.44392832515103,90.46401569601527,95.80321764785671,-0.4640156960152616,5.8030286388754755,9.503795519105575,5.821487371925525,0.22777015497585903,9.503795519105552,-0.6635107456912026
1744175688674,1744175687900,9.011369705200195,-0.0729810893535614,-0.9158528447151184,1744175687989,0.06276635825634003,-0.03527744114398956,0.043982263654470444,1744175687793,-47.118751525878906,4.21875,25.200000762939453,1001.0762329101562,-175.44392832515103,90.46401569601527,95.80321764785671,-0.4640156960152616,5.8030286388754755,9.503795519105575,5.821487371925525,0.08437151829025138,9.503795519105552,-0.6635107456912026
1744175688681,1744175687900,9.011369705200195,-0.0729810893535614,-0.9158528447151184,1744175687989,0.06276635825634003,-0.03527744114398956,0.043982263654470444,1744175687993,-45.91875076293945,2.7562501430511475,24.918750762939453,1001.0762329101562,-175.44392832515103,90.46401569601527,95.80321764785671,-0.4640156960152616,5.8030286388754755,6.3117995229574895,5.821487371925525,0.08437151829025138,6.311799522957472,-0.6635107456912026
1744175688681,1744175688008,9.547362327575684,-0.02512463741004467,-0.768694281578064,1744175687989,0.06276635825634003,-0.03527744114398956,0.043982263654470444,1744175687993,-45.91875076293945,2.7562501430511475,24.918750762939453,1001.0762329101562,-178.12796396351953,90.15077801731901,94.60317059436557,-0.15077801731900756,4.603154723989491,6.3117995229574895,4.605618144160172,0.08437151829025138,6.311799522957472,-0.6635107456912026
1744175688761,1744175688008,9.547362327575684,-0.02512463741004467,-0.768694281578064,1744175688094,0.06307178735733032,-0.03237583488225937,0.10506874322891235,1744175687993,-45.91875076293945,2.7562501430511475,24.918750762939453,1001.0762329101562,-178.12796396351953,90.15077801731901,94.60317059436557,-0.15077801731900756,4.603154723989491,6.3117995229574895,4.605618144160172,0.1267504865808204,6.311799522957472,-0.6635107456912026
1744175688816,1744175688008,9.547362327575684,-0.02512463741004467,-0.768694281578064,1744175688094,0.06307178735733032,-0.03237583488225937,0.10506874322891235,1744175688093,-47.212501525878906,2.1750001907348633,25.312501907348633,1001.0762329101562,-178.12796396351953,90.15077801731901,94.60317059436557,-0.15077801731900756,4.603154723989491,4.911129948171759,4.605618144160172,0.1267504865808204,4.9111299481717765,-0.6635107456912026
1744175688842,1744175688008,9.547362327575684,-0.02512463741004467,-0.768694281578064,1744175688094,0.06307178735733032,-0.03237583488225937,0.10506874322891235,1744175688093,-47.212501525878906,2.1750001907348633,25.312501907348633,1001.0724487304688,-178.12796396351953,90.15077801731901,94.60317059436557,-0.15077801731900756,4.603154723989491,4.911129948171759,4.605618144160172,0.1267504865808204,4.9111299481717765,-0.6316220485829716
1744175688842,1744175688138,9.359525680541992,-0.1704886108636856,-0.5186443328857422,1744175688094,0.06307178735733032,-0.03237583488225937,0.10506874322891235,1744175688093,-47.212501525878906,2.1750001907348633,25.312501907348633,1001.0724487304688,-161.8032869576922,91.04355690852209,93.17171748185976,-1.0435569085220817,3.171192490529777,4.911129948171759,3.3383170259508637,0.1267504865808204,4.9111299481717765,-0.6316220485829716
1744175688871,1744175688138,9.359525680541992,-0.1704886108636856,-0.5186443328857422,1744175688197,0.010079269297420979,-0.008857538923621178,0.018325943499803543,1744175688093,-47.212501525878906,2.1750001907348633,25.312501907348633,1001.0724487304688,-161.8032869576922,91.04355690852209,93.17171748185976,-1.0435569085220817,3.171192490529777,4.911129948171759,3.3383170259508637,0.022713165136356253,4.9111299481717765,-0.6316220485829716
1744175688952,1744175688268,9.69930648803711,-0.02512463741004467,-0.5724828243255615,1744175688197,0.010079269297420979,-0.008857538923621178,0.018325943499803543,1744175688093,-47.212501525878906,2.1750001907348633,25.312501907348633,1001.0724487304688,-177.4870642929271,90.14841601999595,93.37785381361033,-0.14841601999594034,3.377842507319737,4.911129948171759,3.3810977202267236,0.022713165136356253,4.9111299481717765,-0.6316220485829716
1744175688982,1744175688268,9.69930648803711,-0.02512463741004467,-0.5724828243255615,1744175688197,0.010079269297420979,-0.008857538923621178,0.018325943499803543,1744175688293,-45.900001525878906,1.6875001192092896,24.600000381469727,1001.0724487304688,-177.4870642929271,90.14841601999595,93.37785381361033,-0.14841601999594034,3.377842507319737,3.924203372701324,3.3810977202267236,0.022713165136356253,3.9242033727012995,-0.6316220485829716
1744175688993,1744175688268,9.69930648803711,-0.02512463741004467,-0.5724828243255615,1744175688197,0.010079269297420979,-0.008857538923621178,0.018325943499803543,1744175688293,-45.900001525878906,1.6875001192092896,24.600000381469727,1001.0700073242188,-177.4870642929271,90.14841601999595,93.37785381361033,-0.14841601999594034,3.377842507319737,3.924203372701324,3.3810977202267236,0.022713165136356253,3.9242033727012995,-0.6110486438128993
1744175688993,1744175688268,9.69930648803711,-0.02512463741004467,-0.5724828243255615,1744175688302,0.00045814859913662076,-0.028863361105322838,-0.04260781779885292,1744175688293,-45.900001525878906,1.6875001192092896,24.600000381469727,1001.0700073242188,-177.4870642929271,90.14841601999595,93.37785381361033,-0.14841601999594034,3.377842507319737,3.924203372701324,3.3810977202267236,0.05146581051548107,3.9242033727012995,-0.6110486438128993
1744175689059,1744175688268,9.69930648803711,-0.02512463741004467,-0.5724828243255615,1744175688302,0.00045814859913662076,-0.028863361105322838,-0.04260781779885292,1744175688393,-47.775001525878906,2.5500001907348633,25.912500381469727,1001.0700073242188,-177.4870642929271,90.14841601999595,93.37785381361033,-0.14841601999594034,3.377842507319737,5.620273459715811,3.3810977202267236,0.05146581051548107,5.620273459715804,-0.6110486438128993
1744175689085,1744175688268,9.69930648803711,-0.02512463741004467,-0.5724828243255615,1744175688406,-0.04062250629067421,-0.05787943676114082,-0.057726722210645676,1744175688393,-47.775001525878906,2.5500001907348633,25.912500381469727,1001.0700073242188,-177.4870642929271,90.14841601999595,93.37785381361033,-0.14841601999594034,3.377842507319737,5.620273459715811,3.3810977202267236,0.09128303059335738,5.620273459715804,-0.6110486438128993
1744175689091,1744175688398,10.158130645751953,0.13579268753528595,-0.45164528489112854,1744175688406,-0.04062250629067421,-0.05787943676114082,-0.057726722210645676,1744175688393,-47.775001525878906,2.5500001907348633,25.912500381469727,1001.0700073242188,163.26595098830978,89.23412242316542,92.54577718247589,0.7658775768345821,2.5455500466175516,5.620273459715811,2.658196289024636,0.09128303059335738,5.620273459715804,-0.6110486438128993
1744175689146,1744175688398,10.158130645751953,0.13579268753528595,-0.45164528489112854,1744175688406,-0.04062250629067421,-0.05787943676114082,-0.057726722210645676,1744175688393,-47.775001525878906,2.5500001907348633,25.912500381469727,1001.0724487304688,163.26595098830978,89.23412242316542,92.54577718247589,0.7658775768345821,2.5455500466175516,5.620273459715811,2.658196289024636,0.09128303059335738,5.620273459715804,-0.6316220485829716
1744175689186,1744175688398,10.158130645751953,0.13579268753528595,-0.45164528489112854,1744175688406,-0.04062250629067421,-0.05787943676114082,-0.057726722210645676,1744175688493,-47.118751525878906,2.0250000953674316,24.825000762939453,1001.0724487304688,163.26595098830978,89.23412242316542,92.54577718247589,0.7658775768345821,2.5455500466175516,4.663349181806273,2.658196289024636,0.09128303059335738,4.663349181806268,-0.6316220485829716
1744175689196,1744175688398,10.158130645751953,0.13579268753528595,-0.45164528489112854,1744175688509,0.02932151034474373,0.04321868345141411,0.02871064469218254,1744175688493,-47.118751525878906,2.0250000953674316,24.825000762939453,1001.0724487304688,163.26595098830978,89.23412242316542,92.54577718247589,0.7658775768345821,2.5455500466175516,4.663349181806273,2.658196289024636,0.059597874851467635,4.663349181806268,-0.6316220485829716
1744175689262,1744175688550,9.68794059753418,0.02273181453347206,-0.26500511169433594,1744175688509,0.02932151034474373,0.04321868345141411,0.02871064469218254,1744175688493,-47.118751525878906,2.0250000953674316,24.825000762939453,1001.0724487304688,175.09723940441498,89.86556124801739,91.56688503036985,0.1344387519826088,1.5668807192106111,4.663349181806273,1.5726361500437431,0.059597874851467635,4.663349181806268,-0.6316220485829716
1744175689262,1744175688550,9.68794059753418,0.02273181453347206,-0.26500511169433594,1744175688509,0.02932151034474373,0.04321868345141411,0.02871064469218254,1744175688593,-46.20000076293945,2.15625,24.600000381469727,1001.0724487304688,175.09723940441498,89.86556124801739,91.56688503036985,0.1344387519826088,1.5668807192106111,5.009312155742233,1.5726361500437431,0.059597874851467635,5.009312155742236,-0.6316220485829716
1744175689285,1744175688550,9.68794059753418,0.02273181453347206,-0.26500511169433594,1744175688613,0.03497200831770897,-0.0062613640911877155,-0.03787361457943916,1744175688593,-46.20000076293945,2.15625,24.600000381469727,1001.0724487304688,175.09723940441498,89.86556124801739,91.56688503036985,0.1344387519826088,1.5668807192106111,5.009312155742233,1.5726361500437431,0.05192934360617537,5.009312155742236,-0.6316220485829716
1744175689341,1744175688550,9.68794059753418,0.02273181453347206,-0.26500511169433594,1744175688613,0.03497200831770897,-0.0062613640911877155,-0.03787361457943916,1744175688593,-46.20000076293945,2.15625,24.600000381469727,1001.0724487304688,175.09723940441498,89.86556124801739,91.56688503036985,0.1344387519826088,1.5668807192106111,5.009312155742233,1.5726361500437431,0.05192934360617537,5.009312155742236,-0.6316220485829716
1744175689391,1744175688680,10.05823040008545,-0.019142581149935722,-0.38285163044929504,1744175688613,0.03497200831770897,-0.0062613640911877155,-0.03787361457943916,1744175688593,-46.20000076293945,2.15625,24.600000381469727,1001.0724487304688,-177.1375948295002,90.10904381198635,92.1798265879692,-0.10904381198633967,2.179822644036898,5.009312155742233,2.1825470384223737,0.05192934360617537,5.009312155742236,-0.6316220485829716
1744175689411,1744175688680,10.05823040008545,-0.019142581149935722,-0.38285163044929504,1744175688717,0.09453132748603821,0.0102319847792387,0.06887500733137131,1744175688593,-46.20000076293945,2.15625,24.600000381469727,1001.0724487304688,-177.1375948295002,90.10904381198635,92.1798265879692,-0.10904381198633967,2.179822644036898,5.009312155742233,2.1825470384223737,0.11740797257295446,5.009312155742236,-0.6316220485829716
1744175689459,1744175688680,10.05823040008545,-0.019142581149935722,-0.38285163044929504,1744175688717,0.09453132748603821,0.0102319847792387,0.06887500733137131,1744175688593,-46.20000076293945,2.15625,24.600000381469727,1001.0700073242188,-177.1375948295002,90.10904381198635,92.1798265879692,-0.10904381198633967,2.179822644036898,5.009312155742233,2.1825470384223737,0.11740797257295446,5.009312155742236,-0.6110486438128993
1744175689467,1744175688680,10.05823040008545,-0.019142581149935722,-0.38285163044929504,1744175688717,0.09453132748603821,0.0102319847792387,0.06887500733137131,1744175688793,-45.28125,1.7625000476837158,24.750001907348633,1001.0700073242188,-177.1375948295002,90.10904381198635,92.1798265879692,-0.10904381198633967,2.179822644036898,4.073277656179074,2.1825470384223737,0.11740797257295446,4.073277656179073,-0.6110486438128993
1744175689485,1744175688810,9.574281692504883,0.14356936514377594,-0.5706881880760193,1744175688717,0.09453132748603821,0.0102319847792387,0.06887500733137131,1744175688793,-45.28125,1.7625000476837158,24.750001907348633,1001.0700073242188,165.87899861216255,89.14089615504179,93.41115746359176,0.8591038449582216,3.4107749180565823,4.073277656179074,3.517182524513028,0.11740797257295446,4.073277656179073,-0.6110486438128993
1744175689558,1744175688810,9.574281692504883,0.14356936514377594,-0.5706881880760193,1744175688717,0.09453132748603821,0.0102319847792387,0.06887500733137131,1744175688893,-46.06875228881836,1.5750000476837158,24.431251525878906,1001.0700073242188,165.87899861216255,89.14089615504179,93.41115746359176,0.8591038449582216,3.4107749180565823,3.688560702058768,3.517182524513028,0.11740797257295446,3.688560702058794,-0.6110486438128993
1744175689607,1744175688810,9.574281692504883,0.14356936514377594,-0.5706881880760193,1744175688925,-0.0308486707508564,0.017256930470466614,0.014813470654189587,1744175688893,-46.06875228881836,1.5750000476837158,24.431251525878906,1001.0700073242188,165.87899861216255,89.14089615504179,93.41115746359176,0.8591038449582216,3.4107749180565823,3.688560702058768,3.517182524513028,0.038325983994932186,3.688560702058794,-0.6110486438128993
1744175689616,1744175688810,9.574281692504883,0.14356936514377594,-0.5706881880760193,1744175688925,-0.0308486707508564,0.017256930470466614,0.014813470654189587,1744175688893,-46.06875228881836,1.5750000476837158,24.431251525878906,1001.0712280273438,165.87899861216255,89.14089615504179,93.41115746359176,0.8591038449582216,3.4107749180565823,3.688560702058768,3.517182524513028,0.038325983994932186,3.688560702058794,-0.6213353512770459
1744175689661,1744175688940,9.989436149597168,-0.09212367236614227,-0.6317051649093628,1744175688925,-0.0308486707508564,0.017256930470466614,0.014813470654189587,1744175688893,-46.06875228881836,1.5750000476837158,24.431251525878906,1001.0712280273438,-171.70285480959762,90.52837296454274,93.618413349895,-0.5283729645427335,3.6182599003046265,3.688560702058768,3.6565846735938874,0.038325983994932186,3.688560702058794,-0.6213353512770459
1744175689675,1744175688940,9.989436149597168,-0.09212367236614227,-0.6317051649093628,1744175688925,-0.0308486707508564,0.017256930470466614,0.014813470654189587,1744175688993,-47.19375228881836,1.7812501192092896,24.67500114440918,1001.0712280273438,-171.70285480959762,90.52837296454274,93.618413349895,-0.5283729645427335,3.6182599003046265,4.128931339395103,3.6565846735938874,0.038325983994932186,4.128931339395081,-0.6213353512770459
1744175689699,1744175688940,9.989436149597168,-0.09212367236614227,-0.6317051649093628,1744175689029,0.028557928279042244,-0.035124726593494415,0.05100720748305321,1744175688993,-47.19375228881836,1.7812501192092896,24.67500114440918,1001.0712280273438,-171.70285480959762,90.52837296454274,93.618413349895,-0.5283729645427335,3.6182599003046265,4.128931339395103,3.6565846735938874,0.0681985109887151,4.128931339395081,-0.6213353512770459
1744175689760,1744175689070,9.878767967224121,0.0011964113218709826,-0.4899304509162903,1744175689029,0.028557928279042244,-0.035124726593494415,0.05100720748305321,1744175688993,-47.19375228881836,1.7812501192092896,24.67500114440918,1001.0712280273438,179.86008384880878,89.99306094452292,92.83921706822669,0.006939055477075712,2.8392170474386664,4.128931339395103,2.839225520021027,0.0681985109887151,4.128931339395081,-0.6213353512770459
1744175689802,1744175689070,9.878767967224121,0.0011964113218709826,-0.4899304509162903,1744175689029,0.028557928279042244,-0.035124726593494415,0.05100720748305321,1744175689093,-45.86250305175781,0.768750011920929,24.093751907348633,1001.0712280273438,179.86008384880878,89.99306094452292,92.83921706822669,0.006939055477075712,2.8392170474386664,1.827494268503715,2.839225520021027,0.0681985109887151,1.827494268503699,-0.6213353512770459
1744175689811,1744175689070,9.878767967224121,0.0011964113218709826,-0.4899304509162903,1744175689029,0.028557928279042244,-0.035124726593494415,0.05100720748305321,1744175689093,-45.86250305175781,0.768750011920929,24.093751907348633,1001.0724487304688,179.86008384880878,89.99306094452292,92.83921706822669,0.006939055477075712,2.8392170474386664,1.827494268503715,2.839225520021027,0.0681985109887151,1.827494268503699,-0.6316220485829716
1744175689811,1744175689070,9.878767967224121,0.0011964113218709826,-0.4899304509162903,1744175689133,0.021227551624178886,-0.05192350596189499,0.028557928279042244,1744175689093,-45.86250305175781,0.768750011920929,24.093751907348633,1001.0724487304688,179.86008384880878,89.99306094452292,92.83921706822669,0.006939055477075712,2.8392170474386664,1.827494268503715,2.839225520021027,0.06294612527330848,1.827494268503699,-0.6316220485829716
1744175689868,1744175689070,9.878767967224121,0.0011964113218709826,-0.4899304509162903,1744175689133,0.021227551624178886,-0.05192350596189499,0.028557928279042244,1744175689193,-46.91250228881836,1.162500023841858,24.225000381469727,1001.0724487304688,179.86008384880878,89.99306094452292,92.83921706822669,0.006939055477075712,2.8392170474386664,2.747380278474666,2.839225520021027,0.06294612527330848,2.7473802784746795,-0.6316220485829716
1744175689903,1744175689200,10.110274314880371,0.19142581522464752,-0.357128769159317,1744175689133,0.021227551624178886,-0.05192350596189499,0.028557928279042244,1744175689193,-46.91250228881836,1.162500023841858,24.225000381469727,1001.0724487304688,151.8080940387043,88.91530332196436,92.02303780722134,1.0846966780356408,2.0226755880210123,2.747380278474666,2.2950587351200005,0.06294612527330848,2.7473802784746795,-0.6316220485829716
1744175689915,1744175689200,10.110274314880371,0.19142581522464752,-0.357128769159317,1744175689238,-0.07269290834665298,-0.007177661173045635,0.04917461425065994,1744175689193,-46.91250228881836,1.162500023841858,24.225000381469727,1001.0724487304688,151.8080940387043,88.91530332196436,92.02303780722134,1.0846966780356408,2.0226755880210123,2.747380278474666,2.2950587351200005,0.08805634804209828,2.7473802784746795,-0.6316220485829716
1744175689968,1744175689200,10.110274314880371,0.19142581522464752,-0.357128769159317,1744175689238,-0.07269290834665298,-0.007177661173045635,0.04917461425065994,1744175689193,-46.91250228881836,1.162500023841858,24.225000381469727,1001.07373046875,151.8080940387043,88.91530332196436,92.02303780722134,1.0846966780356408,2.0226755880210123,2.747380278474666,2.2950587351200005,0.08805634804209828,2.7473802784746795,-0.6424230698242628
1744175689977,1744175689200,10.110274314880371,0.19142581522464752,-0.357128769159317,1744175689238,-0.07269290834665298,-0.007177661173045635,0.04917461425065994,1744175689293,-46.42500305175781,1.125,24.337501525878906,1001.07373046875,151.8080940387043,88.91530332196436,92.02303780722134,1.0846966780356408,2.0226755880210123,2.6466110618561767,2.2950587351200005,0.08805634804209828,2.646611061856163,-0.6424230698242628
1744175690021,1744175689200,10.110274314880371,0.19142581522464752,-0.357128769159317,1744175689341,-0.060781046748161316,0.04932733252644539,0.06352993845939636,1744175689293,-46.42500305175781,1.125,24.337501525878906,1001.07373046875,151.8080940387043,88.91530332196436,92.02303780722134,1.0846966780356408,2.0226755880210123,2.6466110618561767,2.2950587351200005,0.10081455479558186,2.646611061856163,-0.6424230698242628
1744175690040,1744175689330,9.741779327392578,-0.05563312768936157,-0.6975077986717224,1744175689341,-0.060781046748161316,0.04932733252644539,0.06352993845939636,1744175689293,-46.42500305175781,1.125,24.337501525878906,1001.07373046875,-175.4397502407817,90.32719985328279,94.0953678638439,-0.32719985328278123,4.095301311633828,2.6466110618561767,4.108329367973931,0.10081455479558186,2.646611061856163,-0.6424230698242628
1744175690068,1744175689330,9.741779327392578,-0.05563312768936157,-0.6975077986717224,1744175689341,-0.060781046748161316,0.04932733252644539,0.06352993845939636,1744175689393,-46.89375305175781,0.65625,24.01875114440918,1001.07373046875,-175.4397502407817,90.32719985328279,94.0953678638439,-0.32719985328278123,4.095301311633828,1.5650690110593022,4.108329367973931,0.10081455479558186,1.565069011059279,-0.6424230698242628
1744175690107,1744175689330,9.741779327392578,-0.05563312768936157,-0.6975077986717224,1744175689341,-0.060781046748161316,0.04932733252644539,0.06352993845939636,1744175689393,-46.89375305175781,0.65625,24.01875114440918,1001.07373046875,-175.4397502407817,90.32719985328279,94.0953678638439,-0.32719985328278123,4.095301311633828,1.5650690110593022,4.108329367973931,0.10081455479558186,1.565069011059279,-0.6424230698242628
1744175690115,1744175689330,9.741779327392578,-0.05563312768936157,-0.6975077986717224,1744175689446,0.042913250625133514,0.003512472379952669,0.03145953640341759,1744175689393,-46.89375305175781,0.65625,24.01875114440918,1001.07373046875,-175.4397502407817,90.32719985328279,94.0953678638439,-0.32719985328278123,4.095301311633828,1.5650690110593022,4.108329367973931,0.05332529392467902,1.565069011059279,-0.6424230698242628
1744175690170,1744175689503,9.762716293334961,0.03529413416981697,-0.8069794178009033,1744175689446,0.042913250625133514,0.003512472379952669,0.03145953640341759,1744175689393,-46.89375305175781,0.65625,24.01875114440918,1001.07373046875,177.49570190583083,89.79286542198135,94.72528734779726,0.20713457801866186,4.725256609014706,1.5650690110593022,4.729784079412196,0.05332529392467902,1.565069011059279,-0.6424230698242628
1744175690256,1744175689503,9.762716293334961,0.03529413416981697,-0.8069794178009033,1744175689549,0.09147699922323227,-0.03741546720266342,0.004123337101191282,1744175689393,-46.89375305175781,0.65625,24.01875114440918,1001.07373046875,177.49570190583083,89.79286542198135,94.72528734779726,0.20713457801866186,4.725256609014706,1.5650690110593022,4.729784079412196,0.09891895916218933,1.565069011059279,-0.6424230698242628
1744175690264,1744175689503,9.762716293334961,0.03529413416981697,-0.8069794178009033,1744175689549,0.09147699922323227,-0.03741546720266342,0.004123337101191282,1744175689393,-46.89375305175781,0.65625,24.01875114440918,1001.0724487304688,177.49570190583083,89.79286542198135,94.72528734779726,0.20713457801866186,4.725256609014706,1.5650690110593022,4.729784079412196,0.09891895916218933,1.565069011059279,-0.6316220485829716
1744175690274,1744175689503,9.762716293334961,0.03529413416981697,-0.8069794178009033,1744175689549,0.09147699922323227,-0.03741546720266342,0.004123337101191282,1744175689593,-45.806251525878906,-0.15000000596046448,23.381250381469727,1001.0724487304688,177.49570190583083,89.79286542198135,94.72528734779726,0.20713457801866186,4.725256609014706,-0.3675701352205391,4.729784079412196,0.09891895916218933,359.63242986477945,-0.6316220485829716
1744175690325,1744175689611,10.088140487670898,0.4737788736820221,-0.26979073882102966,1744175689549,0.09147699922323227,-0.03741546720266342,0.004123337101191282,1744175689593,-45.806251525878906,-0.15000000596046448,23.381250381469727,1001.0724487304688,119.65910844220022,87.31113986924105,91.53191632219716,2.6888601307589646,1.530230507463444,-0.3675701352205391,3.0935181984204156,0.09891895916218933,359.63242986477945,-0.6316220485829716
1744175690333,1744175689611,10.088140487670898,0.4737788736820221,-0.26979073882102966,1744175689653,-0.007330377586185932,-0.006566796451807022,0.1003345400094986,1744175689593,-45.806251525878906,-0.15000000596046448,23.381250381469727,1001.0724487304688,119.65910844220022,87.31113986924105,91.53191632219716,2.6888601307589646,1.530230507463444,-0.3675701352205391,3.0935181984204156,0.10081605611267085,359.63242986477945,-0.6316220485829716
1744175690363,1744175689611,10.088140487670898,0.4737788736820221,-0.26979073882102966,1744175689653,-0.007330377586185932,-0.006566796451807022,0.1003345400094986,1744175689693,-47.92500305175781,-0.15000000596046448,24.093751907348633,1001.0724487304688,119.65910844220022,87.31113986924105,91.53191632219716,2.6888601307589646,1.530230507463444,-0.3567006196235376,3.0935181984204156,0.10081605611267085,359.64329938037645,-0.6316220485829716
1744175690432,1744175689611,10.088140487670898,0.4737788736820221,-0.26979073882102966,1744175689653,-0.007330377586185932,-0.006566796451807022,0.1003345400094986,1744175689693,-47.92500305175781,-0.15000000596046448,24.093751907348633,1001.074951171875,119.65910844220022,87.31113986924105,91.53191632219716,2.6888601307589646,1.530230507463444,-0.3567006196235376,3.0935181984204156,0.10081605611267085,359.64329938037645,-0.6527097463117415
1744175690434,1744175689741,9.369096755981445,0.13280165195465088,-0.33020952343940735,1744175689653,-0.007330377586185932,-0.006566796451807022,0.1003345400094986,1744175689693,-47.92500305175781,-0.15000000596046448,24.093751907348633,1001.074951171875,158.0912958007857,89.18791908715728,92.01852798981756,0.8120809128427211,2.018325412182932,-0.3567006196235376,2.1755091521361463,0.10081605611267085,359.64329938037645,-0.6527097463117415
1744175690434,1744175689741,9.369096755981445,0.13280165195465088,-0.33020952343940735,1744175689758,-0.06582067906856537,-0.03711003437638283,0.26129740476608276,1744175689693,-47.92500305175781,-0.15000000596046448,24.093751907348633,1001.074951171875,158.0912958007857,89.18791908715728,92.01852798981756,0.8120809128427211,2.018325412182932,-0.3567006196235376,2.1755091521361463,0.27200340104850435,359.64329938037645,-0.6527097463117415
1744175690501,1744175689741,9.369096755981445,0.13280165195465088,-0.33020952343940735,1744175689758,-0.06582067906856537,-0.03711003437638283,0.26129740476608276,1744175689793,-46.61250305175781,-0.7312500476837158,23.606250762939453,1001.074951171875,158.0912958007857,89.18791908715728,92.01852798981756,0.8120809128427211,2.018325412182932,-1.7742820911916781,2.1755091521361463,0.27200340104850435,358.22571790880835,-0.6527097463117415
1744175690556,1744175689741,9.369096755981445,0.13280165195465088,-0.33020952343940735,1744175689862,0.07452550530433655,-0.12644900381565094,-0.15118902921676636,1744175689793,-46.61250305175781,-0.7312500476837158,23.606250762939453,1001.074951171875,158.0912958007857,89.18791908715728,92.01852798981756,0.8120809128427211,2.018325412182932,-1.7742820911916781,2.1755091521361463,0.21071669146592406,358.22571790880835,-0.6527097463117415
1744175690576,1744175689871,10.484152793884277,0.49292147159576416,-0.259621262550354,1744175689862,0.07452550530433655,-0.12644900381565094,-0.15118902921676636,1744175689793,-46.61250305175781,-0.7312500476837158,23.606250762939453,1001.074951171875,117.77573295713223,87.30817184133055,91.41853743009824,2.691828158669451,1.4169728308178595,-1.7742820911916781,3.041754973859922,0.21071669146592406,358.22571790880835,-0.6527097463117415
1744175690577,1744175689871,10.484152793884277,0.49292147159576416,-0.259621262550354,1744175689862,0.07452550530433655,-0.12644900381565094,-0.15118902921676636,1744175689793,-46.61250305175781,-0.7312500476837158,23.606250762939453,1001.0787353515625,117.77573295713223,87.30817184133055,91.41853743009824,2.691828158669451,1.4169728308178595,-1.7742820911916781,3.041754973859922,0.21071669146592406,358.22571790880835,-0.6845983788680221
1744175690661,1744175689871,10.484152793884277,0.49292147159576416,-0.259621262550354,1744175689965,-0.07376192510128021,0.13240493834018707,0.06841685622930527,1744175689793,-46.61250305175781,-0.7312500476837158,23.606250762939453,1001.0787353515625,117.77573295713223,87.30817184133055,91.41853743009824,2.691828158669451,1.4169728308178595,-1.7742820911916781,3.041754973859922,0.16629117687904263,358.22571790880835,-0.6845983788680221
1744175690690,1744175689871,10.484152793884277,0.49292147159576416,-0.259621262550354,1744175689965,-0.07376192510128021,0.13240493834018707,0.06841685622930527,1744175689993,-50.812503814697266,-0.16875000298023224,25.387500762939453,1001.0787353515625,117.77573295713223,87.30817184133055,91.41853743009824,2.691828158669451,1.4169728308178595,-0.3808378250094225,3.041754973859922,0.16629117687904263,359.61916217499055,-0.6845983788680221
1744175690706,1744175690002,9.923633575439453,0.6556333899497986,-0.29850462079048157,1744175689965,-0.07376192510128021,0.13240493834018707,0.06841685622930527,1744175689993,-50.812503814697266,-0.16875000298023224,25.387500762939453,1001.0787353515625,114.47939321365665,86.22008290594077,91.72294746956283,3.7799170940592317,1.7192016848527156,-0.3808378250094225,4.152004118472322,0.16629117687904263,359.61916217499055,-0.6845983788680221
1744175690742,1744175690002,9.923633575439453,0.6556333899497986,-0.29850462079048157,1744175689965,-0.07376192510128021,0.13240493834018707,0.06841685622930527,1744175689993,-50.812503814697266,-0.16875000298023224,25.387500762939453,1001.0774536132812,114.47939321365665,86.22008290594077,91.72294746956283,3.7799170940592317,1.7192016848527156,-0.3808378250094225,4.152004118472322,0.16629117687904263,359.61916217499055,-0.6737974013503911
1744175690755,1744175690002,9.923633575439453,0.6556333899497986,-0.29850462079048157,1744175690070,-0.18860450387001038,0.011759147047996521,0.11881320178508759,1744175689993,-50.812503814697266,-0.16875000298023224,25.387500762939453,1001.0774536132812,114.47939321365665,86.22008290594077,91.72294746956283,3.7799170940592317,1.7192016848527156,-0.3808378250094225,4.152004118472322,0.2232185326933521,359.61916217499055,-0.6737974013503911
1744175690824,1744175690002,9.923633575439453,0.6556333899497986,-0.29850462079048157,1744175690070,-0.18860450387001038,0.011759147047996521,0.11881320178508759,1744175690093,-50.250003814697266,-0.5625,25.687501907348633,1001.0774536132812,114.47939321365665,86.22008290594077,91.72294746956283,3.7799170940592317,1.7192016848527156,-1.254451529565746,4.152004118472322,0.2232185326933521,358.74554847043424,-0.6737974013503911
1744175690843,1744175690131,8.94556713104248,0.45104706287384033,-0.7262216806411743,1744175690070,-0.18860450387001038,0.011759147047996521,0.11881320178508759,1744175690093,-50.250003814697266,-0.5625,25.687501907348633,1001.0774536132812,148.15610930016427,87.11351715604111,94.64122470413126,2.88648284395889,4.635361897648716,-1.254451529565746,5.458953602074784,0.2232185326933521,358.74554847043424,-0.6737974013503911
1744175690868,1744175690131,8.94556713104248,0.45104706287384033,-0.7262216806411743,1744175690173,0.07620538026094437,0.04657844081521034,-0.1484401375055313,1744175690093,-50.250003814697266,-0.5625,25.687501907348633,1001.0774536132812,148.15610930016427,87.11351715604111,94.64122470413126,2.88648284395889,4.635361897648716,-1.254451529565746,5.458953602074784,0.17323765627643495,358.74554847043424,-0.6737974013503911
1744175690879,1744175690131,8.94556713104248,0.45104706287384033,-0.7262216806411743,1744175690173,0.07620538026094437,0.04657844081521034,-0.1484401375055313,1744175690193,-51.093753814697266,0.09375,26.231250762939453,1001.0774536132812,148.15610930016427,87.11351715604111,94.64122470413126,2.88648284395889,4.635361897648716,0.20477317332249256,5.458953602074784,0.17323765627643495,0.20477317332250777,-0.6737974013503911
1744175690884,1744175690131,8.94556713104248,0.45104706287384033,-0.7262216806411743,1744175690173,0.07620538026094437,0.04657844081521034,-0.1484401375055313,1744175690193,-51.093753814697266,0.09375,26.231250762939453,1001.07373046875,148.15610930016427,87.11351715604111,94.64122470413126,2.88648284395889,4.635361897648716,0.20477317332249256,5.458953602074784,0.17323765627643495,0.20477317332250777,-0.6424230698242628
1744175690948,1744175690131,8.94556713104248,0.45104706287384033,-0.7262216806411743,1744175690277,0.15561780333518982,-0.01588248461484909,-0.01740964688360691,1744175690193,-51.093753814697266,0.09375,26.231250762939453,1001.07373046875,148.15610930016427,87.11351715604111,94.64122470413126,2.88648284395889,4.635361897648716,0.20477317332249256,5.458953602074784,0.15739202596390522,0.20477317332250777,-0.6424230698242628
1744175690973,1744175690305,9.839286804199219,0.4211367964744568,-0.3858426511287689,1744175690277,0.15561780333518982,-0.01588248461484909,-0.01740964688360691,1744175690193,-51.093753814697266,0.09375,26.231250762939453,1001.07373046875,132.49570120622337,87.54914732043893,92.2456743455881,2.450852679561067,2.243622260088107,0.20477317332249256,3.3222656139311026,0.15739202596390522,0.20477317332250777,-0.6424230698242628
1744175690995,1744175690305,9.839286804199219,0.4211367964744568,-0.3858426511287689,1744175690277,0.15561780333518982,-0.01588248461484909,-0.01740964688360691,1744175690293,-48.750003814697266,-1.2375000715255737,24.975000381469727,1001.07373046875,132.49570120622337,87.54914732043893,92.2456743455881,2.450852679561067,2.243622260088107,-2.836660221555643,3.3222656139311026,0.15739202596390522,357.16333977844437,-0.6424230698242628
1744175691049,1744175690305,9.839286804199219,0.4211367964744568,-0.3858426511287689,1744175690277,0.15561780333518982,-0.01588248461484909,-0.01740964688360691,1744175690293,-48.750003814697266,-1.2375000715255737,24.975000381469727,1001.0700073242188,132.49570120622337,87.54914732043893,92.2456743455881,2.450852679561067,2.243622260088107,-2.836660221555643,3.3222656139311026,0.15739202596390522,357.16333977844437,-0.6110486438128993
1744175691049,1744175690305,9.839286804199219,0.4211367964744568,-0.3858426511287689,1744175690381,0.16707152128219604,0.03497200831770897,-0.005650499369949102,1744175690293,-48.750003814697266,-1.2375000715255737,24.975000381469727,1001.0700073242188,132.49570120622337,87.54914732043893,92.2456743455881,2.450852679561067,2.243622260088107,-2.836660221555643,3.3222656139311026,0.1707860144521529,357.16333977844437,-0.6110486438128993
1744175691071,1744175690305,9.839286804199219,0.4211367964744568,-0.3858426511287689,1744175690381,0.16707152128219604,0.03497200831770897,-0.005650499369949102,1744175690393,-47.493751525878906,-1.1812500953674316,24.225000381469727,1001.0700073242188,132.49570120622337,87.54914732043893,92.2456743455881,2.450852679561067,2.243622260088107,-2.7916234896409446,3.3222656139311026,0.1707860144521529,357.2083765103591,-0.6110486438128993
1744175691126,1744175690413,10.2747802734375,0.4624129831790924,-0.26620152592658997,1744175690381,0.16707152128219604,0.03497200831770897,-0.005650499369949102,1744175690393,-47.493751525878906,-1.1812500953674316,24.225000381469727,1001.0700073242188,119.92813817214662,87.42316176446744,91.4841010983808,2.57683823553257,1.4826010842366966,-2.7916234896409446,2.9726619338613878,0.1707860144521529,357.2083765103591,-0.6110486438128993
1744175691197,1744175690413,10.2747802734375,0.4624129831790924,-0.26620152592658997,1744175690485,0.14599667489528656,-0.000305432389723137,-0.006414080038666725,1744175690393,-47.493751525878906,-1.1812500953674316,24.225000381469727,1001.0700073242188,119.92813817214662,87.42316176446744,91.4841010983808,2.57683823553257,1.4826010842366966,-2.7916234896409446,2.9726619338613878,0.14613782122423719,357.2083765103591,-0.6110486438128993
1744175691235,1744175690413,10.2747802734375,0.4624129831790924,-0.26620152592658997,1744175690485,0.14599667489528656,-0.000305432389723137,-0.006414080038666725,1744175690393,-47.493751525878906,-1.1812500953674316,24.225000381469727,1001.0712280273438,119.92813817214662,87.42316176446744,91.4841010983808,2.57683823553257,1.4826010842366966,-2.7916234896409446,2.9726619338613878,0.14613782122423719,357.2083765103591,-0.6213353512770459
1744175691244,1744175690543,9.979865074157715,0.46420758962631226,-0.31465616822242737,1744175690485,0.14599667489528656,-0.000305432389723137,-0.006414080038666725,1744175690393,-47.493751525878906,-1.1812500953674316,24.225000381469727,1001.0712280273438,124.13079498813019,87.33683986752645,91.80588614420797,2.6631601324735596,1.8039369986313134,-2.7916234896409446,3.216250388636783,0.14613782122423719,357.2083765103591,-0.6213353512770459
1744175691264,1744175690543,9.979865074157715,0.46420758962631226,-0.31465616822242737,1744175690589,0.1357647031545639,0.043371398001909256,-0.0435241162776947,1744175690393,-47.493751525878906,-1.1812500953674316,24.225000381469727,1001.0712280273438,124.13079498813019,87.33683986752645,91.80588614420797,2.6631601324735596,1.8039369986313134,-2.7916234896409446,3.216250388636783,0.1490217483625835,357.2083765103591,-0.6213353512770459
1744175691276,1744175690543,9.979865074157715,0.46420758962631226,-0.31465616822242737,1744175690589,0.1357647031545639,0.043371398001909256,-0.0435241162776947,1744175690593,-45.91875076293945,-1.0500000715255737,24.48750114440918,1001.0712280273438,124.13079498813019,87.33683986752645,91.80588614420797,2.6631601324735596,1.8039369986313134,-2.4552828904298254,3.216250388636783,0.1490217483625835,357.5447171095702,-0.6213353512770459
1744175691356,1744175690673,9.832706451416016,0.4019941985607147,-0.4307080805301666,1744175690589,0.1357647031545639,0.043371398001909256,-0.0435241162776947,1744175690593,-45.91875076293945,-1.0500000715255737,24.48750114440918,1001.0712280273438,136.97493471714895,87.65885910088109,92.5081588623633,2.341140899118924,2.506068025331001,-2.4552828904298254,3.4289680086104006,0.1490217483625835,357.5447171095702,-0.6213353512770459
1744175691405,1744175690673,9.832706451416016,0.4019941985607147,-0.4307080805301666,1744175690589,0.1357647031545639,0.043371398001909256,-0.0435241162776947,1744175690693,-46.16250228881836,-1.537500023841858,24.562501907348633,1001.0712280273438,136.97493471714895,87.65885910088109,92.5081588623633,2.341140899118924,2.506068025331001,-3.5817800021748254,3.4289680086104006,0.1490217483625835,356.4182199978252,-0.6213353512770459
1744175691435,1744175690673,9.832706451416016,0.4019941985607147,-0.4307080805301666,1744175690694,0.08872810751199722,0.014049889519810677,-0.02611446939408779,1744175690693,-46.16250228881836,-1.537500023841858,24.562501907348633,1001.0712280273438,136.97493471714895,87.65885910088109,92.5081588623633,2.341140899118924,2.506068025331001,-3.5817800021748254,3.4289680086104006,0.09355234882093647,356.4182199978252,-0.6213353512770459
1744175691435,1744175690673,9.832706451416016,0.4019941985607147,-0.4307080805301666,1744175690694,0.08872810751199722,0.014049889519810677,-0.02611446939408779,1744175690693,-46.16250228881836,-1.537500023841858,24.562501907348633,1001.0712280273438,136.97493471714895,87.65885910088109,92.5081588623633,2.341140899118924,2.506068025331001,-3.5817800021748254,3.4289680086104006,0.09355234882093647,356.4182199978252,-0.6213353512770459
1744175691459,1744175690673,9.832706451416016,0.4019941985607147,-0.4307080805301666,1744175690694,0.08872810751199722,0.014049889519810677,-0.02611446939408779,1744175690793,-45.900001525878906,-1.3687500953674316,24.225000381469727,1001.0712280273438,136.97493471714895,87.65885910088109,92.5081588623633,2.341140899118924,2.506068025331001,-3.2338620473134037,3.4289680086104006,0.09355234882093647,356.7661379526866,-0.6213353512770459
1744175691493,1744175690673,9.832706451416016,0.4019941985607147,-0.4307080805301666,1744175690798,0.016646064817905426,-0.0013744457392022014,-0.04474584385752678,1744175690793,-45.900001525878906,-1.3687500953674316,24.225000381469727,1001.0712280273438,136.97493471714895,87.65885910088109,92.5081588623633,2.341140899118924,2.506068025331001,-3.2338620473134037,3.4289680086104006,0.047761607149823665,356.7661379526866,-0.6213353512770459
1744175691504,1744175690803,10.086345672607422,0.36191442608833313,-0.2949153780937195,1744175690798,0.016646064817905426,-0.0013744457392022014,-0.04474584385752678,1744175690793,-45.900001525878906,-1.3687500953674316,24.225000381469727,1001.0712280273438,129.17576459783575,87.94501621373561,91.67479820406868,2.0549837862643914,1.6737217133378666,-3.2338620473134037,2.6501134617461566,0.047761607149823665,356.7661379526866,-0.6213353512770459
1744175691579,1744175690803,10.086345672607422,0.36191442608833313,-0.2949153780937195,1744175690798,0.016646064817905426,-0.0013744457392022014,-0.04474584385752678,1744175690793,-45.900001525878906,-1.3687500953674316,24.225000381469727,1001.0687255859375,129.17576459783575,87.94501621373561,91.67479820406868,2.0549837862643914,1.6737217133378666,-3.2338620473134037,2.6501134617461566,0.047761607149823665,356.7661379526866,-0.6002475900495519
1744175691579,1744175690803,10.086345672607422,0.36191442608833313,-0.2949153780937195,1744175690901,0.04718930274248123,-0.004886918235570192,-0.0256563201546669,1744175690793,-45.900001525878906,-1.3687500953674316,24.225000381469727,1001.0687255859375,129.17576459783575,87.94501621373561,91.67479820406868,2.0549837862643914,1.6737217133378666,-3.2338620473134037,2.6501134617461566,0.05393476640388333,356.7661379526866,-0.6002475900495519
1744175691633,1744175690933,9.77109146118164,0.26500511169433594,-0.607776939868927,1744175690901,0.04718930274248123,-0.004886918235570192,-0.0256563201546669,1744175690793,-45.900001525878906,-1.3687500953674316,24.225000381469727,1001.0687255859375,156.4416603558727,88.44644241832218,93.55930011999241,1.553557581677815,3.5579951510636985,-3.2338620473134037,3.881979816650106,0.05393476640388333,356.7661379526866,-0.6002475900495519
1744175691667,1744175690933,9.77109146118164,0.26500511169433594,-0.607776939868927,1744175690901,0.04718930274248123,-0.004886918235570192,-0.0256563201546669,1744175690993,-47.85000228881836,-1.9687501192092896,24.20625114440918,1001.0687255859375,156.4416603558727,88.44644241832218,93.55930011999241,1.553557581677815,3.5579951510636985,-4.649763004590459,3.881979816650106,0.05393476640388333,355.35023699540955,-0.6002475900495519
1744175691688,1744175690933,9.77109146118164,0.26500511169433594,-0.607776939868927,1744175691005,0.03176496922969818,-0.021380268037319183,0.10063996911048889,1744175690993,-47.85000228881836,-1.9687501192092896,24.20625114440918,1001.0687255859375,156.4416603558727,88.44644241832218,93.55930011999241,1.553557581677815,3.5579951510636985,-4.649763004590459,3.881979816650106,0.1076779109848972,355.35023699540955,-0.6002475900495519
1744175691746,1744175690933,9.77109146118164,0.26500511169433594,-0.607776939868927,1744175691005,0.03176496922969818,-0.021380268037319183,0.10063996911048889,1744175690993,-47.85000228881836,-1.9687501192092896,24.20625114440918,1001.0700073242188,156.4416603558727,88.44644241832218,93.55930011999241,1.553557581677815,3.5579951510636985,-4.649763004590459,3.881979816650106,0.1076779109848972,355.35023699540955,-0.6110486438128993
1744175691788,1744175691085,10.053443908691406,0.42771705985069275,-0.6652047038078308,1744175691005,0.03176496922969818,-0.021380268037319183,0.10063996911048889,1744175690993,-47.85000228881836,-1.9687501192092896,24.20625114440918,1001.0700073242188,147.25956532909362,87.56385842187242,93.78556315535668,2.436141578127584,3.7821517608943105,-4.649763004590459,4.497869940959748,0.1076779109848972,355.35023699540955,-0.6110486438128993
1744175691801,1744175691085,10.053443908691406,0.42771705985069275,-0.6652047038078308,1744175691110,0.05711585655808449,0.018325943499803543,-0.08368847519159317,1744175690993,-47.85000228881836,-1.9687501192092896,24.20625114440918,1001.0700073242188,147.25956532909362,87.56385842187242,93.78556315535668,2.436141578127584,3.7821517608943105,-4.649763004590459,4.497869940959748,0.10296515019857728,355.35023699540955,-0.6110486438128993
1744175691860,1744175691085,10.053443908691406,0.42771705985069275,-0.6652047038078308,1744175691110,0.05711585655808449,0.018325943499803543,-0.08368847519159317,1744175690993,-47.85000228881836,-1.9687501192092896,24.20625114440918,1001.0774536132812,147.25956532909362,87.56385842187242,93.78556315535668,2.436141578127584,3.7821517608943105,-4.649763004590459,4.497869940959748,0.10296515019857728,355.35023699540955,-0.6737974013503911
1744175691868,1744175691085,10.053443908691406,0.42771705985069275,-0.6652047038078308,1744175691110,0.05711585655808449,0.018325943499803543,-0.08368847519159317,1744175691193,-47.64375305175781,-2.2875001430511475,23.962501525878906,1001.0774536132812,147.25956532909362,87.56385842187242,93.78556315535668,2.436141578127584,3.7821517608943105,-5.45302586838295,4.497869940959748,0.10296515019857728,354.54697413161705,-0.6737974013503911
1744175691892,1744175691085,10.053443908691406,0.42771705985069275,-0.6652047038078308,1744175691214,0.05146535858511925,-0.07406735420227051,0.12996147572994232,1744175691193,-47.64375305175781,-2.2875001430511475,23.962501525878906,1001.0774536132812,147.25956532909362,87.56385842187242,93.78556315535668,2.436141578127584,3.7821517608943105,-5.45302586838295,4.497869940959748,0.15819178634405737,354.54697413161705,-0.6737974013503911
1744175691952,1744175691214,10.27178955078125,0.3696911036968231,-0.5581258535385132,1744175691214,0.05146535858511925,-0.07406735420227051,0.12996147572994232,1744175691193,-47.64375305175781,-2.2875001430511475,23.962501525878906,1001.0774536132812,146.4803266394307,87.93876217297472,93.11015336497655,2.0612378270252782,3.1081449045401035,-5.45302586838295,3.7289539137174916,0.15819178634405737,354.54697413161705,-0.6737974013503911
1744175692003,1744175691214,10.27178955078125,0.3696911036968231,-0.5581258535385132,1744175691214,0.05146535858511925,-0.07406735420227051,0.12996147572994232,1744175691293,-47.775001525878906,-2.625,24,1001.0774536132812,146.4803266394307,87.93876217297472,93.11015336497655,2.0612378270252782,3.1081449045401035,-6.241914347415048,3.7289539137174916,0.15819178634405737,353.75808565258495,-0.6737974013503911
1744175692004,1744175691214,10.27178955078125,0.3696911036968231,-0.5581258535385132,1744175691318,0.021991131827235222,-0.06551524996757507,0.047952886670827866,1744175691293,-47.775001525878906,-2.625,24,1001.0774536132812,146.4803266394307,87.93876217297472,93.11015336497655,2.0612378270252782,3.1081449045401035,-6.241914347415048,3.7289539137174916,0.08411502361303802,353.75808565258495,-0.6737974013503911
1744175692016,1744175691214,10.27178955078125,0.3696911036968231,-0.5581258535385132,1744175691318,0.021991131827235222,-0.06551524996757507,0.047952886670827866,1744175691293,-47.775001525878906,-2.625,24,1001.0812377929688,146.4803266394307,87.93876217297472,93.11015336497655,2.0612378270252782,3.1081449045401035,-6.241914347415048,3.7289539137174916,0.08411502361303802,353.75808565258495,-0.7056859693645645
1744175692037,1744175691345,9.33559799194336,0.5629115104675293,-0.41515472531318665,1744175691318,0.021991131827235222,-0.06551524996757507,0.047952886670827866,1744175691293,-47.775001525878906,-2.625,24,1001.0812377929688,126.4092681148245,86.54939604286928,92.54626989819042,3.450603957130729,2.541659719863852,-6.241914347415048,4.284727383697403,0.08411502361303802,353.75808565258495,-0.7056859693645645
1744175692096,1744175691345,9.33559799194336,0.5629115104675293,-0.41515472531318665,1744175691318,0.021991131827235222,-0.06551524996757507,0.047952886670827866,1744175691393,-47.493751525878906,-1.8562500476837158,23.64375114440918,1001.0812377929688,126.4092681148245,86.54939604286928,92.54626989819042,3.450603957130729,2.541659719863852,-4.489033232660944,4.284727383697403,0.08411502361303802,355.510966767339,-0.7056859693645645
1744175692102,1744175691345,9.33559799194336,0.5629115104675293,-0.41515472531318665,1744175691422,0.14278964698314667,0.05803215503692627,-0.03222311660647392,1744175691393,-47.493751525878906,-1.8562500476837158,23.64375114440918,1001.0812377929688,126.4092681148245,86.54939604286928,92.54626989819042,3.450603957130729,2.541659719863852,-4.489033232660944,4.284727383697403,0.15746410240952033,355.510966767339,-0.7056859693645645
1744175692156,1744175691475,9.34157943725586,0.5282155871391296,-0.13220344483852386,1744175691422,0.14278964698314667,0.05803215503692627,-0.03222311660647392,1744175691393,-47.493751525878906,-1.8562500476837158,23.64375114440918,1001.0812377929688,104.051509785976,86.76368102931919,90.81080440866491,3.2363189706808106,0.8095114930962513,-4.489033232660944,3.335921501044858,0.15746410240952033,355.510966767339,-0.7056859693645645
1744175692201,1744175691475,9.34157943725586,0.5282155871391296,-0.13220344483852386,1744175691422,0.14278964698314667,0.05803215503692627,-0.03222311660647392,1744175691493,-47.400001525878906,-2.7375001907348633,23.793750762939453,1001.0812377929688,104.051509785976,86.76368102931919,90.81080440866491,3.2363189706808106,0.8095114930962513,-6.5630930946496875,3.335921501044858,0.15746410240952033,353.4369069053503,-0.7056859693645645
1744175692221,1744175691475,9.34157943725586,0.5282155871391296,-0.13220344483852386,1744175691422,0.14278964698314667,0.05803215503692627,-0.03222311660647392,1744175691493,-47.400001525878906,-2.7375001907348633,23.793750762939453,1001.0862426757812,104.051509785976,86.76368102931919,90.81080440866491,3.2363189706808106,0.8095114930962513,-6.5630930946496875,3.335921501044858,0.15746410240952033,353.4369069053503,-0.7478610223168181
1744175692222,1744175691475,9.34157943725586,0.5282155871391296,-0.13220344483852386,1744175691526,0.011911863461136818,-0.07895427197217941,-0.19104796648025513,1744175691493,-47.400001525878906,-2.7375001907348633,23.793750762939453,1001.0862426757812,104.051509785976,86.76368102931919,90.81080440866491,3.2363189706808106,0.8095114930962513,-6.5630930946496875,3.335921501044858,0.20706278045562493,353.4369069053503,-0.7478610223168181
1744175692278,1744175691475,9.34157943725586,0.5282155871391296,-0.13220344483852386,1744175691526,0.011911863461136818,-0.07895427197217941,-0.19104796648025513,1744175691593,-47.868751525878906,-1.40625,23.4375,1001.0862426757812,104.051509785976,86.76368102931919,90.81080440866491,3.2363189706808106,0.8095114930962513,-3.433630362450522,3.335921501044858,0.20706278045562493,356.5663696375495,-0.7478610223168181
1744175692327,1744175691604,9.683155059814453,0.19262222945690155,-0.7447660565376282,1744175691526,0.011911863461136818,-0.07895427197217941,-0.19104796648025513,1744175691593,-47.868751525878906,-1.40625,23.4375,1001.0862426757812,165.49908920202284,88.86039360977074,94.39816404056162,1.1396063902292626,4.3972975083443195,-3.433630362450522,4.542287659404983,0.20706278045562493,356.5663696375495,-0.7478610223168181
1744175692336,1744175691604,9.683155059814453,0.19262222945690155,-0.7447660565376282,1744175691629,0.588110089302063,-0.1207985132932663,-0.4378373324871063,1744175691593,-47.868751525878906,-1.40625,23.4375,1001.0862426757812,165.49908920202284,88.86039360977074,94.39816404056162,1.1396063902292626,4.3972975083443195,-3.433630362450522,4.542287659404983,0.7430795971308651,356.5663696375495,-0.7478610223168181
1744175692336,1744175691604,9.683155059814453,0.19262222945690155,-0.7447660565376282,1744175691629,0.588110089302063,-0.1207985132932663,-0.4378373324871063,1744175691593,-47.868751525878906,-1.40625,23.4375,1001.0962524414062,165.49908920202284,88.86039360977074,94.39816404056162,1.1396063902292626,4.3972975083443195,-3.433630362450522,4.542287659404983,0.7430795971308651,356.5663696375495,-0.8322106160383136
1744175692396,1744175691604,9.683155059814453,0.19262222945690155,-0.7447660565376282,1744175691629,0.588110089302063,-0.1207985132932663,-0.4378373324871063,1744175691693,-47.28750228881836,-1.256250023841858,22.5,1001.0962524414062,165.49908920202284,88.86039360977074,94.39816404056162,1.1396063902292626,4.3972975083443195,-3.19569645944365,4.542287659404983,0.7430795971308651,356.80430354055636,-0.8322106160383136
1744175692402,1744175691604,9.683155059814453,0.19262222945690155,-0.7447660565376282,1744175691733,0.29565855860710144,-0.4839576184749603,0.2747364342212677,1744175691693,-47.28750228881836,-1.256250023841858,22.5,1001.0962524414062,165.49908920202284,88.86039360977074,94.39816404056162,1.1396063902292626,4.3972975083443195,-3.19569645944365,4.542287659404983,0.6301659051759315,356.80430354055636,-0.8322106160383136
1744175692429,1744175691735,11.11884880065918,0.9128618240356445,0.10707881301641464,1744175691733,0.29565855860710144,-0.4839576184749603,0.2747364342212677,1744175691693,-47.28750228881836,-1.256250023841858,22.5,1001.0962524414062,83.30977002456063,85.30652068752782,89.4482365472908,4.693479312472175,-0.5499133412156154,-3.19569645944365,4.725513307538717,0.6301659051759315,356.80430354055636,-0.8322106160383136
1744175692490,1744175691735,11.11884880065918,0.9128618240356445,0.10707881301641464,1744175691733,0.29565855860710144,-0.4839576184749603,0.2747364342212677,1744175691793,-48.375003814697266,-3.562500238418579,19.818750381469727,1001.0962524414062,83.30977002456063,85.30652068752782,89.4482365472908,4.693479312472175,-0.5499133412156154,-10.190322344026008,4.725513307538717,0.6301659051759315,349.809677655974,-0.8322106160383136
1744175692511,1744175691735,11.11884880065918,0.9128618240356445,0.10707881301641464,1744175691733,0.29565855860710144,-0.4839576184749603,0.2747364342212677,1744175691793,-48.375003814697266,-3.562500238418579,19.818750381469727,1001.10498046875,83.30977002456063,85.30652068752782,89.4482365472908,4.693479312472175,-0.5499133412156154,-10.190322344026008,4.725513307538717,0.6301659051759315,349.809677655974,-0.9057587898083463
1744175692521,1744175691735,11.11884880065918,0.9128618240356445,0.10707881301641464,1744175691838,-0.03375028073787689,-0.4477638900279999,0.5317577719688416,1744175691793,-48.375003814697266,-3.562500238418579,19.818750381469727,1001.10498046875,83.30977002456063,85.30652068752782,89.4482365472908,4.693479312472175,-0.5499133412156154,-10.190322344026008,4.725513307538717,0.6959870047006329,349.809677655974,-0.9057587898083463
1744175692576,1744175691886,16.692331314086914,5.889933109283447,0.06340979784727097,1744175691838,-0.03375028073787689,-0.4477638900279999,0.5317577719688416,1744175691793,-48.375003814697266,-3.562500238418579,19.818750381469727,1001.10498046875,89.38318935432521,70.56447634808394,89.78234937634298,19.43552365191606,-0.20524824631698751,-10.190322344026008,19.436565492476433,0.6959870047006329,349.809677655974,-0.9057587898083463
1744175692635,1744175691886,16.692331314086914,5.889933109283447,0.06340979784727097,1744175691942,0.30512696504592896,-0.4569268524646759,1.8668028116226196,1744175691793,-48.375003814697266,-3.562500238418579,19.818750381469727,1001.10498046875,89.38318935432521,70.56447634808394,89.78234937634298,19.43552365191606,-0.20524824631698751,-10.190322344026008,19.436565492476433,1.945979791977176,349.809677655974,-0.9057587898083463
1744175692669,1744175691886,16.692331314086914,5.889933109283447,0.06340979784727097,1744175691942,0.30512696504592896,-0.4569268524646759,1.8668028116226196,1744175691793,-48.375003814697266,-3.562500238418579,19.818750381469727,1001.1287231445312,89.38318935432521,70.56447634808394,89.78234937634298,19.43552365191606,-0.20524824631698751,-10.190322344026008,19.436565492476433,1.945979791977176,349.809677655974,-1.1058277682298878
1744175692684,1744175691886,16.692331314086914,5.889933109283447,0.06340979784727097,1744175691942,0.30512696504592896,-0.4569268524646759,1.8668028116226196,1744175691993,-48.937503814697266,-16.96875,14.362500190734863,1001.1287231445312,89.38318935432521,70.56447634808394,89.78234937634298,19.43552365191606,-0.20524824631698751,-49.755128248436144,19.436565492476433,1.945979791977176,310.24487175156384,-1.1058277682298878
1744175692684,1744175692017,17.51905059814453,7.506882667541504,0.9349954724311829,1744175691942,0.30512696504592896,-0.4569268524646759,1.8668028116226196,1744175691993,-48.937503814697266,-16.96875,14.362500190734863,1001.1287231445312,82.9002720121411,66.80495139350418,86.94501039941372,23.19504860649582,-2.808465577525124,-49.755128248436144,23.355128421993907,1.945979791977176,310.24487175156384,-1.1058277682298878
1744175692760,1744175692017,17.51905059814453,7.506882667541504,0.9349954724311829,1744175692046,0.3214675784111023,-0.5682569742202759,3.973522663116455,1744175691993,-48.937503814697266,-16.96875,14.362500190734863,1001.1287231445312,82.9002720121411,66.80495139350418,86.94501039941372,23.19504860649582,-2.808465577525124,-49.755128248436144,23.355128421993907,4.02680267048431,310.24487175156384,-1.1058277682298878
1744175692817,1744175692017,17.51905059814453,7.506882667541504,0.9349954724311829,1744175692046,0.3214675784111023,-0.5682569742202759,3.973522663116455,1744175692093,-38.85000228881836,-35.32500076293945,9.393750190734863,1001.1287231445312,82.9002720121411,66.80495139350418,86.94501039941372,23.19504860649582,-2.808465577525124,-75.10834001633849,23.355128421993907,4.02680267048431,284.8916599836615,-1.1058277682298878
1744175692819,1744175692017,17.51905059814453,7.506882667541504,0.9349954724311829,1744175692046,0.3214675784111023,-0.5682569742202759,3.973522663116455,1744175692093,-38.85000228881836,-35.32500076293945,9.393750190734863,1001.1649780273438,82.9002720121411,66.80495139350418,86.94501039941372,23.19504860649582,-2.808465577525124,-75.10834001633849,23.355128421993907,4.02680267048431,284.8916599836615,-1.4113241430692436
1744175692819,1744175692017,17.51905059814453,7.506882667541504,0.9349954724311829,1744175692150,0.28405213356018066,-0.24205516278743744,4.949378967285156,1744175692093,-38.85000228881836,-35.32500076293945,9.393750190734863,1001.1649780273438,82.9002720121411,66.80495139350418,86.94501039941372,23.19504860649582,-2.808465577525124,-75.10834001633849,23.355128421993907,4.963429104783993,284.8916599836615,-1.4113241430692436
1744175692823,1744175692146,17.51067543029785,3.8057844638824463,-2.2121646404266357,1744175692150,0.28405213356018066,-0.24205516278743744,4.949378967285156,1744175692093,-38.85000228881836,-35.32500076293945,9.393750190734863,1001.1649780273438,120.16788550104069,77.73798860156451,97.20016714247006,12.262011398435494,7.037572936190225,-75.10834001633849,14.11117081110951,4.963429104783993,284.8916599836615,-1.4113241430692436
1744175692938,1744175692146,17.51067543029785,3.8057844638824463,-2.2121646404266357,1744175692253,0.5267181396484375,-0.17653992772102356,5.235874652862549,1744175692093,-38.85000228881836,-35.32500076293945,9.393750190734863,1001.1649780273438,120.16788550104069,77.73798860156451,97.20016714247006,12.262011398435494,7.037572936190225,-75.10834001633849,14.11117081110951,5.26526179075675,284.8916599836615,-1.4113241430692436
1744175692982,1744175692276,7.7730841636657715,0.6394818425178528,0.6382854580879211,1744175692253,0.5267181396484375,-0.17653992772102356,5.235874652862549,1744175692093,-38.85000228881836,-35.32500076293945,9.393750190734863,1001.1649780273438,45.05364651172903,85.29693964413887,85.3056990773913,4.703060355861122,-4.6785655356919005,-75.10834001633849,6.630124231527946,5.26526179075675,284.8916599836615,-1.4113241430692436
1744175692994,1744175692276,7.7730841636657715,0.6394818425178528,0.6382854580879211,1744175692253,0.5267181396484375,-0.17653992772102356,5.235874652862549,1744175692293,9.9375,-52.48125076293945,3.2250001430511475,1001.1649780273438,45.05364651172903,85.29693964413887,85.3056990773913,4.703060355861122,-4.6785655356919005,-86.4835663268847,6.630124231527946,5.26526179075675,273.51643367311533,-1.4113241430692436
1744175692994,1744175692276,7.7730841636657715,0.6394818425178528,0.6382854580879211,1744175692253,0.5267181396484375,-0.17653992772102356,5.235874652862549,1744175692293,9.9375,-52.48125076293945,3.2250001430511475,1001.1524658203125,45.05364651172903,85.29693964413887,85.3056990773913,4.703060355861122,-4.6785655356919005,-86.4835663268847,6.630124231527946,5.26526179075675,273.51643367311533,-1.3058929047768375
1744175693064,1744175692276,7.7730841636657715,0.6394818425178528,0.6382854580879211,1744175692357,0.09239330142736435,0.189673513174057,4.108982086181641,1744175692293,9.9375,-52.48125076293945,3.2250001430511475,1001.1524658203125,45.05364651172903,85.29693964413887,85.3056990773913,4.703060355861122,-4.6785655356919005,-86.4835663268847,6.630124231527946,4.114395016075883,273.51643367311533,-1.3058929047768375
1744175693068,1744175692276,7.7730841636657715,0.6394818425178528,0.6382854580879211,1744175692357,0.09239330142736435,0.189673513174057,4.108982086181641,1744175692393,30.693750381469727,-45.11250305175781,2.2875001430511475,1001.1524658203125,45.05364651172903,85.29693964413887,85.3056990773913,4.703060355861122,-4.6785655356919005,-87.09721387205369,6.630124231527946,4.114395016075883,272.90278612794634,-1.3058929047768375
1744175693124,1744175692406,-0.9302098155021667,0.9224331378936768,2.472383975982666,1744175692357,0.09239330142736435,0.189673513174057,4.108982086181641,1744175692393,30.693750381469727,-45.11250305175781,2.2875001430511475,1001.1524658203125,20.46027397675364,-45.24050407977021,-20.618308776889073,135.2405040797702,-62.08248183852596,-87.09721387205369,109.41780094954133,4.114395016075883,272.90278612794634,-1.3058929047768375
1744175693125,1744175692406,-0.9302098155021667,0.9224331378936768,2.472383975982666,1744175692357,0.09239330142736435,0.189673513174057,4.108982086181641,1744175692393,30.693750381469727,-45.11250305175781,2.2875001430511475,1001.0687255859375,20.46027397675364,-45.24050407977021,-20.618308776889073,135.2405040797702,-62.08248183852596,-87.09721387205369,109.41780094954133,4.114395016075883,272.90278612794634,-0.6002475900495519
1744175693139,1744175692406,-0.9302098155021667,0.9224331378936768,2.472383975982666,1744175692461,-0.4036289155483246,0.6023126840591431,2.9578073024749756,1744175692393,30.693750381469727,-45.11250305175781,2.2875001430511475,1001.0687255859375,20.46027397675364,-45.24050407977021,-20.618308776889073,135.2405040797702,-62.08248183852596,-87.09721387205369,109.41780094954133,3.045376973285826,272.90278612794634,-0.6002475900495519
1744175693243,1744175692536,-3.1070802211761475,1.8508483171463013,3.871587038040161,1744175692461,-0.4036289155483246,0.6023126840591431,2.9578073024749756,1744175692393,30.693750381469727,-45.11250305175781,2.2875001430511475,1001.0687255859375,25.55056679581965,-59.21827880993383,-38.74822775788748,149.21827880993385,-46.95050478204127,-87.09721387205369,125.90642434836072,3.045376973285826,272.90278612794634,-0.6002475900495519
1744175693245,1744175692536,-3.1070802211761475,1.8508483171463013,3.871587038040161,1744175692565,-0.9045380353927612,1.0607666969299316,2.1520767211914062,1744175692393,30.693750381469727,-45.11250305175781,2.2875001430511475,1001.0687255859375,25.55056679581965,-59.21827880993383,-38.74822775788748,149.21827880993385,-46.95050478204127,-87.09721387205369,125.90642434836072,2.5641468867211543,272.90278612794634,-0.6002475900495519
1744175693268,1744175692536,-3.1070802211761475,1.8508483171463013,3.871587038040161,1744175692565,-0.9045380353927612,1.0607666969299316,2.1520767211914062,1744175692593,50.47500228881836,-24.450000762939453,0.8437500596046448,1001.0687255859375,25.55056679581965,-59.21827880993383,-38.74822775788748,149.21827880993385,-46.95050478204127,-88.02355259199828,125.90642434836072,2.5641468867211543,271.9764474080017,-0.6002475900495519
1744175693345,1744175692536,-3.1070802211761475,1.8508483171463013,3.871587038040161,1744175692565,-0.9045380353927612,1.0607666969299316,2.1520767211914062,1744175692593,50.47500228881836,-24.450000762939453,0.8437500596046448,1000.9987182617188,25.55056679581965,-59.21827880993383,-38.74822775788748,149.21827880993385,-46.95050478204127,-88.02355259199828,125.90642434836072,2.5641468867211543,271.9764474080017,-0.010287310805379146
1744175693346,1744175692536,-3.1070802211761475,1.8508483171463013,3.871587038040161,1744175692669,-0.8339831233024597,1.0509928464889526,1.5586215257644653,1744175692593,50.47500228881836,-24.450000762939453,0.8437500596046448,1000.9987182617188,25.55056679581965,-59.21827880993383,-38.74822775788748,149.21827880993385,-46.95050478204127,-88.02355259199828,125.90642434836072,2.056554126178211,271.9764474080017,-0.010287310805379146
1744175693361,1744175692688,-5.848058700561523,-0.15912270545959473,7.861020565032959,1744175692669,-0.8339831233024597,1.0509928464889526,1.5586215257644653,1744175692593,50.47500228881836,-24.450000762939453,0.8437500596046448,1000.9987182617188,-1.1596222749557008,-91.55860447975452,-36.6467110978265,-178.4413955202455,-53.34313493050157,-88.02355259199828,126.64109108368365,2.056554126178211,271.9764474080017,-0.010287310805379146
1744175693438,1744175692688,-5.848058700561523,-0.15912270545959473,7.861020565032959,1744175692669,-0.8339831233024597,1.0509928464889526,1.5586215257644653,1744175692693,52.275001525878906,-16.181251525878906,-1.1437500715255737,1000.9987182617188,-1.1596222749557008,-91.55860447975452,-36.6467110978265,-178.4413955202455,-53.34313493050157,-94.04315087571173,126.64109108368365,2.056554126178211,265.9568491242883,-0.010287310805379146
1744175693450,1744175692688,-5.848058700561523,-0.15912270545959473,7.861020565032959,1744175692774,-0.4932733178138733,0.7825177907943726,1.1965314149856567,1744175692693,52.275001525878906,-16.181251525878906,-1.1437500715255737,1000.9987182617188,-1.1596222749557008,-91.55860447975452,-36.6467110978265,-178.4413955202455,-53.34313493050157,-94.04315087571173,126.64109108368365,1.512395479371844,265.9568491242883,-0.010287310805379146
1744175693462,1744175692688,-5.848058700561523,-0.15912270545959473,7.861020565032959,1744175692774,-0.4932733178138733,0.7825177907943726,1.1965314149856567,1744175692693,52.275001525878906,-16.181251525878906,-1.1437500715255737,1000.9400024414062,-1.1596222749557008,-91.55860447975452,-36.6467110978265,-178.4413955202455,-53.34313493050157,-94.04315087571173,126.64109108368365,1.512395479371844,265.9568491242883,0.48454384575162823
1744175693526,1744175692818,-9.762716293334961,-0.30987054109573364,8.885149002075195,1744175692774,-0.4932733178138733,0.7825177907943726,1.1965314149856567,1744175692693,52.275001525878906,-16.181251525878906,-1.1437500715255737,1000.9400024414062,-1.9973870362990649,-91.81796901041841,-47.694347716958,-178.1820309895816,-42.29129311375686,-94.04315087571173,137.67701292755245,1.512395479371844,265.9568491242883,0.48454384575162823
1744175693562,1744175692818,-9.762716293334961,-0.30987054109573364,8.885149002075195,1744175692878,-0.624456524848938,0.5172497630119324,0.6464476585388184,1744175692693,52.275001525878906,-16.181251525878906,-1.1437500715255737,1000.9400024414062,-1.9973870362990649,-91.81796901041841,-47.694347716958,-178.1820309895816,-42.29129311375686,-94.04315087571173,137.67701292755245,1.0370090857811387,265.9568491242883,0.48454384575162823
1744175693576,1744175692818,-9.762716293334961,-0.30987054109573364,8.885149002075195,1744175692878,-0.624456524848938,0.5172497630119324,0.6464476585388184,1744175692893,50.88750076293945,-7.181250095367432,-5.118750095367432,1000.9400024414062,-1.9973870362990649,-91.81796901041841,-47.694347716958,-178.1820309895816,-42.29129311375686,-125.48103358607085,137.67701292755245,1.0370090857811387,234.51896641392915,0.48454384575162823
1744175693601,1744175692948,-9.535996437072754,0.14476576447486877,5.755336761474609,1744175692878,-0.624456524848938,0.5172497630119324,0.6464476585388184,1744175692893,50.88750076293945,-7.181250095367432,-5.118750095367432,1000.9400024414062,1.4408746277060545,-89.13026076736251,-58.887420414304664,179.13026076736253,-31.109659210805592,-125.48103358607085,148.879403898947,1.0370090857811387,234.51896641392915,0.48454384575162823
1744175693608,1744175692948,-9.535996437072754,0.14476576447486877,5.755336761474609,1744175692878,-0.624456524848938,0.5172497630119324,0.6464476585388184,1744175692893,50.88750076293945,-7.181250095367432,-5.118750095367432,1000.9199829101562,1.4408746277060545,-89.13026076736251,-58.887420414304664,179.13026076736253,-31.109659210805592,-125.48103358607085,148.879403898947,1.0370090857811387,234.51896641392915,0.6532650392527783
1744175693668,1744175692948,-9.535996437072754,0.14476576447486877,5.755336761474609,1744175692981,-0.44211336970329285,0.38240134716033936,0.20433427393436432,1744175692893,50.88750076293945,-7.181250095367432,-5.118750095367432,1000.9199829101562,1.4408746277060545,-89.13026076736251,-58.887420414304664,179.13026076736253,-31.109659210805592,-125.48103358607085,148.879403898947,0.6192313925219931,234.51896641392915,0.6532650392527783
1744175693723,1744175693013,-9.050851821899414,1.0845468044281006,4.698307037353516,1744175692981,-0.44211336970329285,0.38240134716033936,0.20433427393436432,1744175692893,50.88750076293945,-7.181250095367432,-5.118750095367432,1000.9199829101562,12.998346173829654,-83.16693344861045,-62.566124697562756,173.16693344861045,-27.267208606437766,-125.48103358607085,151.9534497759459,0.6192313925219931,234.51896641392915,0.6532650392527783
1744175693758,1744175693013,-9.050851821899414,1.0845468044281006,4.698307037353516,1744175693085,-0.058795735239982605,0.14599667489528656,-0.02519817277789116,1744175692893,50.88750076293945,-7.181250095367432,-5.118750095367432,1000.9199829101562,12.998346173829654,-83.16693344861045,-62.566124697562756,173.16693344861045,-27.267208606437766,-125.48103358607085,151.9534497759459,0.1593954688008244,234.51896641392915,0.6532650392527783
1744175693795,1744175693013,-9.050851821899414,1.0845468044281006,4.698307037353516,1744175693085,-0.058795735239982605,0.14599667489528656,-0.02519817277789116,1744175693093,47.00625228881836,-5.006250381469727,-6.656250476837158,1000.9199829101562,12.998346173829654,-83.16693344861045,-62.566124697562756,173.16693344861045,-27.267208606437766,-143.05271040781318,151.9534497759459,0.1593954688008244,216.94728959218682,0.6532650392527783
1744175693795,1744175693013,-9.050851821899414,1.0845468044281006,4.698307037353516,1744175693085,-0.058795735239982605,0.14599667489528656,-0.02519817277789116,1744175693093,47.00625228881836,-5.006250381469727,-6.656250476837158,1000.9161987304688,12.998346173829654,-83.16693344861045,-62.566124697562756,173.16693344861045,-27.267208606437766,-143.05271040781318,151.9534497759459,0.1593954688008244,216.94728959218682,0.6851577670387365
1744175693858,1744175693165,-8.611170768737793,1.7407784461975098,4.8059844970703125,1744175693085,-0.058795735239982605,0.14599667489528656,-0.02519817277789116,1744175693093,47.00625228881836,-5.006250381469727,-6.656250476837158,1000.9161987304688,19.91092286878774,-78.57147510956422,-60.83365672535846,168.5714751095642,-28.680626628643786,-143.05271040781318,149.30690433896928,0.1593954688008244,216.94728959218682,0.6851577670387365
1744175693859,1744175693165,-8.611170768737793,1.7407784461975098,4.8059844970703125,1744175693189,-0.09300415962934494,0.11972949653863907,-0.1182023361325264,1744175693093,47.00625228881836,-5.006250381469727,-6.656250476837158,1000.9161987304688,19.91092286878774,-78.57147510956422,-60.83365672535846,168.5714751095642,-28.680626628643786,-143.05271040781318,149.30690433896928,0.19224130231805917,216.94728959218682,0.6851577670387365
1744175693869,1744175693165,-8.611170768737793,1.7407784461975098,4.8059844970703125,1744175693189,-0.09300415962934494,0.11972949653863907,-0.1182023361325264,1744175693193,48.82500076293945,-6.768750190734863,-8.34375,1000.9161987304688,19.91092286878774,-78.57147510956422,-60.83365672535846,168.5714751095642,-28.680626628643786,-140.94979239495171,149.30690433896928,0.19224130231805917,219.05020760504829,0.6851577670387365
1744175693930,1744175693165,-8.611170768737793,1.7407784461975098,4.8059844970703125,1744175693189,-0.09300415962934494,0.11972949653863907,-0.1182023361325264,1744175693193,48.82500076293945,-6.768750190734863,-8.34375,1000.918701171875,19.91092286878774,-78.57147510956422,-60.83365672535846,168.5714751095642,-28.680626628643786,-140.94979239495171,149.30690433896928,0.19224130231805917,219.05020760504829,0.6640674038597283
1744175693963,1744175693273,-7.6390862464904785,2.695514678955078,6.1124653816223145,1744175693189,-0.09300415962934494,0.11972949653863907,-0.1182023361325264,1744175693193,48.82500076293945,-6.768750190734863,-8.34375,1000.918701171875,23.796831447192684,-70.56418982026675,-51.33472064223372,160.56418982026673,-37.03672886294143,-140.94979239495171,138.83013143076406,0.19224130231805917,219.05020760504829,0.6640674038597283
1744175693988,1744175693273,-7.6390862464904785,2.695514678955078,6.1124653816223145,1744175693294,-0.028863361105322838,-0.05803215503692627,-0.14019346237182617,1744175693193,48.82500076293945,-6.768750190734863,-8.34375,1000.918701171875,23.796831447192684,-70.56418982026675,-51.33472064223372,160.56418982026673,-37.03672886294143,-140.94979239495171,138.83013143076406,0.15445074141721285,219.05020760504829,0.6640674038597283
1744175693988,1744175693273,-7.6390862464904785,2.695514678955078,6.1124653816223145,1744175693294,-0.028863361105322838,-0.05803215503692627,-0.14019346237182617,1744175693293,49.29375076293945,-6.993750095367432,-8.40000057220459,1000.918701171875,23.796831447192684,-70.56418982026675,-51.33472064223372,160.56418982026673,-37.03672886294143,-140.2195988046202,138.83013143076406,0.15445074141721285,219.7804011953798,0.6640674038597283
1744175694064,1744175693273,-7.6390862464904785,2.695514678955078,6.1124653816223145,1744175693398,-0.33078327775001526,-0.01802051067352295,-0.15760311484336853,1744175693293,49.29375076293945,-6.993750095367432,-8.40000057220459,1000.918701171875,23.796831447192684,-70.56418982026675,-51.33472064223372,160.56418982026673,-37.03672886294143,-140.2195988046202,138.83013143076406,0.3668529098321428,219.7804011953798,0.6640674038597283
1744175694102,1744175693273,-7.6390862464904785,2.695514678955078,6.1124653816223145,1744175693398,-0.33078327775001526,-0.01802051067352295,-0.15760311484336853,1744175693293,49.29375076293945,-6.993750095367432,-8.40000057220459,1000.9224853515625,23.796831447192684,-70.56418982026675,-51.33472064223372,160.56418982026673,-37.03672886294143,-140.2195988046202,138.83013143076406,0.3668529098321428,219.7804011953798,0.6321747406355638
1744175694111,1744175693402,-7.519444942474365,2.6321048736572266,4.380061626434326,1744175693398,-0.33078327775001526,-0.01802051067352295,-0.15760311484336853,1744175693293,49.29375076293945,-6.993750095367432,-8.40000057220459,1000.9224853515625,31.00286722944479,-70.7079231774299,-59.7792857143847,160.7079231774299,-28.801501672485415,-140.2195988046202,145.8006758954983,0.3668529098321428,219.7804011953798,0.6321747406355638
1744175694166,1744175693402,-7.519444942474365,2.6321048736572266,4.380061626434326,1744175693398,-0.33078327775001526,-0.01802051067352295,-0.15760311484336853,1744175693493,50.19375228881836,-10.537500381469727,-8.793750762939453,1000.9224853515625,31.00286722944479,-70.7079231774299,-59.7792857143847,160.7079231774299,-28.801501672485415,-129.84566051458458,145.8006758954983,0.3668529098321428,230.15433948541542,0.6321747406355638
1744175694169,1744175693402,-7.519444942474365,2.6321048736572266,4.380061626434326,1744175693501,-0.36651885509490967,0.10613775253295898,-0.33017241954803467,1744175693493,50.19375228881836,-10.537500381469727,-8.793750762939453,1000.9224853515625,31.00286722944479,-70.7079231774299,-59.7792857143847,160.7079231774299,-28.801501672485415,-129.84566051458458,145.8006758954983,0.504594015306399,230.15433948541542,0.6321747406355638
1744175694223,1744175693533,-7.751548767089844,3.4983067512512207,4.164707660675049,1744175693501,-0.36651885509490967,0.10613775253295898,-0.33017241954803467,1744175693493,50.19375228881836,-10.537500381469727,-8.793750762939453,1000.9224853515625,40.029874650472934,-65.71014206847563,-61.75200596622656,155.71014206847565,-26.091576383972885,-129.84566051458458,144.9438577706975,0.504594015306399,230.15433948541542,0.6321747406355638
1744175694264,1744175693533,-7.751548767089844,3.4983067512512207,4.164707660675049,1744175693501,-0.36651885509490967,0.10613775253295898,-0.33017241954803467,1744175693493,50.19375228881836,-10.537500381469727,-8.793750762939453,1000.9287109375,40.029874650472934,-65.71014206847563,-61.75200596622656,155.71014206847565,-26.091576383972885,-129.84566051458458,144.9438577706975,0.504594015306399,230.15433948541542,0.5797063780842715
1744175694272,1744175693533,-7.751548767089844,3.4983067512512207,4.164707660675049,1744175693501,-0.36651885509490967,0.10613775253295898,-0.33017241954803467,1744175693593,49.57500076293945,-11.325000762939453,-8.96250057220459,1000.9287109375,40.029874650472934,-65.71014206847563,-61.75200596622656,155.71014206847565,-26.091576383972885,-128.35776507643436,144.9438577706975,0.504594015306399,231.64223492356564,0.5797063780842715
1744175694272,1744175693533,-7.751548767089844,3.4983067512512207,4.164707660675049,1744175693605,-0.0665842592716217,0.10201441496610641,-0.15271618962287903,1744175693593,49.57500076293945,-11.325000762939453,-8.96250057220459,1000.9287109375,40.029874650472934,-65.71014206847563,-61.75200596622656,155.71014206847565,-26.091576383972885,-128.35776507643436,144.9438577706975,0.19535260176552202,231.64223492356564,0.5797063780842715
1744175694379,1744175693684,-7.598408222198486,4.325026988983154,4.445864677429199,1744175693605,-0.0665842592716217,0.10201441496610641,-0.15271618962287903,1744175693593,49.57500076293945,-11.325000762939453,-8.96250057220459,1000.9287109375,44.2106787063551,-60.35139381391108,-59.66789497424394,150.3513938139111,-26.95334756793982,-128.35776507643436,140.7753969148633,0.19535260176552202,231.64223492356564,0.5797063780842715
1744175694400,1744175693684,-7.598408222198486,4.325026988983154,4.445864677429199,1744175693709,-0.03023780696094036,0.11682789027690887,-0.050549060106277466,1744175693593,49.57500076293945,-11.325000762939453,-8.96250057220459,1000.9287109375,44.2106787063551,-60.35139381391108,-59.66789497424394,150.3513938139111,-26.95334756793982,-128.35776507643436,140.7753969148633,0.1308368770415612,231.64223492356564,0.5797063780842715
1744175694410,1744175693684,-7.598408222198486,4.325026988983154,4.445864677429199,1744175693709,-0.03023780696094036,0.11682789027690887,-0.050549060106277466,1744175693593,49.57500076293945,-11.325000762939453,-8.96250057220459,1000.9324951171875,44.2106787063551,-60.35139381391108,-59.66789497424394,150.3513938139111,-26.95334756793982,-128.35776507643436,140.7753969148633,0.1308368770415612,231.64223492356564,0.5478139731072817
1744175694468,1744175693684,-7.598408222198486,4.325026988983154,4.445864677429199,1744175693709,-0.03023780696094036,0.11682789027690887,-0.050549060106277466,1744175693793,49.500003814697266,-13.012500762939453,-10.537500381469727,1000.9324951171875,44.2106787063551,-60.35139381391108,-59.66789497424394,150.3513938139111,-26.95334756793982,-129.00049205106976,140.7753969148633,0.1308368770415612,230.99950794893024,0.5478139731072817
1744175694496,1744175693684,-7.598408222198486,4.325026988983154,4.445864677429199,1744175693814,-0.17821979522705078,0.19883649051189423,-0.046425722539424896,1744175693793,49.500003814697266,-13.012500762939453,-10.537500381469727,1000.9324951171875,44.2106787063551,-60.35139381391108,-59.66789497424394,150.3513938139111,-26.95334756793982,-129.00049205106976,140.7753969148633,0.27102323347485574,230.99950794893024,0.5478139731072817
1744175694512,1744175693814,-6.918846607208252,4.043870449066162,4.884947299957275,1744175693814,-0.17821979522705078,0.19883649051189423,-0.046425722539424896,1744175693793,49.500003814697266,-13.012500762939453,-10.537500381469727,1000.9324951171875,39.61873065848564,-59.69492016870907,-54.776573149412975,149.69492016870907,-31.36463956618268,-129.00049205106976,137.49269896724616,0.27102323347485574,230.99950794893024,0.5478139731072817
1744175694568,1744175693814,-6.918846607208252,4.043870449066162,4.884947299957275,1744175693814,-0.17821979522705078,0.19883649051189423,-0.046425722539424896,1744175693893,47.66250228881836,-13.143750190734863,-10.762500762939453,1000.9324951171875,39.61873065848564,-59.69492016870907,-54.776573149412975,149.69492016870907,-31.36463956618268,-129.31165577700108,137.49269896724616,0.27102323347485574,230.68834422299892,0.5478139731072817
1744175694579,1744175693814,-6.918846607208252,4.043870449066162,4.884947299957275,1744175693814,-0.17821979522705078,0.19883649051189423,-0.046425722539424896,1744175693893,47.66250228881836,-13.143750190734863,-10.762500762939453,1000.9375,39.61873065848564,-59.69492016870907,-54.776573149412975,149.69492016870907,-31.36463956618268,-129.31165577700108,137.49269896724616,0.27102323347485574,230.68834422299892,0.5056338455084708
1744175694598,1744175693814,-6.918846607208252,4.043870449066162,4.884947299957275,1744175693917,-0.12003492563962936,0.09498947113752365,-0.050549060106277466,1744175693893,47.66250228881836,-13.143750190734863,-10.762500762939453,1000.9375,39.61873065848564,-59.69492016870907,-54.776573149412975,149.69492016870907,-31.36463956618268,-129.31165577700108,137.49269896724616,0.16120356844042208,230.68834422299892,0.5056338455084708
1744175694672,1744175693944,-6.175277233123779,4.2723846435546875,5.583651542663574,1744175693917,-0.12003492563962936,0.09498947113752365,-0.050549060106277466,1744175693893,47.66250228881836,-13.143750190734863,-10.762500762939453,1000.9375,37.4217571023637,-55.32245779604163,-47.8802875186646,145.32245779604162,-36.63374697335726,-129.31165577700108,131.2939077008342,0.16120356844042208,230.68834422299892,0.5056338455084708
1744175694673,1744175693944,-6.175277233123779,4.2723846435546875,5.583651542663574,1744175693917,-0.12003492563962936,0.09498947113752365,-0.050549060106277466,1744175693993,45.84375,-12.15000057220459,-9.28125,1000.9375,37.4217571023637,-55.32245779604163,-47.8802875186646,145.32245779604162,-36.63374697335726,-127.37580619387305,131.2939077008342,0.16120356844042208,232.62419380612695,0.5056338455084708
1744175694695,1744175693944,-6.175277233123779,4.2723846435546875,5.583651542663574,1744175694021,0.08796452730894089,-0.15760311484336853,0.13729186356067657,1744175693993,45.84375,-12.15000057220459,-9.28125,1000.9375,37.4217571023637,-55.32245779604163,-47.8802875186646,145.32245779604162,-36.63374697335726,-127.37580619387305,131.2939077008342,0.22677203459196826,232.62419380612695,0.5056338455084708
1744175694723,1744175694009,-9.019146919250488,3.4301111698150635,5.232504844665527,1744175694021,0.08796452730894089,-0.15760311484336853,0.13729186356067657,1744175693993,45.84375,-12.15000057220459,-9.28125,1000.9375,33.246405650025274,-69.17747136202223,-59.879614038392134,159.17747136202223,-28.46933492888622,-127.37580619387305,145.25097245126216,0.22677203459196826,232.62419380612695,0.5056338455084708
1744175694732,1744175694009,-9.019146919250488,3.4301111698150635,5.232504844665527,1744175694021,0.08796452730894089,-0.15760311484336853,0.13729186356067657,1744175693993,45.84375,-12.15000057220459,-9.28125,1000.9450073242188,33.246405650025274,-69.17747136202223,-59.879614038392134,159.17747136202223,-28.46933492888622,-127.37580619387305,145.25097245126216,0.22677203459196826,232.62419380612695,0.4423639743132257
1744175694788,1744175694009,-9.019146919250488,3.4301111698150635,5.232504844665527,1744175694021,0.08796452730894089,-0.15760311484336853,0.13729186356067657,1744175694093,45.20625305175781,-11.643750190734863,-8.231250762939453,1000.9450073242188,33.246405650025274,-69.17747136202223,-59.879614038392134,159.17747136202223,-28.46933492888622,-125.25742147283627,145.25097245126216,0.22677203459196826,234.74257852716374,0.4423639743132257
1744175694793,1744175694009,-9.019146919250488,3.4301111698150635,5.232504844665527,1744175694125,0.04581485688686371,-0.10567960888147354,-0.12140937149524689,1744175694093,45.20625305175781,-11.643750190734863,-8.231250762939453,1000.9450073242188,33.246405650025274,-69.17747136202223,-59.879614038392134,159.17747136202223,-28.46933492888622,-125.25742147283627,145.25097245126216,0.16735416436938727,234.74257852716374,0.4423639743132257
1744175694827,1744175694139,-6.343971252441406,4.122235298156738,4.64805793762207,1744175694125,0.04581485688686371,-0.10567960888147354,-0.12140937149524689,1744175694093,45.20625305175781,-11.643750190734863,-8.231250762939453,1000.9450073242188,41.568940603354164,-56.984679203139564,-53.770764503526806,146.98467920313956,-31.56509960945865,-125.25742147283627,135.5991047279161,0.16735416436938727,234.74257852716374,0.4423639743132257
1744175694887,1744175694139,-6.343971252441406,4.122235298156738,4.64805793762207,1744175694125,0.04581485688686371,-0.10567960888147354,-0.12140937149524689,1744175694093,45.20625305175781,-11.643750190734863,-8.231250762939453,1000.9450073242188,41.568940603354164,-56.984679203139564,-53.770764503526806,146.98467920313956,-31.56509960945865,-125.25742147283627,135.5991047279161,0.16735416436938727,234.74257852716374,0.4423639743132257
1744175694935,1744175694139,-6.343971252441406,4.122235298156738,4.64805793762207,1744175694229,-0.028863361105322838,0.05803215503692627,-0.036804601550102234,1744175694093,45.20625305175781,-11.643750190734863,-8.231250762939453,1000.9450073242188,41.568940603354164,-56.984679203139564,-53.770764503526806,146.98467920313956,-31.56509960945865,-125.25742147283627,135.5991047279161,0.07453457806808796,234.74257852716374,0.4423639743132257
1744175694977,1744175694139,-6.343971252441406,4.122235298156738,4.64805793762207,1744175694229,-0.028863361105322838,0.05803215503692627,-0.036804601550102234,1744175694293,48.39375305175781,-13.443750381469727,-10.125,1000.9450073242188,41.568940603354164,-56.984679203139564,-53.770764503526806,146.98467920313956,-31.56509960945865,-126.98479466411393,135.5991047279161,0.07453457806808796,233.01520533588607,0.4423639743132257
1744175694985,1744175694291,-7.241877555847168,4.06121826171875,4.719842433929443,1744175694229,-0.028863361105322838,0.05803215503692627,-0.036804601550102234,1744175694293,48.39375305175781,-13.443750381469727,-10.125,1000.9450073242188,40.71055715732467,-60.7164521988354,-56.90598656278918,150.7164521988354,-29.61634824682443,-126.98479466411393,139.3109552259426,0.07453457806808796,233.01520533588607,0.4423639743132257
1744175695038,1744175694291,-7.241877555847168,4.06121826171875,4.719842433929443,1744175694334,-0.018631376326084137,0.0665842592716217,-0.049632761627435684,1744175694293,48.39375305175781,-13.443750381469727,-10.125,1000.9450073242188,40.71055715732467,-60.7164521988354,-56.90598656278918,150.7164521988354,-29.61634824682443,-126.98479466411393,139.3109552259426,0.08511170773354604,233.01520533588607,0.4423639743132257
1744175695042,1744175694291,-7.241877555847168,4.06121826171875,4.719842433929443,1744175694334,-0.018631376326084137,0.0665842592716217,-0.049632761627435684,1744175694293,48.39375305175781,-13.443750381469727,-10.125,1000.938720703125,40.71055715732467,-60.7164521988354,-56.90598656278918,150.7164521988354,-29.61634824682443,-126.98479466411393,139.3109552259426,0.08511170773354604,233.01520533588607,0.495346035414721
1744175695059,1744175694291,-7.241877555847168,4.06121826171875,4.719842433929443,1744175694334,-0.018631376326084137,0.0665842592716217,-0.049632761627435684,1744175694393,47.118751525878906,-13.068750381469727,-10.068750381469727,1000.938720703125,40.71055715732467,-60.7164521988354,-56.90598656278918,150.7164521988354,-29.61634824682443,-127.6122658510989,139.3109552259426,0.08511170773354604,232.3877341489011,0.495346035414721
1744175695100,1744175694421,-6.980462074279785,4.037888050079346,5.0327043533325195,1744175694334,-0.018631376326084137,0.0665842592716217,-0.049632761627435684,1744175694393,47.118751525878906,-13.068750381469727,-10.068750381469727,1000.938720703125,38.74110639954492,-59.95252050411118,-54.209523992254134,149.95252050411116,-31.96744043904123,-127.6122658510989,137.25148606480016,0.08511170773354604,232.3877341489011,0.495346035414721
1744175695119,1744175694421,-6.980462074279785,4.037888050079346,5.0327043533325195,1744175694437,0.06872228533029556,0.015271619893610477,0.030390523374080658,1744175694393,47.118751525878906,-13.068750381469727,-10.068750381469727,1000.938720703125,38.74110639954492,-59.95252050411118,-54.209523992254134,149.95252050411116,-31.96744043904123,-127.6122658510989,137.25148606480016,0.07667828105887624,232.3877341489011,0.495346035414721
1744175695176,1744175694421,-6.980462074279785,4.037888050079346,5.0327043533325195,1744175694437,0.06872228533029556,0.015271619893610477,0.030390523374080658,1744175694493,47.92500305175781,-13.818750381469727,-10.668750762939453,1000.938720703125,38.74110639954492,-59.95252050411118,-54.209523992254134,149.95252050411116,-31.96744043904123,-127.66989535001024,137.25148606480016,0.07667828105887624,232.33010464998978,0.495346035414721
1744175695219,1744175694421,-6.980462074279785,4.037888050079346,5.0327043533325195,1744175694437,0.06872228533029556,0.015271619893610477,0.030390523374080658,1744175694493,47.92500305175781,-13.818750381469727,-10.668750762939453,1000.938720703125,38.74110639954492,-59.95252050411118,-54.209523992254134,149.95252050411116,-31.96744043904123,-127.66989535001024,137.25148606480016,0.07667828105887624,232.33010464998978,0.495346035414721
1744175695228,1744175694421,-6.980462074279785,4.037888050079346,5.0327043533325195,1744175694541,0.035735588520765305,0.014813470654189587,-0.051159925758838654,1744175694493,47.92500305175781,-13.818750381469727,-10.668750762939453,1000.938720703125,38.74110639954492,-59.95252050411118,-54.209523992254134,149.95252050411116,-31.96744043904123,-127.66989535001024,137.25148606480016,0.06413898349208437,232.33010464998978,0.495346035414721
1744175695262,1744175694552,-7.079763889312744,4.18564510345459,5.36650276184082,1744175694541,0.035735588520765305,0.014813470654189587,-0.051159925758838654,1744175694493,47.92500305175781,-13.818750381469727,-10.668750762939453,1000.938720703125,37.95272368125196,-59.407888700385776,-52.83765816764326,149.4078887003858,-33.12447425921585,-127.66989535001024,136.13028662438657,0.06413898349208437,232.33010464998978,0.495346035414721
1744175695283,1744175694552,-7.079763889312744,4.18564510345459,5.36650276184082,1744175694541,0.035735588520765305,0.014813470654189587,-0.051159925758838654,1744175694593,47.55000305175781,-14.231250762939453,-10.93125057220459,1000.938720703125,37.95272368125196,-59.407888700385776,-52.83765816764326,149.4078887003858,-33.12447425921585,-127.52844078841046,136.13028662438657,0.06413898349208437,232.47155921158952,0.495346035414721
1744175695349,1744175694552,-7.079763889312744,4.18564510345459,5.36650276184082,1744175694645,-0.003512472379952669,0.0021380267571657896,0.0013744457392022014,1744175694593,47.55000305175781,-14.231250762939453,-10.93125057220459,1000.938720703125,37.95272368125196,-59.407888700385776,-52.83765816764326,149.4078887003858,-33.12447425921585,-127.52844078841046,136.13028662438657,0.004335633947221365,232.47155921158952,0.495346035414721
1744175695379,1744175694552,-7.079763889312744,4.18564510345459,5.36650276184082,1744175694645,-0.003512472379952669,0.0021380267571657896,0.0013744457392022014,1744175694593,47.55000305175781,-14.231250762939453,-10.93125057220459,1000.9400024414062,37.95272368125196,-59.407888700385776,-52.83765816764326,149.4078887003858,-33.12447425921585,-127.52844078841046,136.13028662438657,0.004335633947221365,232.47155921158952,0.48454384575162823
1744175695396,1744175694681,-6.997809886932373,4.116851329803467,5.0362935066223145,1744175694645,-0.003512472379952669,0.0021380267571657896,0.0013744457392022014,1744175694593,47.55000305175781,-14.231250762939453,-10.93125057220459,1000.9400024414062,39.26382578036837,-59.53145891512198,-54.25759791606243,149.531458915122,-31.811792389749904,-127.52844078841046,137.09096631285757,0.004335633947221365,232.47155921158952,0.48454384575162823
1744175695469,1744175694681,-6.997809886932373,4.116851329803467,5.0362935066223145,1744175694749,-0.0102319847792387,0.02825249545276165,-0.007941242307424545,1744175694593,47.55000305175781,-14.231250762939453,-10.93125057220459,1000.9400024414062,39.26382578036837,-59.53145891512198,-54.25759791606243,149.531458915122,-31.811792389749904,-127.52844078841046,137.09096631285757,0.031079902529064014,232.47155921158952,0.48454384575162823
1744175695479,1744175694681,-6.997809886932373,4.116851329803467,5.0362935066223145,1744175694749,-0.0102319847792387,0.02825249545276165,-0.007941242307424545,1744175694793,47.962501525878906,-13.55625057220459,-11.02500057220459,1000.9400024414062,39.26382578036837,-59.53145891512198,-54.25759791606243,149.531458915122,-31.811792389749904,-129.120699777325,137.09096631285757,0.031079902529064014,230.879300222675,0.48454384575162823
1744175695498,1744175694811,-7.4225358963012695,4.155734539031982,5.456831932067871,1744175694749,-0.0102319847792387,0.02825249545276165,-0.007941242307424545,1744175694793,47.962501525878906,-13.55625057220459,-11.02500057220459,1000.9400024414062,37.29164478732356,-60.7563778000421,-53.677759000567114,150.75637780004212,-32.67910027761187,-129.120699777325,137.25928153498253,0.031079902529064014,230.879300222675,0.48454384575162823
1744175695534,1744175694811,-7.4225358963012695,4.155734539031982,5.456831932067871,1744175694853,-0.056810423731803894,0.0565049909055233,-0.0591011680662632,1744175694793,47.962501525878906,-13.55625057220459,-11.02500057220459,1000.9400024414062,37.29164478732356,-60.7563778000421,-53.677759000567114,150.75637780004212,-32.67910027761187,-129.120699777325,137.25928153498253,0.0995649853543758,230.879300222675,0.48454384575162823
1744175695541,1744175694811,-7.4225358963012695,4.155734539031982,5.456831932067871,1744175694853,-0.056810423731803894,0.0565049909055233,-0.0591011680662632,1744175694793,47.962501525878906,-13.55625057220459,-11.02500057220459,1000.9462280273438,37.29164478732356,-60.7563778000421,-53.677759000567114,150.75637780004212,-32.67910027761187,-129.120699777325,137.25928153498253,0.0995649853543758,230.879300222675,0.4320762266945033
1744175695607,1744175694811,-7.4225358963012695,4.155734539031982,5.456831932067871,1744175694853,-0.056810423731803894,0.0565049909055233,-0.0591011680662632,1744175694893,46.20000076293945,-13.575000762939453,-10.293750762939453,1000.9462280273438,37.29164478732356,-60.7563778000421,-53.677759000567114,150.75637780004212,-32.67910027761187,-127.17258049006445,137.25928153498253,0.0995649853543758,232.82741950993557,0.4320762266945033
1744175695620,1744175694941,-7.022336483001709,4.219144344329834,5.023132801055908,1744175694853,-0.056810423731803894,0.0565049909055233,-0.0591011680662632,1744175694893,46.20000076293945,-13.575000762939453,-10.293750762939453,1000.9462280273438,40.02833847966241,-59.001805069199754,-54.4235599441141,149.00180506919975,-31.514550084408448,-127.17258049006445,136.94975447545573,0.0995649853543758,232.82741950993557,0.4320762266945033
1744175695637,1744175694941,-7.022336483001709,4.219144344329834,5.023132801055908,1744175694957,0.011606430634856224,-0.013439024798572063,0.05299251899123192,1744175694893,46.20000076293945,-13.575000762939453,-10.293750762939453,1000.9462280273438,40.02833847966241,-59.001805069199754,-54.4235599441141,149.00180506919975,-31.514550084408448,-127.17258049006445,136.94975447545573,0.05588849334750794,232.82741950993557,0.4320762266945033
