timestamp,acc_x,acc_y,acc_z,gyro_x,gyro_y,gyro_z,mag_x,mag_y,mag_z,baro_pressure,tiltXY,tiltYZ,tiltXZ,roll,pitch,yaw,totalTiltFromVertical,angularSpeed,heading,altitude
1744175787536,1744175786729,0.8069794178009033,9.746564865112305,0.22612173855304718,1744175786844,-0.056199558079242706,-0.033139415085315704,-0.01740964688360691,1744175786794,8.96250057220459,-50.587501525878906,7.425000190734863,1000.9537353515625,88.6709679021932,4.733082267338335,74.34672607586828,85.26691773266167,-1.3245015957412158,-81.65001038528725,85.26818521958158,0.06752560229358127,278.34998961471274,0.36880680220997664
1744175787557,1744175786729,0.8069794178009033,9.746564865112305,0.22612173855304718,1744175786844,-0.056199558079242706,-0.033139415085315704,-0.01740964688360691,1744175786794,8.96250057220459,-50.587501525878906,7.425000190734863,1000.9662475585938,88.6709679021932,4.733082267338335,74.34672607586828,85.26691773266167,-1.3245015957412158,-81.65001038528725,85.26818521958158,0.06752560229358127,278.34998961471274,0.263358615236009
1744175787557,1744175786859,1.215553879737854,9.643074989318848,-0.25064817070961,1744175786844,-0.056199558079242706,-0.033139415085315704,-0.01740964688360691,1744175786794,8.96250057220459,-50.587501525878906,7.425000190734863,1000.9662475585938,91.48892852878558,7.184502660772682,101.6511360992048,82.81549733922732,1.477243503896593,-81.65001038528725,82.81789774694552,0.06752560229358127,278.34998961471274,0.263358615236009
1744175787633,1744175786859,1.215553879737854,9.643074989318848,-0.25064817070961,1744175786948,0.000305432389723137,0.008704823441803455,0.011759147047996521,1744175786794,8.96250057220459,-50.587501525878906,7.425000190734863,1000.9662475585938,91.48892852878558,7.184502660772682,101.6511360992048,82.81549733922732,1.477243503896593,-81.65001038528725,82.81789774694552,0.014633686459469747,278.34998961471274,0.263358615236009
1744175787689,1744175786859,1.215553879737854,9.643074989318848,-0.25064817070961,1744175786948,0.000305432389723137,0.008704823441803455,0.011759147047996521,1744175786993,10.83750057220459,-50.212501525878906,6.806250095367432,1000.9662475585938,91.48892852878558,7.184502660772682,101.6511360992048,82.81549733922732,1.477243503896593,-82.2806669009016,82.81789774694552,0.014633686459469747,277.71933309909844,0.263358615236009
1744175787697,1744175786989,1.4135600328445435,9.597013473510742,-0.50129634141922,1744175786948,0.000305432389723137,0.008704823441803455,0.011759147047996521,1744175786993,10.83750057220459,-50.212501525878906,6.806250095367432,1000.9662475585938,92.99010572685972,8.378943759583379,109.52623305687116,81.62105624041664,2.958246190366463,-82.2806669009016,81.63230206740948,0.014633686459469747,277.71933309909844,0.263358615236009
1744175787698,1744175786989,1.4135600328445435,9.597013473510742,-0.50129634141922,1744175786948,0.000305432389723137,0.008704823441803455,0.011759147047996521,1744175786993,10.83750057220459,-50.212501525878906,6.806250095367432,1000.9737548828125,92.99010572685972,8.378943759583379,109.52623305687116,81.62105624041664,2.958246190366463,-82.2806669009016,81.63230206740948,0.014633686459469747,277.71933309909844,0.20009021534882154
1744175787717,1744175786989,1.4135600328445435,9.597013473510742,-0.50129634141922,1744175787053,0.05085449293255806,-0.025961752980947495,0.08552107214927673,1744175786993,10.83750057220459,-50.212501525878906,6.806250095367432,1000.9737548828125,92.99010572685972,8.378943759583379,109.52623305687116,81.62105624041664,2.958246190366463,-82.2806669009016,81.63230206740948,0.10283017966936132,277.71933309909844,0.20009021534882154
1744175787802,1744175787119,1.545763373374939,9.949356079101562,0.3684946894645691,1744175787053,0.05085449293255806,-0.025961752980947495,0.08552107214927673,1744175786993,10.83750057220459,-50.212501525878906,6.806250095367432,1000.9737548828125,87.87890348907936,8.831051078814175,76.59151516384783,81.16894892118583,-2.0959741658416164,-82.2806669009016,81.1749043813359,0.10283017966936132,277.71933309909844,0.20009021534882154
1744175787841,1744175787119,1.545763373374939,9.949356079101562,0.3684946894645691,1744175787156,-0.05818486958742142,0.007788525894284248,0.08460476994514465,1744175786993,10.83750057220459,-50.212501525878906,6.806250095367432,1000.9737548828125,87.87890348907936,8.831051078814175,76.59151516384783,81.16894892118583,-2.0959741658416164,-82.2806669009016,81.1749043813359,0.10297624620261717,277.71933309909844,0.20009021534882154
1744175787865,1744175787119,1.545763373374939,9.949356079101562,0.3684946894645691,1744175787156,-0.05818486958742142,0.007788525894284248,0.08460476994514465,1744175786993,10.83750057220459,-50.212501525878906,6.806250095367432,1000.9774780273438,87.87890348907936,8.831051078814175,76.59151516384783,81.16894892118583,-2.0959741658416164,-82.2806669009016,81.1749043813359,0.10297624620261717,277.71933309909844,0.16871334654616987
1744175787928,1744175787119,1.545763373374939,9.949356079101562,0.3684946894645691,1744175787156,-0.05818486958742142,0.007788525894284248,0.08460476994514465,1744175787193,12.693750381469727,-50.531253814697266,6.806250095367432,1000.9774780273438,87.87890348907936,8.831051078814175,76.59151516384783,81.16894892118583,-2.0959741658416164,-82.32877898274936,81.1749043813359,0.10297624620261717,277.6712210172507,0.16871334654616987
1744175787962,1744175787119,1.545763373374939,9.949356079101562,0.3684946894645691,1744175787261,-0.15485422313213348,0.02412915788590908,0.14019346237182617,1744175787193,12.693750381469727,-50.531253814697266,6.806250095367432,1000.9774780273438,87.87890348907936,8.831051078814175,76.59151516384783,81.16894892118583,-2.0959741658416164,-82.32877898274936,81.1749043813359,0.21027661204694248,277.6712210172507,0.16871334654616987
1744175787988,1744175787249,1.3148560523986816,9.602995872497559,-0.18484555184841156,1744175787261,-0.15485422313213348,0.02412915788590908,0.14019346237182617,1744175787193,12.693750381469727,-50.531253814697266,6.806250095367432,1000.9774780273438,91.10273527057805,7.796540193205863,98.00233248393556,82.20345980679414,1.0925441054000917,-82.32877898274936,82.20488601488711,0.21027661204694248,277.6712210172507,0.16871334654616987
1744175787988,1744175787249,1.3148560523986816,9.602995872497559,-0.18484555184841156,1744175787261,-0.15485422313213348,0.02412915788590908,0.14019346237182617,1744175787293,12.300000190734863,-49.91250228881836,7.518750190734863,1000.9774780273438,91.10273527057805,7.796540193205863,98.00233248393556,82.20345980679414,1.0925441054000917,-81.43345298865476,82.20488601488711,0.21027661204694248,278.5665470113452,0.16871334654616987
1744175788031,1744175787249,1.3148560523986816,9.602995872497559,-0.18484555184841156,1744175787261,-0.15485422313213348,0.02412915788590908,0.14019346237182617,1744175787293,12.300000190734863,-49.91250228881836,7.518750190734863,1000.9837036132812,91.10273527057805,7.796540193205863,98.00233248393556,82.20345980679414,1.0925441054000917,-81.43345298865476,82.20488601488711,0.21027661204694248,278.5665470113452,0.11624731802331478
1744175788038,1744175787249,1.3148560523986816,9.602995872497559,-0.18484555184841156,1744175787364,-0.09575305134057999,0.09621120244264603,0.1153007298707962,1744175787293,12.300000190734863,-49.91250228881836,7.518750190734863,1000.9837036132812,91.10273527057805,7.796540193205863,98.00233248393556,82.20345980679414,1.0925441054000917,-81.43345298865476,82.20488601488711,0.17809969293974057,278.5665470113452,0.11624731802331478
1744175788060,1744175787249,1.3148560523986816,9.602995872497559,-0.18484555184841156,1744175787364,-0.09575305134057999,0.09621120244264603,0.1153007298707962,1744175787393,12.412500381469727,-49.44375228881836,8.887500762939453,1000.9837036132812,91.10273527057805,7.796540193205863,98.00233248393556,82.20345980679414,1.0925441054000917,-79.8099166877388,82.20488601488711,0.17809969293974057,280.1900833122612,0.11624731802331478
1744175788116,1744175787423,0.019142581149935722,7.7563347816467285,-0.2667997181415558,1744175787364,-0.09575305134057999,0.09621120244264603,0.1153007298707962,1744175787393,12.412500381469727,-49.44375228881836,8.887500762939453,1000.9837036132812,91.97006363751933,0.14140530455666786,175.89612442564282,89.85859469544334,1.9700576424553222,-79.8099166877388,89.85867827621976,0.17809969293974057,280.1900833122612,0.11624731802331478
1744175788158,1744175787423,0.019142581149935722,7.7563347816467285,-0.2667997181415558,1744175787469,0.012370011769235134,0.047494735568761826,-0.13851359486579895,1744175787393,12.412500381469727,-49.44375228881836,8.887500762939453,1000.9837036132812,91.97006363751933,0.14140530455666786,175.89612442564282,89.85859469544334,1.9700576424553222,-79.8099166877388,89.85867827621976,0.14695163510680753,280.1900833122612,0.11624731802331478
1744175788170,1744175787423,0.019142581149935722,7.7563347816467285,-0.2667997181415558,1744175787469,0.012370011769235134,0.047494735568761826,-0.13851359486579895,1744175787493,12.975000381469727,-50.025001525878906,7.875000476837158,1000.9837036132812,91.97006363751933,0.14140530455666786,175.89612442564282,89.85859469544334,1.9700576424553222,-81.05384175726915,89.85867827621976,0.14695163510680753,278.94615824273086,0.11624731802331478
1744175788191,1744175787423,0.019142581149935722,7.7563347816467285,-0.2667997181415558,1744175787469,0.012370011769235134,0.047494735568761826,-0.13851359486579895,1744175787493,12.975000381469727,-50.025001525878906,7.875000476837158,1000.9874877929688,91.97006363751933,0.14140530455666786,175.89612442564282,89.85859469544334,1.9700576424553222,-81.05384175726915,89.85867827621976,0.14695163510680753,278.94615824273086,0.08435633175704393
1744175788202,1744175787530,-0.7322037220001221,5.168497085571289,0.8506484627723694,1744175787469,0.012370011769235134,0.047494735568761826,-0.13851359486579895,1744175787493,12.975000381469727,-50.025001525878906,7.875000476837158,1000.9874877929688,80.6538571476858,-8.06324582022955,-40.72053576916915,98.06324582022955,-9.255352123647853,-81.05384175726915,97.95758843373756,0.14695163510680753,278.94615824273086,0.08435633175704393
1744175788254,1744175787530,-0.7322037220001221,5.168497085571289,0.8506484627723694,1744175787573,-0.10567960888147354,0.0821613147854805,-0.5720748901367188,1744175787493,12.975000381469727,-50.025001525878906,7.875000476837158,1000.9874877929688,80.6538571476858,-8.06324582022955,-40.72053576916915,98.06324582022955,-9.255352123647853,-81.05384175726915,97.95758843373756,0.5875273111146059,278.94615824273086,0.08435633175704393
1744175788265,1744175787530,-0.7322037220001221,5.168497085571289,0.8506484627723694,1744175787573,-0.10567960888147354,0.0821613147854805,-0.5720748901367188,1744175787593,10.893750190734863,-50.400001525878906,8.21250057220459,1000.9874877929688,80.6538571476858,-8.06324582022955,-40.72053576916915,98.06324582022955,-9.255352123647853,-80.74519474252295,97.95758843373756,0.5875273111146059,279.2548052574771,0.08435633175704393
1744175788334,1744175787530,-0.7322037220001221,5.168497085571289,0.8506484627723694,1744175787573,-0.10567960888147354,0.0821613147854805,-0.5720748901367188,1744175787593,10.893750190734863,-50.400001525878906,8.21250057220459,1000.9962158203125,80.6538571476858,-8.06324582022955,-40.72053576916915,98.06324582022955,-9.255352123647853,-80.74519474252295,97.95758843373756,0.5875273111146059,279.2548052574771,0.010801687279023975
1744175788353,1744175787660,1.8149559497833252,5.416153907775879,0.01734796352684498,1744175787573,-0.10567960888147354,0.0821613147854805,-0.5720748901367188,1744175787593,10.893750190734863,-50.400001525878906,8.21250057220459,1000.9962158203125,89.81648200714503,18.52602717306711,89.45236421586208,71.4739728269329,-0.1740080438417835,-80.74519474252295,71.47406137124479,0.5875273111146059,279.2548052574771,0.010801687279023975
1744175788358,1744175787660,1.8149559497833252,5.416153907775879,0.01734796352684498,1744175787677,0.052076224237680435,-0.009315688163042068,-1.0001384019851685,1744175787593,10.893750190734863,-50.400001525878906,8.21250057220459,1000.9962158203125,89.81648200714503,18.52602717306711,89.45236421586208,71.4739728269329,-0.1740080438417835,-80.74519474252295,71.47406137124479,1.0015365885988643,279.2548052574771,0.010801687279023975
1744175788454,1744175787660,1.8149559497833252,5.416153907775879,0.01734796352684498,1744175787781,0.046883873641490936,-0.09804379940032959,-1.7484476566314697,1744175787593,10.893750190734863,-50.400001525878906,8.21250057220459,1000.9962158203125,89.81648200714503,18.52602717306711,89.45236421586208,71.4739728269329,-0.1740080438417835,-80.74519474252295,71.47406137124479,1.7518218779854764,279.2548052574771,0.010801687279023975
1744175788470,1744175787660,1.8149559497833252,5.416153907775879,0.01734796352684498,1744175787781,0.046883873641490936,-0.09804379940032959,-1.7484476566314697,1744175787793,-0.3375000059604645,-51.337501525878906,7.875000476837158,1000.9962158203125,89.81648200714503,18.52602717306711,89.45236421586208,71.4739728269329,-0.1740080438417835,-81.27899892667668,71.47406137124479,1.7518218779854764,278.72100107332335,0.010801687279023975
1744175788479,1744175787791,5.002195835113525,6.318846225738525,-0.1663011759519577,1744175787781,0.046883873641490936,-0.09804379940032959,-1.7484476566314697,1744175787793,-0.3375000059604645,-51.337501525878906,7.875000476837158,1000.9962158203125,91.50757846273056,38.366236263372095,91.90413323961431,51.63376373662791,1.182136092557382,-81.27899892667668,51.64341670461446,1.7518218779854764,278.72100107332335,0.010801687279023975
1744175788543,1744175787791,5.002195835113525,6.318846225738525,-0.1663011759519577,1744175787781,0.046883873641490936,-0.09804379940032959,-1.7484476566314697,1744175787793,-0.3375000059604645,-51.337501525878906,7.875000476837158,1001.0199584960938,91.50757846273056,38.366236263372095,91.90413323961431,51.63376373662791,1.182136092557382,-81.27899892667668,51.64341670461446,1.7518218779854764,278.72100107332335,-0.18928489274569804
1744175788568,1744175787791,5.002195835113525,6.318846225738525,-0.1663011759519577,1744175787884,-0.06979130208492279,-0.16050471365451813,-1.3356558084487915,1744175787793,-0.3375000059604645,-51.337501525878906,7.875000476837158,1001.0199584960938,91.50757846273056,38.366236263372095,91.90413323961431,51.63376373662791,1.182136092557382,-81.27899892667668,51.64341670461446,1.3470742472466106,278.72100107332335,-0.18928489274569804
1744175788581,1744175787791,5.002195835113525,6.318846225738525,-0.1663011759519577,1744175787884,-0.06979130208492279,-0.16050471365451813,-1.3356558084487915,1744175787893,-9.9375,-50.26875305175781,8.381250381469727,1001.0199584960938,91.50757846273056,38.366236263372095,91.90413323961431,51.63376373662791,1.182136092557382,-80.53421239279594,51.64341670461446,1.3470742472466106,279.46578760720405,-0.18928489274569804
1744175788635,1744175787921,7.1748785972595215,7.210771083831787,0.251844584941864,1744175787884,-0.06979130208492279,-0.16050471365451813,-1.3356558084487915,1744175787893,-9.9375,-50.26875305175781,8.381250381469727,1001.0199584960938,87.99969120267951,44.85704616926402,87.98969280437197,45.14295383073598,-1.4182431799393709,-80.53421239279594,45.160415815883546,1.3470742472466106,279.46578760720405,-0.18928489274569804
1744175788651,1744175787921,7.1748785972595215,7.210771083831787,0.251844584941864,1744175787884,-0.06979130208492279,-0.16050471365451813,-1.3356558084487915,1744175787893,-9.9375,-50.26875305175781,8.381250381469727,1001.0587158203125,87.99969120267951,44.85704616926402,87.98969280437197,45.14295383073598,-1.4182431799393709,-80.53421239279594,45.160415815883546,1.3470742472466106,279.46578760720405,-0.515896118297432
1744175788659,1744175787921,7.1748785972595215,7.210771083831787,0.251844584941864,1744175787989,-0.281455934047699,-0.2023489624261856,-1.3434443473815918,1744175787893,-9.9375,-50.26875305175781,8.381250381469727,1001.0587158203125,87.99969120267951,44.85704616926402,87.98969280437197,45.14295383073598,-1.4182431799393709,-80.53421239279594,45.160415815883546,1.3874455880924368,279.46578760720405,-0.515896118297432
1744175788718,1744175787921,7.1748785972595215,7.210771083831787,0.251844584941864,1744175787989,-0.281455934047699,-0.2023489624261856,-1.3434443473815918,1744175787993,-15.300000190734863,-49.087501525878906,9.693750381469727,1001.0587158203125,87.99969120267951,44.85704616926402,87.98969280437197,45.14295383073598,-1.4182431799393709,-78.82902216638061,45.160415815883546,1.3874455880924368,281.1709778336194,-0.515896118297432
1744175788758,1744175788051,12.311670303344727,10.468000411987305,0.7447660565376282,1744175787989,-0.281455934047699,-0.2023489624261856,-1.3434443473815918,1744175787993,-15.300000190734863,-49.087501525878906,9.693750381469727,1001.0587158203125,85.93043868925218,49.62714127298145,86.53824266382887,40.37285872701856,-2.638670134011507,-78.82902216638061,40.44425508279369,1.3874455880924368,281.1709778336194,-0.515896118297432
1744175788769,1744175788051,12.311670303344727,10.468000411987305,0.7447660565376282,1744175788093,-0.39889469742774963,0.018173227086663246,-1.053741693496704,1744175787993,-15.300000190734863,-49.087501525878906,9.693750381469727,1001.0587158203125,85.93043868925218,49.62714127298145,86.53824266382887,40.37285872701856,-2.638670134011507,-78.82902216638061,40.44425508279369,1.1268623706700038,281.1709778336194,-0.515896118297432
1744175788769,1744175788051,12.311670303344727,10.468000411987305,0.7447660565376282,1744175788093,-0.39889469742774963,0.018173227086663246,-1.053741693496704,1744175788093,-22.256250381469727,-46.14375305175781,11.25,1001.0587158203125,85.93043868925218,49.62714127298145,86.53824266382887,40.37285872701856,-2.638670134011507,-76.29839957264574,40.44425508279369,1.1268623706700038,283.70160042735426,-0.515896118297432
1744175788820,1744175788051,12.311670303344727,10.468000411987305,0.7447660565376282,1744175788093,-0.39889469742774963,0.018173227086663246,-1.053741693496704,1744175788093,-22.256250381469727,-46.14375305175781,11.25,1001.094970703125,85.93043868925218,49.62714127298145,86.53824266382887,40.37285872701856,-2.638670134011507,-76.29839957264574,40.44425508279369,1.1268623706700038,283.70160042735426,-0.8214097915436502
1744175788869,1744175788051,12.311670303344727,10.468000411987305,0.7447660565376282,1744175788196,-0.09896009415388107,-0.03543015569448471,-0.6423243284225464,1744175788093,-22.256250381469727,-46.14375305175781,11.25,1001.094970703125,85.93043868925218,49.62714127298145,86.53824266382887,40.37285872701856,-2.638670134011507,-76.29839957264574,40.44425508279369,0.6508678353175518,283.70160042735426,-0.8214097915436502
1744175788925,1744175788224,11.175678253173828,9.476774215698242,-1.906481385231018,1744175788196,-0.09896009415388107,-0.03543015569448471,-0.6423243284225464,1744175788093,-22.256250381469727,-46.14375305175781,11.25,1001.094970703125,101.3746006697055,49.70265469438353,99.68100886337787,40.29734530561647,7.413122980864014,-76.29839957264574,40.85886081021938,0.6508678353175518,283.70160042735426,-0.8214097915436502
1744175788990,1744175788224,11.175678253173828,9.476774215698242,-1.906481385231018,1744175788196,-0.09896009415388107,-0.03543015569448471,-0.6423243284225464,1744175788293,-26.73750114440918,-42.35625076293945,12.356250762939453,1001.094970703125,101.3746006697055,49.70265469438353,99.68100886337787,40.29734530561647,7.413122980864014,-73.73687280502307,40.85886081021938,0.6508678353175518,286.26312719497696,-0.8214097915436502
1744175788991,1744175788224,11.175678253173828,9.476774215698242,-1.906481385231018,1744175788196,-0.09896009415388107,-0.03543015569448471,-0.6423243284225464,1744175788293,-26.73750114440918,-42.35625076293945,12.356250762939453,1001.1187133789062,101.3746006697055,49.70265469438353,99.68100886337787,40.29734530561647,7.413122980864014,-73.73687280502307,40.85886081021938,0.6508678353175518,286.26312719497696,-1.0214803897191116
1744175788991,1744175788224,11.175678253173828,9.476774215698242,-1.906481385231018,1744175788301,-0.04505127668380737,0.046425722539424896,0.018325943499803543,1744175788293,-26.73750114440918,-42.35625076293945,12.356250762939453,1001.1187133789062,101.3746006697055,49.70265469438353,99.68100886337787,40.29734530561647,7.413122980864014,-73.73687280502307,40.85886081021938,0.067236935157,286.26312719497696,-1.0214803897191116
1744175789003,1744175788311,9.45464038848877,8.065009117126465,-0.9828519225120544,1744175788301,-0.04505127668380737,0.046425722539424896,0.018325943499803543,1744175788293,-26.73750114440918,-42.35625076293945,12.356250762939453,1001.1187133789062,96.9481569032154,49.535116996442284,95.93483407638708,40.46488300355772,4.522049964500146,-73.73687280502307,40.673527884583265,0.067236935157,286.26312719497696,-1.0214803897191116
1744175789087,1744175788311,9.45464038848877,8.065009117126465,-0.9828519225120544,1744175788301,-0.04505127668380737,0.046425722539424896,0.018325943499803543,1744175788393,-26.756250381469727,-42.86250305175781,13.200000762939453,1001.1187133789062,96.9481569032154,49.535116996442284,95.93483407638708,40.46488300355772,4.522049964500146,-72.88318240979284,40.673527884583265,0.067236935157,287.1168175902072,-1.0214803897191116
1744175789091,1744175788311,9.45464038848877,8.065009117126465,-0.9828519225120544,1744175788405,-0.08277218043804169,0.08231402933597565,0.1879936307668686,1744175788393,-26.756250381469727,-42.86250305175781,13.200000762939453,1001.1187133789062,96.9481569032154,49.535116996442284,95.93483407638708,40.46488300355772,4.522049964500146,-72.88318240979284,40.673527884583265,0.2212881345416001,287.1168175902072,-1.0214803897191116
1744175789130,1744175788311,9.45464038848877,8.065009117126465,-0.9828519225120544,1744175788405,-0.08277218043804169,0.08231402933597565,0.1879936307668686,1744175788393,-26.756250381469727,-42.86250305175781,13.200000762939453,1001.1112060546875,96.9481569032154,49.535116996442284,95.93483407638708,40.46488300355772,4.522049964500146,-72.88318240979284,40.673527884583265,0.2212881345416001,287.1168175902072,-0.9582194077005024
1744175789163,1744175788463,7.7353973388671875,6.69990348815918,-0.9236295223236084,1744175788405,-0.08277218043804169,0.08231402933597565,0.1879936307668686,1744175788393,-26.756250381469727,-42.86250305175781,13.200000762939453,1001.1112060546875,97.84915837244024,49.10299567340863,96.80905010165222,40.89700432659138,5.157271285263317,-72.88318240979284,41.16408511088791,0.2212881345416001,287.1168175902072,-0.9582194077005024
1744175789172,1744175788463,7.7353973388671875,6.69990348815918,-0.9236295223236084,1744175788405,-0.08277218043804169,0.08231402933597565,0.1879936307668686,1744175788493,-24.86250114440918,-43.72500228881836,13.162500381469727,1001.1112060546875,97.84915837244024,49.10299567340863,96.80905010165222,40.89700432659138,5.157271285263317,-73.24667376706338,41.16408511088791,0.2212881345416001,286.7533262329366,-0.9582194077005024
1744175789254,1744175788463,7.7353973388671875,6.69990348815918,-0.9236295223236084,1744175788509,0.002901607658714056,0.16096286475658417,0.15638138353824615,1744175788493,-24.86250114440918,-43.72500228881836,13.162500381469727,1001.1112060546875,97.84915837244024,49.10299567340863,96.80905010165222,40.89700432659138,5.157271285263317,-73.24667376706338,41.16408511088791,0.22443841087253216,286.7533262329366,-0.9582194077005024
1744175789292,1744175788463,7.7353973388671875,6.69990348815918,-0.9236295223236084,1744175788509,0.002901607658714056,0.16096286475658417,0.15638138353824615,1744175788593,-23.8125,-43.57500076293945,13.406250953674316,1001.1112060546875,97.84915837244024,49.10299567340863,96.80905010165222,40.89700432659138,5.157271285263317,-72.89900262319877,41.16408511088791,0.22443841087253216,287.1009973768012,-0.9582194077005024
1744175789294,1744175788592,6.940980434417725,5.737988471984863,-0.9427721500396729,1744175788509,0.002901607658714056,0.16096286475658417,0.15638138353824615,1744175788593,-23.8125,-43.57500076293945,13.406250953674316,1001.1112060546875,99.33053736102117,50.42004944777227,97.73497492051773,39.57995055222773,5.976340078994084,-72.89900262319877,39.95515820351488,0.22443841087253216,287.1009973768012,-0.9582194077005024
1744175789295,1744175788592,6.940980434417725,5.737988471984863,-0.9427721500396729,1744175788613,0.049632761627435684,0.07284562289714813,-0.007177661173045635,1744175788593,-23.8125,-43.57500076293945,13.406250953674316,1001.1112060546875,99.33053736102117,50.42004944777227,97.73497492051773,39.57995055222773,5.976340078994084,-72.89900262319877,39.95515820351488,0.08843876198791122,287.1009973768012,-0.9582194077005024
1744175789298,1744175788592,6.940980434417725,5.737988471984863,-0.9427721500396729,1744175788613,0.049632761627435684,0.07284562289714813,-0.007177661173045635,1744175788593,-23.8125,-43.57500076293945,13.406250953674316,1001.0999755859375,99.33053736102117,50.42004944777227,97.73497492051773,39.57995055222773,5.976340078994084,-72.89900262319877,39.95515820351488,0.08843876198791122,287.1009973768012,-0.8635843760365525
1744175789385,1744175788592,6.940980434417725,5.737988471984863,-0.9427721500396729,1744175788716,-0.05971203371882439,-0.009773836471140385,-0.30375251173973083,1744175788593,-23.8125,-43.57500076293945,13.406250953674316,1001.0999755859375,99.33053736102117,50.42004944777227,97.73497492051773,39.57995055222773,5.976340078994084,-72.89900262319877,39.95515820351488,0.30972026610862574,287.1009973768012,-0.8635843760365525
1744175789452,1744175788722,7.529016494750977,5.638686656951904,-0.8961120843887329,1744175788716,-0.05971203371882439,-0.009773836471140385,-0.30375251173973083,1744175788593,-23.8125,-43.57500076293945,13.406250953674316,1001.0999755859375,99.03005084576469,53.169454541881414,96.78747831866318,36.830545458118586,5.441912682867754,-72.89900262319877,37.17398664400667,0.30972026610862574,287.1009973768012,-0.8635843760365525
1744175789454,1744175788722,7.529016494750977,5.638686656951904,-0.8961120843887329,1744175788716,-0.05971203371882439,-0.009773836471140385,-0.30375251173973083,1744175788593,-23.8125,-43.57500076293945,13.406250953674316,1001.094970703125,99.03005084576469,53.169454541881414,96.78747831866318,36.830545458118586,5.441912682867754,-72.89900262319877,37.17398664400667,0.30972026610862574,287.1009973768012,-0.8214097915436502
1744175789454,1744175788722,7.529016494750977,5.638686656951904,-0.8961120843887329,1744175788716,-0.05971203371882439,-0.009773836471140385,-0.30375251173973083,1744175788793,-25.350000381469727,-42.60000228881836,13.687500953674316,1001.094970703125,99.03005084576469,53.169454541881414,96.78747831866318,36.830545458118586,5.441912682867754,-72.18764155534072,37.17398664400667,0.30972026610862574,287.81235844465925,-0.8214097915436502
1744175789490,1744175788722,7.529016494750977,5.638686656951904,-0.8961120843887329,1744175788821,0.04062250629067421,-0.06261363625526428,-0.20127993822097778,1744175788793,-25.350000381469727,-42.60000228881836,13.687500953674316,1001.094970703125,99.03005084576469,53.169454541881414,96.78747831866318,36.830545458118586,5.441912682867754,-72.18764155534072,37.17398664400667,0.21467246910743595,287.81235844465925,-0.8214097915436502
1744175789570,1744175788853,8.857032775878906,5.983253002166748,-0.9649057388305664,1744175788821,0.04062250629067421,-0.06261363625526428,-0.20127993822097778,1744175788793,-25.350000381469727,-42.60000228881836,13.687500953674316,1001.094970703125,99.16108642148318,55.9595196219589,96.21741578349753,34.0404803780411,5.1583494083847885,-72.18764155534072,34.3824712753759,0.21467246910743595,287.81235844465925,-0.8214097915436502
1744175789608,1744175788853,8.857032775878906,5.983253002166748,-0.9649057388305664,1744175788924,0.05451968312263489,0.05436696484684944,-0.0922405794262886,1744175788793,-25.350000381469727,-42.60000228881836,13.687500953674316,1001.094970703125,99.16108642148318,55.9595196219589,96.21741578349753,34.0404803780411,5.1583494083847885,-72.18764155534072,34.3824712753759,0.12015193384772689,287.81235844465925,-0.8214097915436502
1744175789616,1744175788853,8.857032775878906,5.983253002166748,-0.9649057388305664,1744175788924,0.05451968312263489,0.05436696484684944,-0.0922405794262886,1744175788793,-25.350000381469727,-42.60000228881836,13.687500953674316,1001.1024780273438,99.16108642148318,55.9595196219589,96.21741578349753,34.0404803780411,5.1583494083847885,-72.18764155534072,34.3824712753759,0.12015193384772689,287.81235844465925,-0.884671604262588
1744175789670,1744175788853,8.857032775878906,5.983253002166748,-0.9649057388305664,1744175788924,0.05451968312263489,0.05436696484684944,-0.0922405794262886,1744175788993,-26.156251907348633,-42.09375,12.975000381469727,1001.1024780273438,99.16108642148318,55.9595196219589,96.21741578349753,34.0404803780411,5.1583494083847885,-72.86858053092685,34.3824712753759,0.12015193384772689,287.13141946907314,-0.884671604262588
1744175789703,1744175788982,8.124829292297363,6.2297139167785645,-0.7657032608985901,1744175788924,0.05451968312263489,0.05436696484684944,-0.0922405794262886,1744175788993,-26.156251907348633,-42.09375,12.975000381469727,1001.1024780273438,97.00716293977855,52.520808739583615,95.38378934535422,37.479191260416385,4.277093705056715,-72.86858053092685,37.68680939832541,0.12015193384772689,287.13141946907314,-0.884671604262588
1744175789713,1744175788982,8.124829292297363,6.2297139167785645,-0.7657032608985901,1744175789029,-0.008093958720564842,0.11468986421823502,-0.07681624591350555,1744175788993,-26.156251907348633,-42.09375,12.975000381469727,1001.1024780273438,97.00716293977855,52.520808739583615,95.38378934535422,37.479191260416385,4.277093705056715,-72.86858053092685,37.68680939832541,0.13827513427370647,287.13141946907314,-0.884671604262588
1744175789768,1744175788982,8.124829292297363,6.2297139167785645,-0.7657032608985901,1744175789029,-0.008093958720564842,0.11468986421823502,-0.07681624591350555,1744175789093,-28.481250762939453,-41.775001525878906,14.137500762939453,1001.1024780273438,97.00716293977855,52.520808739583615,95.38378934535422,37.479191260416385,4.277093705056715,-71.30314674147309,37.68680939832541,0.13827513427370647,288.6968532585269,-0.884671604262588
1744175789799,1744175788982,8.124829292297363,6.2297139167785645,-0.7657032608985901,1744175789029,-0.008093958720564842,0.11468986421823502,-0.07681624591350555,1744175789093,-28.481250762939453,-41.775001525878906,14.137500762939453,1001.1087036132812,97.00716293977855,52.520808739583615,95.38378934535422,37.479191260416385,4.277093705056715,-71.30314674147309,37.68680939832541,0.13827513427370647,288.6968532585269,-0.9371323283435884
1744175789806,1744175789112,8.094321250915527,5.839683532714844,-1.3908281326293945,1744175789029,-0.008093958720564842,0.11468986421823502,-0.07681624591350555,1744175789093,-28.481250762939453,-41.775001525878906,14.137500762939453,1001.1087036132812,103.39646512729266,54.19127049393826,99.74978935395445,35.808729506061745,7.932960965499007,-71.30314674147309,36.561892698532375,0.13827513427370647,288.6968532585269,-0.9371323283435884
1744175789807,1744175789112,8.094321250915527,5.839683532714844,-1.3908281326293945,1744175789133,0.005192350596189499,0.06963858753442764,0.06811141967773438,1744175789093,-28.481250762939453,-41.775001525878906,14.137500762939453,1001.1087036132812,103.39646512729266,54.19127049393826,99.74978935395445,35.808729506061745,7.932960965499007,-71.30314674147309,36.561892698532375,0.09754823867718142,288.6968532585269,-0.9371323283435884
1744175789903,1744175789112,8.094321250915527,5.839683532714844,-1.3908281326293945,1744175789236,0.001221729558892548,-0.12324196845293045,-0.01511890348047018,1744175789093,-28.481250762939453,-41.775001525878906,14.137500762939453,1001.1087036132812,103.39646512729266,54.19127049393826,99.74978935395445,35.808729506061745,7.932960965499007,-71.30314674147309,36.561892698532375,0.12417188350717706,288.6968532585269,-0.9371323283435884
1744175789937,1744175789112,8.094321250915527,5.839683532714844,-1.3908281326293945,1744175789236,0.001221729558892548,-0.12324196845293045,-0.01511890348047018,1744175789093,-28.481250762939453,-41.775001525878906,14.137500762939453,1001.1124877929688,103.39646512729266,54.19127049393826,99.74978935395445,35.808729506061745,7.932960965499007,-71.30314674147309,36.561892698532375,0.12417188350717706,288.6968532585269,-0.969020090363959
1744175789949,1744175789264,7.993224143981934,5.624927997589111,-1.561316728591919,1744175789236,0.001221729558892548,-0.12324196845293045,-0.01511890348047018,1744175789093,-28.481250762939453,-41.775001525878906,14.137500762939453,1001.1124877929688,105.51311007163638,54.86548783894817,101.05242462740146,35.13451216105183,9.075836643924058,-71.30314674147309,36.141329962156526,0.12417188350717706,288.6968532585269,-0.969020090363959
1744175790004,1744175789264,7.993224143981934,5.624927997589111,-1.561316728591919,1744175789236,0.001221729558892548,-0.12324196845293045,-0.01511890348047018,1744175789293,-27.993751525878906,-41.73750305175781,13.912500381469727,1001.1124877929688,105.51311007163638,54.86548783894817,101.05242462740146,35.13451216105183,9.075836643924058,-71.56505196258037,36.141329962156526,0.12417188350717706,288.43494803741964,-0.969020090363959
1744175790063,1744175789264,7.993224143981934,5.624927997589111,-1.561316728591919,1744175789341,0.08323032408952713,-0.023365577682852745,-0.05436696484684944,1744175789293,-27.993751525878906,-41.73750305175781,13.912500381469727,1001.1124877929688,105.51311007163638,54.86548783894817,101.05242462740146,35.13451216105183,9.075836643924058,-71.56505196258037,36.141329962156526,0.10212249475585537,288.43494803741964,-0.969020090363959
1744175790071,1744175789264,7.993224143981934,5.624927997589111,-1.561316728591919,1744175789341,0.08323032408952713,-0.023365577682852745,-0.05436696484684944,1744175789393,-28.200000762939453,-41.83125305175781,13.218750953674316,1001.1124877929688,105.51311007163638,54.86548783894817,101.05242462740146,35.13451216105183,9.075836643924058,-72.46337044116405,36.141329962156526,0.10212249475585537,287.53662955883595,-0.969020090363959
1744175790099,1744175789394,8.23968505859375,5.498706340789795,-0.9266205430030823,1744175789341,0.08323032408952713,-0.023365577682852745,-0.05436696484684944,1744175789393,-28.200000762939453,-41.83125305175781,13.218750953674316,1001.1124877929688,99.56539195183652,56.28306415344955,96.41642438501029,33.716935846550456,5.343991526956888,-72.46337044116405,34.08831127509762,0.10212249475585537,287.53662955883595,-0.969020090363959
1744175790120,1744175789394,8.23968505859375,5.498706340789795,-0.9266205430030823,1744175789341,0.08323032408952713,-0.023365577682852745,-0.05436696484684944,1744175789393,-28.200000762939453,-41.83125305175781,13.218750953674316,1001.1112060546875,99.56539195183652,56.28306415344955,96.41642438501029,33.716935846550456,5.343991526956888,-72.46337044116405,34.08831127509762,0.10212249475585537,287.53662955883595,-0.9582194077005024
1744175790138,1744175789394,8.23968505859375,5.498706340789795,-0.9266205430030823,1744175789445,0.05299251899123192,0.056199558079242706,0.009010255336761475,1744175789393,-28.200000762939453,-41.83125305175781,13.218750953674316,1001.1112060546875,99.56539195183652,56.28306415344955,96.41642438501029,33.716935846550456,5.343991526956888,-72.46337044116405,34.08831127509762,0.07776748741326216,287.53662955883595,-0.9582194077005024
1744175790215,1744175789524,7.688737392425537,5.722435474395752,-0.9553344249725342,1744175789445,0.05299251899123192,0.056199558079242706,0.009010255336761475,1744175789393,-28.200000762939453,-41.83125305175781,13.218750953674316,1001.1112060546875,99.47786154024452,53.34108901002496,97.08276633004198,36.65891098997505,5.692142611088106,-72.46337044116405,37.03683002334869,0.07776748741326216,287.53662955883595,-0.9582194077005024
1744175790247,1744175789524,7.688737392425537,5.722435474395752,-0.9553344249725342,1744175789548,0.016035201027989388,0.039858926087617874,-0.09529490768909454,1744175789393,-28.200000762939453,-41.83125305175781,13.218750953674316,1001.1112060546875,99.47786154024452,53.34108901002496,97.08276633004198,36.65891098997505,5.692142611088106,-72.46337044116405,37.03683002334869,0.10453220122210795,287.53662955883595,-0.9582194077005024
1744175790256,1744175789524,7.688737392425537,5.722435474395752,-0.9553344249725342,1744175789548,0.016035201027989388,0.039858926087617874,-0.09529490768909454,1744175789393,-28.200000762939453,-41.83125305175781,13.218750953674316,1001.1074829101562,99.47786154024452,53.34108901002496,97.08276633004198,36.65891098997505,5.692142611088106,-72.46337044116405,37.03683002334869,0.10453220122210795,287.53662955883595,-0.9268459326738276
1744175790321,1744175789524,7.688737392425537,5.722435474395752,-0.9553344249725342,1744175789548,0.016035201027989388,0.039858926087617874,-0.09529490768909454,1744175789593,-27.562501907348633,-41.868751525878906,12.731250762939453,1001.1074829101562,99.47786154024452,53.34108901002496,97.08276633004198,36.65891098997505,5.692142611088106,-73.08678191524008,37.03683002334869,0.10453220122210795,286.91321808475993,-0.9268459326738276
1744175790322,1744175789524,7.688737392425537,5.722435474395752,-0.9553344249725342,1744175789653,-0.011300998739898205,0.13759729266166687,-0.05070177838206291,1744175789593,-27.562501907348633,-41.868751525878906,12.731250762939453,1001.1074829101562,99.47786154024452,53.34108901002496,97.08276633004198,36.65891098997505,5.692142611088106,-73.08678191524008,37.03683002334869,0.14707616343732727,286.91321808475993,-0.9268459326738276
1744175790333,1744175789654,8.437092781066895,5.667400360107422,-0.9014959335327148,1744175789653,-0.011300998739898205,0.13759729266166687,-0.05070177838206291,1744175789593,-27.562501907348633,-41.868751525878906,12.731250762939453,1001.1074829101562,99.03814239027527,56.109782300891325,96.09886412131596,33.890217699108675,5.0686570998768135,-73.08678191524008,34.22233499638795,0.14707616343732727,286.91321808475993,-0.9268459326738276
1744175790401,1744175789654,8.437092781066895,5.667400360107422,-0.9014959335327148,1744175789653,-0.011300998739898205,0.13759729266166687,-0.05070177838206291,1744175789593,-27.562501907348633,-41.868751525878906,12.731250762939453,1001.114990234375,99.03814239027527,56.109782300891325,96.09886412131596,33.890217699108675,5.0686570998768135,-73.08678191524008,34.22233499638795,0.14707616343732727,286.91321808475993,-0.990107105188609
1744175790456,1744175789654,8.437092781066895,5.667400360107422,-0.9014959335327148,1744175789757,0.001221729558892548,0.04230238497257233,-0.025503603741526604,1744175789593,-27.562501907348633,-41.868751525878906,12.731250762939453,1001.114990234375,99.03814239027527,56.109782300891325,96.09886412131596,33.890217699108675,5.0686570998768135,-73.08678191524008,34.22233499638795,0.049410709378510186,286.91321808475993,-0.990107105188609
1744175790459,1744175789654,8.437092781066895,5.667400360107422,-0.9014959335327148,1744175789757,0.001221729558892548,0.04230238497257233,-0.025503603741526604,1744175789793,-27.600000381469727,-42.41250228881836,13.406250953674316,1001.114990234375,99.03814239027527,56.109782300891325,96.09886412131596,33.890217699108675,5.0686570998768135,-72.458673428788,34.22233499638795,0.049410709378510186,287.541326571212,-0.990107105188609
1744175790473,1744175789784,7.607979774475098,5.750551223754883,-1.2233306169509888,1744175789757,0.001221729558892548,0.04230238497257233,-0.025503603741526604,1744175789793,-27.600000381469727,-42.41250228881836,13.406250953674316,1001.114990234375,102.00965852066085,52.91590243775915,99.13472501542051,37.08409756224085,7.309698171766397,-72.458673428788,37.69584009074636,0.049410709378510186,287.541326571212,-0.990107105188609
1744175790526,1744175789784,7.607979774475098,5.750551223754883,-1.2233306169509888,1744175789861,0.003512472379952669,-0.05100720748305321,-0.025503603741526604,1744175789793,-27.600000381469727,-42.41250228881836,13.406250953674316,1001.114990234375,102.00965852066085,52.91590243775915,99.13472501542051,37.08409756224085,7.309698171766397,-72.458673428788,37.69584009074636,0.057135859853895424,287.541326571212,-0.990107105188609
1744175790576,1744175789784,7.607979774475098,5.750551223754883,-1.2233306169509888,1744175789861,0.003512472379952669,-0.05100720748305321,-0.025503603741526604,1744175789893,-28.406251907348633,-41.32500076293945,13.331250190734863,1001.114990234375,102.00965852066085,52.91590243775915,99.13472501542051,37.08409756224085,7.309698171766397,-72.12054392523817,37.69584009074636,0.057135859853895424,287.87945607476183,-0.990107105188609
1744175790582,1744175789784,7.607979774475098,5.750551223754883,-1.2233306169509888,1744175789861,0.003512472379952669,-0.05100720748305321,-0.025503603741526604,1744175789893,-28.406251907348633,-41.32500076293945,13.331250190734863,1001.1224975585938,102.00965852066085,52.91590243775915,99.13472501542051,37.08409756224085,7.309698171766397,-72.12054392523817,37.69584009074636,0.057135859853895424,287.87945607476183,-1.0533678935808966
1744175790627,1744175789914,8.184649467468262,5.578866004943848,-1.1784651279449463,1744175789861,0.003512472379952669,-0.05100720748305321,-0.025503603741526604,1744175789893,-28.406251907348633,-41.32500076293945,13.331250190734863,1001.1224975585938,101.92766524217998,55.72065902513915,98.19341020649398,34.27934097486086,6.784863292220175,-72.12054392523817,34.863655770954516,0.057135859853895424,287.87945607476183,-1.0533678935808966
1744175790634,1744175789914,8.184649467468262,5.578866004943848,-1.1784651279449463,1744175789965,0.06627883017063141,-0.02458730712532997,-0.021991131827235222,1744175789893,-28.406251907348633,-41.32500076293945,13.331250190734863,1001.1224975585938,101.92766524217998,55.72065902513915,98.19341020649398,34.27934097486086,6.784863292220175,-72.12054392523817,34.863655770954516,0.07403397111803162,287.87945607476183,-1.0533678935808966
1744175790666,1744175789914,8.184649467468262,5.578866004943848,-1.1784651279449463,1744175789965,0.06627883017063141,-0.02458730712532997,-0.021991131827235222,1744175789993,-28.312501907348633,-41.45625305175781,13.443750381469727,1001.1224975585938,101.92766524217998,55.72065902513915,98.19341020649398,34.27934097486086,6.784863292220175,-72.03276219768252,34.863655770954516,0.07403397111803162,287.96723780231747,-1.0533678935808966
1744175790727,1744175789914,8.184649467468262,5.578866004943848,-1.1784651279449463,1744175789965,0.06627883017063141,-0.02458730712532997,-0.021991131827235222,1744175789993,-28.312501907348633,-41.45625305175781,13.443750381469727,1001.1212158203125,101.92766524217998,55.72065902513915,98.19341020649398,34.27934097486086,6.784863292220175,-72.03276219768252,34.863655770954516,0.07403397111803162,287.96723780231747,-1.0425672983647605
1744175790762,1744175789914,8.184649467468262,5.578866004943848,-1.1784651279449463,1744175790069,0.11759147047996521,-0.026419902220368385,0.056657709181308746,1744175789993,-28.312501907348633,-41.45625305175781,13.443750381469727,1001.1212158203125,101.92766524217998,55.72065902513915,98.19341020649398,34.27934097486086,6.784863292220175,-72.03276219768252,34.863655770954516,0.13317605330031415,287.96723780231747,-1.0425672983647605
1744175790768,1744175790044,8.068597793579102,5.492724418640137,-1.1497513055801392,1744175790069,0.11759147047996521,-0.026419902220368385,0.056657709181308746,1744175789993,-28.312501907348633,-41.45625305175781,13.443750381469727,1001.1212158203125,101.82260071419923,55.75479520823612,98.10988163034153,34.24520479176388,6.718101528757688,-72.03276219768252,34.818895951610905,0.13317605330031415,287.96723780231747,-1.0425672983647605
1744175790768,1744175790044,8.068597793579102,5.492724418640137,-1.1497513055801392,1744175790069,0.11759147047996521,-0.026419902220368385,0.056657709181308746,1744175790093,-28.125001907348633,-41.587501525878906,12.637500762939453,1001.1212158203125,101.82260071419923,55.75479520823612,98.10988163034153,34.24520479176388,6.718101528757688,-73.09715997087352,34.818895951610905,0.13317605330031415,286.9028400291265,-1.0425672983647605
1744175790838,1744175790044,8.068597793579102,5.492724418640137,-1.1497513055801392,1744175790172,0.0818558782339096,-0.004581485874950886,-0.07376192510128021,1744175790093,-28.125001907348633,-41.587501525878906,12.637500762939453,1001.1212158203125,101.82260071419923,55.75479520823612,98.10988163034153,34.24520479176388,6.718101528757688,-73.09715997087352,34.818895951610905,0.1102823485826897,286.9028400291265,-1.0425672983647605
1744175790882,1744175790195,8.112865447998047,5.660222053527832,-0.7387840151786804,1744175790172,0.0818558782339096,-0.004581485874950886,-0.07376192510128021,1744175790093,-28.125001907348633,-41.587501525878906,12.637500762939453,1001.1212158203125,97.4363266075203,55.09710836838509,95.20318989750314,34.90289163161491,4.271096174767928,-73.09715997087352,35.13031404025865,0.1102823485826897,286.9028400291265,-1.0425672983647605
1744175790891,1744175790195,8.112865447998047,5.660222053527832,-0.7387840151786804,1744175790172,0.0818558782339096,-0.004581485874950886,-0.07376192510128021,1744175790093,-28.125001907348633,-41.587501525878906,12.637500762939453,1001.125,97.4363266075203,55.09710836838509,95.20318989750314,34.90289163161491,4.271096174767928,-73.09715997087352,35.13031404025865,0.1102823485826897,286.9028400291265,-1.0744547376844382
1744175790970,1744175790195,8.112865447998047,5.660222053527832,-0.7387840151786804,1744175790277,-0.06750056147575378,0.08674279600381851,-0.007635809946805239,1744175790093,-28.125001907348633,-41.587501525878906,12.637500762939453,1001.125,97.4363266075203,55.09710836838509,95.20318989750314,34.90289163161491,4.271096174767928,-73.09715997087352,35.13031404025865,0.11017687621114432,286.9028400291265,-1.0744547376844382
1744175790997,1744175790195,8.112865447998047,5.660222053527832,-0.7387840151786804,1744175790277,-0.06750056147575378,0.08674279600381851,-0.007635809946805239,1744175790293,-31.631250381469727,-41.47500228881836,13.706250190734863,1001.125,97.4363266075203,55.09710836838509,95.20318989750314,34.90289163161491,4.271096174767928,-71.7128213124118,35.13031404025865,0.11017687621114432,288.2871786875882,-1.0744547376844382
1744175791002,1744175790325,7.610372543334961,5.669793128967285,-1.3914263248443604,1744175790277,-0.06750056147575378,0.08674279600381851,-0.007635809946805239,1744175790293,-31.631250381469727,-41.47500228881836,13.706250190734863,1001.125,103.78848244623063,53.313571784380684,100.36111387445223,36.68642821561932,8.341096121884199,-71.7128213124118,37.49236095905421,0.11017687621114432,288.2871786875882,-1.0744547376844382
1744175791055,1744175790325,7.610372543334961,5.669793128967285,-1.3914263248443604,1744175790277,-0.06750056147575378,0.08674279600381851,-0.007635809946805239,1744175790293,-31.631250381469727,-41.47500228881836,13.706250190734863,1001.1349487304688,103.78848244623063,53.313571784380684,100.36111387445223,36.68642821561932,8.341096121884199,-71.7128213124118,37.49236095905421,0.11017687621114432,288.2871786875882,-1.158287378725762
1744175791067,1744175790325,7.610372543334961,5.669793128967285,-1.3914263248443604,1744175790380,-0.030390523374080658,-0.01359174121171236,-0.08124501258134842,1744175790293,-31.631250381469727,-41.47500228881836,13.706250190734863,1001.1349487304688,103.78848244623063,53.313571784380684,100.36111387445223,36.68642821561932,8.341096121884199,-71.7128213124118,37.49236095905421,0.08780131781163747,288.2871786875882,-1.158287378725762
1744175791075,1744175790325,7.610372543334961,5.669793128967285,-1.3914263248443604,1744175790380,-0.030390523374080658,-0.01359174121171236,-0.08124501258134842,1744175790393,-29.73750114440918,-41.94375228881836,13.36875057220459,1001.1349487304688,103.78848244623063,53.313571784380684,100.36111387445223,36.68642821561932,8.341096121884199,-72.32133643231593,37.49236095905421,0.08780131781163747,287.67866356768405,-1.158287378725762
1744175791134,1744175790455,8.213961601257324,5.580062389373779,-1.046859860420227,1744175790380,-0.030390523374080658,-0.01359174121171236,-0.08124501258134842,1744175790393,-29.73750114440918,-41.94375228881836,13.36875057220459,1001.1349487304688,100.62558846749802,55.810213216080484,97.26312394545809,34.18978678391952,6.018076522083052,-72.32133643231593,34.651860806111486,0.08780131781163747,287.67866356768405,-1.158287378725762
1744175791197,1744175790455,8.213961601257324,5.580062389373779,-1.046859860420227,1744175790484,-0.002901607658714056,-0.000305432389723137,-0.009162971749901772,1744175790393,-29.73750114440918,-41.94375228881836,13.36875057220459,1001.1349487304688,100.62558846749802,55.810213216080484,97.26312394545809,34.18978678391952,6.018076522083052,-72.32133643231593,34.651860806111486,0.009616270963283947,287.67866356768405,-1.158287378725762
1744175791259,1744175790455,8.213961601257324,5.580062389373779,-1.046859860420227,1744175790484,-0.002901607658714056,-0.000305432389723137,-0.009162971749901772,1744175790393,-29.73750114440918,-41.94375228881836,13.36875057220459,1001.1337280273438,100.62558846749802,55.810213216080484,97.26312394545809,34.18978678391952,6.018076522083052,-72.32133643231593,34.651860806111486,0.009616270963283947,287.67866356768405,-1.148001201408535
1744175791265,1744175790455,8.213961601257324,5.580062389373779,-1.046859860420227,1744175790588,-0.02306014485657215,0.010384701192378998,0.029016077518463135,1744175790393,-29.73750114440918,-41.94375228881836,13.36875057220459,1001.1337280273438,100.62558846749802,55.810213216080484,97.26312394545809,34.18978678391952,6.018076522083052,-72.32133643231593,34.651860806111486,0.038490843771195125,287.67866356768405,-1.148001201408535
1744175791272,1744175790455,8.213961601257324,5.580062389373779,-1.046859860420227,1744175790588,-0.02306014485657215,0.010384701192378998,0.029016077518463135,1744175790593,-29.606250762939453,-41.0625,13.293750762939453,1001.1337280273438,100.62558846749802,55.810213216080484,97.26312394545809,34.18978678391952,6.018076522083052,-72.06093481047385,34.651860806111486,0.038490843771195125,287.93906518952616,-1.148001201408535
1744175791274,1744175790586,7.995018482208252,5.5381879806518555,-0.9505487680435181,1744175790588,-0.02306014485657215,0.010384701192378998,0.029016077518463135,1744175790593,-29.606250762939453,-41.0625,13.293750762939453,1001.1337280273438,99.7390868146734,55.2894671107942,96.78021824777771,34.7105328892058,5.582041719270968,-72.06093481047385,35.10084754305889,0.038490843771195125,287.93906518952616,-1.148001201408535
1744175791358,1744175790586,7.995018482208252,5.5381879806518555,-0.9505487680435181,1744175790692,-0.010690134018659592,-0.027947064489126205,0.054214250296354294,1744175790593,-29.606250762939453,-41.0625,13.293750762939453,1001.1337280273438,99.7390868146734,55.2894671107942,96.78021824777771,34.7105328892058,5.582041719270968,-72.06093481047385,35.10084754305889,0.06192335838834998,287.93906518952616,-1.148001201408535
1744175791369,1744175790586,7.995018482208252,5.5381879806518555,-0.9505487680435181,1744175790692,-0.010690134018659592,-0.027947064489126205,0.054214250296354294,1744175790693,-29.36250114440918,-41.85000228881836,12.956250190734863,1001.1337280273438,99.7390868146734,55.2894671107942,96.78021824777771,34.7105328892058,5.582041719270968,-72.79811293886985,35.10084754305889,0.06192335838834998,287.20188706113015,-1.148001201408535
1744175791381,1744175790586,7.995018482208252,5.5381879806518555,-0.9505487680435181,1744175790692,-0.010690134018659592,-0.027947064489126205,0.054214250296354294,1744175790693,-29.36250114440918,-41.85000228881836,12.956250190734863,1001.1312255859375,99.7390868146734,55.2894671107942,96.78021824777771,34.7105328892058,5.582041719270968,-72.79811293886985,35.10084754305889,0.06192335838834998,287.20188706113015,-1.1269145061544283
1744175791459,1744175790716,7.959724426269531,5.5962138175964355,-1.1228320598602295,1744175790692,-0.010690134018659592,-0.027947064489126205,0.054214250296354294,1744175790693,-29.36250114440918,-41.85000228881836,12.956250190734863,1001.1312255859375,101.34526304785764,54.890240363059846,98.02940298823104,35.10975963694015,6.582690548244207,-72.79811293886985,35.64348626853243,0.06192335838834998,287.20188706113015,-1.1269145061544283
1744175791515,1744175790716,7.959724426269531,5.5962138175964355,-1.1228320598602295,1744175790797,-0.022296564653515816,0.03130681812763214,0.019394956529140472,1744175790693,-29.36250114440918,-41.85000228881836,12.956250190734863,1001.1312255859375,101.34526304785764,54.890240363059846,98.02940298823104,35.10975963694015,6.582690548244207,-72.79811293886985,35.64348626853243,0.04305134138900083,287.20188706113015,-1.1269145061544283
1744175791538,1744175790716,7.959724426269531,5.5962138175964355,-1.1228320598602295,1744175790797,-0.022296564653515816,0.03130681812763214,0.019394956529140472,1744175790693,-29.36250114440918,-41.85000228881836,12.956250190734863,1001.1325073242188,101.34526304785764,54.890240363059846,98.02940298823104,35.10975963694015,6.582690548244207,-72.79811293886985,35.64348626853243,0.04305134138900083,287.20188706113015,-1.1377150139330872
1744175791545,1744175790845,8.151748657226562,5.433502197265625,-1.1593226194381714,1744175790797,-0.022296564653515816,0.03130681812763214,0.019394956529140472,1744175790693,-29.36250114440918,-41.85000228881836,12.956250190734863,1001.1325073242188,102.04434504337316,56.314783687737105,98.09419227194384,33.6852163122629,6.748933496155399,-72.79811293886985,34.27629617650675,0.04305134138900083,287.20188706113015,-1.1377150139330872
1744175791574,1744175790845,8.151748657226562,5.433502197265625,-1.1593226194381714,1744175790797,-0.022296564653515816,0.03130681812763214,0.019394956529140472,1744175790893,-29.887500762939453,-41.38125228881836,14.568750381469727,1001.1325073242188,102.04434504337316,56.314783687737105,98.09419227194384,33.6852163122629,6.748933496155399,-70.60479062374999,34.27629617650675,0.04305134138900083,289.39520937625,-1.1377150139330872
1744175791588,1744175790845,8.151748657226562,5.433502197265625,-1.1593226194381714,1744175790901,0.007941242307424545,0.0256563201546669,0.029626941308379173,1744175790893,-29.887500762939453,-41.38125228881836,14.568750381469727,1001.1325073242188,102.04434504337316,56.314783687737105,98.09419227194384,33.6852163122629,6.748933496155399,-70.60479062374999,34.27629617650675,0.039988320101676446,289.39520937625,-1.1377150139330872
1744175791667,1744175790845,8.151748657226562,5.433502197265625,-1.1593226194381714,1744175790901,0.007941242307424545,0.0256563201546669,0.029626941308379173,1744175790993,-29.306251525878906,-41.34375,13.668750762939453,1001.1325073242188,102.04434504337316,56.314783687737105,98.09419227194384,33.6852163122629,6.748933496155399,-71.70548077488544,34.27629617650675,0.039988320101676446,288.2945192251145,-1.1377150139330872
1744175791667,1744175790976,7.816753387451172,5.413761138916016,-1.059422254562378,1744175790901,0.007941242307424545,0.0256563201546669,0.029626941308379173,1744175790993,-29.306251525878906,-41.34375,13.668750762939453,1001.1325073242188,101.07232395115255,55.29413199372676,97.71839607432312,34.70586800627325,6.357624545515448,-71.70548077488544,35.21142103961082,0.039988320101676446,288.2945192251145,-1.1377150139330872
1744175791690,1744175790976,7.816753387451172,5.413761138916016,-1.059422254562378,1744175791005,0.0038179049734026194,0.024740023538470268,-0.030085090547800064,1744175790993,-29.306251525878906,-41.34375,13.668750762939453,1001.1325073242188,101.07232395115255,55.29413199372676,97.71839607432312,34.70586800627325,6.357624545515448,-71.70548077488544,35.21142103961082,0.03913767796304891,288.2945192251145,-1.1377150139330872
1744175791766,1744175790976,7.816753387451172,5.413761138916016,-1.059422254562378,1744175791005,0.0038179049734026194,0.024740023538470268,-0.030085090547800064,1744175790993,-29.306251525878906,-41.34375,13.668750762939453,1001.1325073242188,101.07232395115255,55.29413199372676,97.71839607432312,34.70586800627325,6.357624545515448,-71.70548077488544,35.21142103961082,0.03913767796304891,288.2945192251145,-1.1377150139330872
1744175791828,1744175790976,7.816753387451172,5.413761138916016,-1.059422254562378,1744175791109,-0.06246092543005943,0.06765327602624893,-0.03222311660647392,1744175790993,-29.306251525878906,-41.34375,13.668750762939453,1001.1325073242188,101.07232395115255,55.29413199372676,97.71839607432312,34.70586800627325,6.357624545515448,-71.70548077488544,35.21142103961082,0.09755338131760317,288.2945192251145,-1.1377150139330872
1744175791835,1744175791149,7.670193195343018,5.6823554039001465,-1.0923235416412354,1744175791109,-0.06246092543005943,0.06765327602624893,-0.03222311660647392,1744175790993,-29.306251525878906,-41.34375,13.668750762939453,1001.1325073242188,100.88127672329334,53.46761980905207,98.10507671574445,36.53238019094793,6.527993196009006,-71.70548077488544,37.03089430599073,0.09755338131760317,288.2945192251145,-1.1377150139330872
1744175791949,1744175791149,7.670193195343018,5.6823554039001465,-1.0923235416412354,1744175791109,-0.06246092543005943,0.06765327602624893,-0.03222311660647392,1744175790993,-29.306251525878906,-41.34375,13.668750762939453,1001.1337280273438,100.88127672329334,53.46761980905207,98.10507671574445,36.53238019094793,6.527993196009006,-71.70548077488544,37.03089430599073,0.09755338131760317,288.2945192251145,-1.148001201408535
1744175791949,1744175791149,7.670193195343018,5.6823554039001465,-1.0923235416412354,1744175791109,-0.06246092543005943,0.06765327602624893,-0.03222311660647392,1744175791193,-28.80000114440918,-41.28750228881836,13.875000953674316,1001.1337280273438,100.88127672329334,53.46761980905207,98.10507671574445,36.53238019094793,6.527993196009006,-71.42465862913733,37.03089430599073,0.09755338131760317,288.5753413708627,-1.148001201408535
1744175791957,1744175791149,7.670193195343018,5.6823554039001465,-1.0923235416412354,1744175791213,0,-0.036651886999607086,-0.11224640160799026,1744175791193,-28.80000114440918,-41.28750228881836,13.875000953674316,1001.1337280273438,100.88127672329334,53.46761980905207,98.10507671574445,36.53238019094793,6.527993196009006,-71.42465862913733,37.03089430599073,0.11807885286779427,288.5753413708627,-1.148001201408535
1744175791986,1744175791279,8.672785758972168,5.638686656951904,-1.0863415002822876,1744175791213,0,-0.036651886999607086,-0.11224640160799026,1744175791193,-28.80000114440918,-41.28750228881836,13.875000953674316,1001.1337280273438,100.90491451821741,56.96974287725453,97.13960786304943,33.030257122745475,5.994926479416896,-71.42465862913733,33.5091319404081,0.11807885286779427,288.5753413708627,-1.148001201408535
1744175791997,1744175791279,8.672785758972168,5.638686656951904,-1.0863415002822876,1744175791316,0.009010255336761475,-0.004123337101191282,0.06337722390890121,1744175791193,-28.80000114440918,-41.28750228881836,13.875000953674316,1001.1337280273438,100.90491451821741,56.96974287725453,97.13960786304943,33.030257122745475,5.994926479416896,-71.42465862913733,33.5091319404081,0.06414716767311475,288.5753413708627,-1.148001201408535
1744175792060,1744175791279,8.672785758972168,5.638686656951904,-1.0863415002822876,1744175791316,0.009010255336761475,-0.004123337101191282,0.06337722390890121,1744175791193,-28.80000114440918,-41.28750228881836,13.875000953674316,1001.137451171875,100.90491451821741,56.96974287725453,97.13960786304943,33.030257122745475,5.994926479416896,-71.42465862913733,33.5091319404081,0.06414716767311475,288.5753413708627,-1.1793740104811445
1744175792122,1744175791279,8.672785758972168,5.638686656951904,-1.0863415002822876,1744175791316,0.009010255336761475,-0.004123337101191282,0.06337722390890121,1744175791393,-30.187501907348633,-40.95000076293945,14.568750381469727,1001.137451171875,100.90491451821741,56.96974287725453,97.13960786304943,33.030257122745475,5.994926479416896,-70.41600609308664,33.5091319404081,0.06414716767311475,289.58399390691335,-1.1793740104811445
1744175792122,1744175791279,8.672785758972168,5.638686656951904,-1.0863415002822876,1744175791420,-0.03390299528837204,-0.012522728182375431,-0.02932151034474373,1744175791393,-30.187501907348633,-40.95000076293945,14.568750381469727,1001.137451171875,100.90491451821741,56.96974287725453,97.13960786304943,33.030257122745475,5.994926479416896,-70.41600609308664,33.5091319404081,0.04654012010674177,289.58399390691335,-1.1793740104811445
1744175792122,1744175791409,7.883752346038818,5.575276851654053,-1.1371889114379883,1744175791420,-0.03390299528837204,-0.012522728182375431,-0.02932151034474373,1744175791393,-30.187501907348633,-40.95000076293945,14.568750381469727,1001.137451171875,101.52847714163532,54.732596290955996,98.20799418551162,35.267403709044004,6.716833334790225,-70.41600609308664,35.81973837557459,0.04654012010674177,289.58399390691335,-1.1793740104811445
1744175792158,1744175791409,7.883752346038818,5.575276851654053,-1.1371889114379883,1744175791420,-0.03390299528837204,-0.012522728182375431,-0.02932151034474373,1744175791493,-28.950000762939453,-41.25,14.175000190734863,1001.137451171875,101.52847714163532,54.732596290955996,98.20799418551162,35.267403709044004,6.716833334790225,-71.03541499225162,35.81973837557459,0.04654012010674177,288.9645850077484,-1.1793740104811445
1744175792190,1744175791409,7.883752346038818,5.575276851654053,-1.1371889114379883,1744175791420,-0.03390299528837204,-0.012522728182375431,-0.02932151034474373,1744175791493,-28.950000762939453,-41.25,14.175000190734863,1001.1412353515625,101.52847714163532,54.732596290955996,98.20799418551162,35.267403709044004,6.716833334790225,-71.03541499225162,35.81973837557459,0.04654012010674177,288.9645850077484,-1.2112610310891925
1744175792199,1744175791409,7.883752346038818,5.575276851654053,-1.1371889114379883,1744175791525,-0.04825831577181816,-0.028405211865901947,0.008552107028663158,1744175791493,-28.950000762939453,-41.25,14.175000190734863,1001.1412353515625,101.52847714163532,54.732596290955996,98.20799418551162,35.267403709044004,6.716833334790225,-71.03541499225162,35.81973837557459,0.056646797234345035,288.9645850077484,-1.2112610310891925
1744175792257,1744175791539,7.926823139190674,5.497509956359863,-1.2837493419647217,1744175791525,-0.04825831577181816,-0.028405211865901947,0.008552107028663158,1744175791493,-28.950000762939453,-41.25,14.175000190734863,1001.1412353515625,103.14387644860633,55.25743209038981,99.1991839743298,34.742567909610194,7.5802536592201815,-71.03541499225162,35.45810636472484,0.056646797234345035,288.9645850077484,-1.2112610310891925
1744175792258,1744175791539,7.926823139190674,5.497509956359863,-1.2837493419647217,1744175791525,-0.04825831577181816,-0.028405211865901947,0.008552107028663158,1744175791593,-29.287500381469727,-40.20000076293945,13.800000190734863,1001.1412353515625,103.14387644860633,55.25743209038981,99.1991839743298,34.742567909610194,7.5802536592201815,-71.05349540123346,35.45810636472484,0.056646797234345035,288.9465045987665,-1.2112610310891925
1744175792302,1744175791539,7.926823139190674,5.497509956359863,-1.2837493419647217,1744175791628,-0.007788525894284248,-0.001221729558892548,0.007330377586185932,1744175791593,-29.287500381469727,-40.20000076293945,13.800000190734863,1001.1412353515625,103.14387644860633,55.25743209038981,99.1991839743298,34.742567909610194,7.5802536592201815,-71.05349540123346,35.45810636472484,0.01076513791258919,288.9465045987665,-1.2112610310891925
1744175792357,1744175791539,7.926823139190674,5.497509956359863,-1.2837493419647217,1744175791628,-0.007788525894284248,-0.001221729558892548,0.007330377586185932,1744175791593,-29.287500381469727,-40.20000076293945,13.800000190734863,1001.1424560546875,103.14387644860633,55.25743209038981,99.1991839743298,34.742567909610194,7.5802536592201815,-71.05349540123346,35.45810636472484,0.01076513791258919,288.9465045987665,-1.2215471459510785
1744175792363,1744175791539,7.926823139190674,5.497509956359863,-1.2837493419647217,1744175791628,-0.007788525894284248,-0.001221729558892548,0.007330377586185932,1744175791693,-29.868751525878906,-40.78125,13.237500190734863,1001.1424560546875,103.14387644860633,55.25743209038981,99.1991839743298,34.742567909610194,7.5802536592201815,-72.01668857685159,35.45810636472484,0.01076513791258919,287.9833114231484,-1.2215471459510785
1744175792422,1744175791691,8.242077827453613,5.471189022064209,-1.073180913925171,1744175791628,-0.007788525894284248,-0.001221729558892548,0.007330377586185932,1744175791693,-29.868751525878906,-40.78125,13.237500190734863,1001.1424560546875,101.09774419957691,56.42332132662968,97.41860697323365,33.576678673370324,6.191347481778303,-72.01668857685159,34.07683911022633,0.01076513791258919,287.9833114231484,-1.2215471459510785
1744175792460,1744175791691,8.242077827453613,5.471189022064209,-1.073180913925171,1744175791732,-0.02611446939408779,0.005803215317428112,-0.012675444595515728,1744175791693,-29.868751525878906,-40.78125,13.237500190734863,1001.1424560546875,101.09774419957691,56.42332132662968,97.41860697323365,33.576678673370324,6.191347481778303,-72.01668857685159,34.07683911022633,0.029602528869155233,287.9833114231484,-1.2215471459510785
1744175792470,1744175791691,8.242077827453613,5.471189022064209,-1.073180913925171,1744175791732,-0.02611446939408779,0.005803215317428112,-0.012675444595515728,1744175791793,-30.150001525878906,-40.03125,14.906250953674316,1001.1424560546875,101.09774419957691,56.42332132662968,97.41860697323365,33.576678673370324,6.191347481778303,-69.57641212184723,34.07683911022633,0.029602528869155233,290.4235878781528,-1.2215471459510785
1744175792500,1744175791691,8.242077827453613,5.471189022064209,-1.073180913925171,1744175791732,-0.02611446939408779,0.005803215317428112,-0.012675444595515728,1744175791793,-30.150001525878906,-40.03125,14.906250953674316,1001.1424560546875,101.09774419957691,56.42332132662968,97.41860697323365,33.576678673370324,6.191347481778303,-69.57641212184723,34.07683911022633,0.029602528869155233,290.4235878781528,-1.2215471459510785
1744175792516,1744175791821,8.282755851745605,5.482554912567139,-1.2287144660949707,1744175791732,-0.02611446939408779,0.005803215317428112,-0.012675444595515728,1744175791793,-30.150001525878906,-40.03125,14.906250953674316,1001.1424560546875,102.63202805405334,56.49846843157688,98.4380665080778,33.50153156842312,7.051751528636481,-69.57641212184723,34.15075296878199,0.029602528869155233,290.4235878781528,-1.2215471459510785
1744175792517,1744175791821,8.282755851745605,5.482554912567139,-1.2287144660949707,1744175791837,-0.00045814859913662076,-0.013133592903614044,0,1744175791793,-30.150001525878906,-40.03125,14.906250953674316,1001.1424560546875,102.63202805405334,56.49846843157688,98.4380665080778,33.50153156842312,7.051751528636481,-69.57641212184723,34.15075296878199,0.013141581438196546,290.4235878781528,-1.2215471459510785
1744175792572,1744175791821,8.282755851745605,5.482554912567139,-1.2287144660949707,1744175791837,-0.00045814859913662076,-0.013133592903614044,0,1744175791893,-30.58125114440918,-40.63125228881836,14.943750381469727,1001.1424560546875,102.63202805405334,56.49846843157688,98.4380665080778,33.50153156842312,7.051751528636481,-69.80700480664174,34.15075296878199,0.013141581438196546,290.19299519335823,-1.2215471459510785
1744175792627,1744175791821,8.282755851745605,5.482554912567139,-1.2287144660949707,1744175791940,-0.014813470654189587,-0.04581485688686371,-0.020158538594841957,1744175791893,-30.58125114440918,-40.63125228881836,14.943750381469727,1001.1424560546875,102.63202805405334,56.49846843157688,98.4380665080778,33.50153156842312,7.051751528636481,-69.80700480664174,34.15075296878199,0.05219968105904548,290.19299519335823,-1.2215471459510785
1744175792632,1744175791950,8.6303129196167,5.48793888092041,-1.2239288091659546,1744175791940,-0.014813470654189587,-0.04581485688686371,-0.020158538594841957,1744175791893,-30.58125114440918,-40.63125228881836,14.943750381469727,1001.1424560546875,102.57244494452051,57.54808378695638,98.07171421029322,32.451916213043624,6.824218978691894,-69.80700480664174,33.08478004081132,0.05219968105904548,290.19299519335823,-1.2215471459510785
1744175792652,1744175791950,8.6303129196167,5.48793888092041,-1.2239288091659546,1744175791940,-0.014813470654189587,-0.04581485688686371,-0.020158538594841957,1744175791893,-30.58125114440918,-40.63125228881836,14.943750381469727,1001.1437377929688,102.57244494452051,57.54808378695638,98.07171421029322,32.451916213043624,6.824218978691894,-69.80700480664174,33.08478004081132,0.05219968105904548,290.19299519335823,-1.232347555632034
1744175792709,1744175791950,8.6303129196167,5.48793888092041,-1.2239288091659546,1744175791940,-0.014813470654189587,-0.04581485688686371,-0.020158538594841957,1744175791993,-30.843751907348633,-40.931251525878906,15.037500381469727,1001.1437377929688,102.57244494452051,57.54808378695638,98.07171421029322,32.451916213043624,6.824218978691894,-69.82745902112917,33.08478004081132,0.05219968105904548,290.1725409788708,-1.232347555632034
1744175792775,1744175791950,8.6303129196167,5.48793888092041,-1.2239288091659546,1744175792044,-0.01847865991294384,-0.025350889191031456,0.0256563201546669,1744175791993,-30.843751907348633,-40.931251525878906,15.037500381469727,1001.1437377929688,102.57244494452051,57.54808378695638,98.07171421029322,32.451916213043624,6.824218978691894,-69.82745902112917,33.08478004081132,0.04052622877634878,290.1725409788708,-1.232347555632034
1744175792787,1744175792080,8.156534194946289,5.352146148681641,-1.23589289188385,1744175792044,-0.01847865991294384,-0.025350889191031456,0.0256563201546669,1744175791993,-30.843751907348633,-40.931251525878906,15.037500381469727,1001.1437377929688,103.00256718672094,56.727957029779574,98.61602158772288,33.272042970220426,7.219977257103436,-69.82745902112917,33.95814312603108,0.04052622877634878,290.1725409788708,-1.232347555632034
1744175792800,1744175792080,8.156534194946289,5.352146148681641,-1.23589289188385,1744175792044,-0.01847865991294384,-0.025350889191031456,0.0256563201546669,1744175791993,-30.843751907348633,-40.931251525878906,15.037500381469727,1001.1474609375,103.00256718672094,56.727957029779574,98.61602158772288,33.272042970220426,7.219977257103436,-69.82745902112917,33.95814312603108,0.04052622877634878,290.1725409788708,-1.2637201107195906
1744175792858,1744175792080,8.156534194946289,5.352146148681641,-1.23589289188385,1744175792149,-0.010842849500477314,-0.0032070400193333626,-0.005955931730568409,1744175791993,-30.843751907348633,-40.931251525878906,15.037500381469727,1001.1474609375,103.00256718672094,56.727957029779574,98.61602158772288,33.272042970220426,7.219977257103436,-69.82745902112917,33.95814312603108,0.012779890991506872,290.1725409788708,-1.2637201107195906
1744175792858,1744175792080,8.156534194946289,5.352146148681641,-1.23589289188385,1744175792149,-0.010842849500477314,-0.0032070400193333626,-0.005955931730568409,1744175792193,-28.275001525878906,-40.70625305175781,12.937500953674316,1001.1474609375,103.00256718672094,56.727957029779574,98.61602158772288,33.272042970220426,7.219977257103436,-72.36839626437497,33.95814312603108,0.012779890991506872,287.63160373562505,-1.2637201107195906
1744175792902,1744175792211,8.176873207092285,5.394618511199951,-1.2137593030929565,1744175792149,-0.010842849500477314,-0.0032070400193333626,-0.005955931730568409,1744175792193,-28.275001525878906,-40.70625305175781,12.937500953674316,1001.1474609375,102.6800816130941,56.58552689285511,98.44322305918827,33.4144731071449,7.0630968867910875,-72.36839626437497,34.06788360307598,0.012779890991506872,287.63160373562505,-1.2637201107195906
1744175792964,1744175792211,8.176873207092285,5.394618511199951,-1.2137593030929565,1744175792252,0.0013744457392022014,-0.003970621153712273,0.01282816007733345,1744175792193,-28.275001525878906,-40.70625305175781,12.937500953674316,1001.1474609375,102.6800816130941,56.58552689285511,98.44322305918827,33.4144731071449,7.0630968867910875,-72.36839626437497,34.06788360307598,0.013498763810290563,287.63160373562505,-1.2637201107195906
1744175793071,1744175792211,8.176873207092285,5.394618511199951,-1.2137593030929565,1744175792252,0.0013744457392022014,-0.003970621153712273,0.01282816007733345,1744175792193,-28.275001525878906,-40.70625305175781,12.937500953674316,1001.1499633789062,102.6800816130941,56.58552689285511,98.44322305918827,33.4144731071449,7.0630968867910875,-72.36839626437497,34.06788360307598,0.013498763810290563,287.63160373562505,-1.284806529083431
1744175793071,1744175792211,8.176873207092285,5.394618511199951,-1.2137593030929565,1744175792356,0.01511890348047018,0.016798781231045723,0.014660755172371864,1744175792193,-28.275001525878906,-40.70625305175781,12.937500953674316,1001.1499633789062,102.6800816130941,56.58552689285511,98.44322305918827,33.4144731071449,7.0630968867910875,-72.36839626437497,34.06788360307598,0.026939154320886463,287.63160373562505,-1.284806529083431
1744175793072,1744175792340,8.086544036865234,5.508277893066406,-1.231107234954834,1744175792356,0.01511890348047018,0.016798781231045723,0.014660755172371864,1744175792193,-28.275001525878906,-40.70625305175781,12.937500953674316,1001.1499633789062,102.59862543436557,55.73864424880237,98.65632406987355,34.26135575119763,7.171510679809536,-72.36839626437497,34.91394844183581,0.026939154320886463,287.63160373562505,-1.284806529083431
1744175793075,1744175792340,8.086544036865234,5.508277893066406,-1.231107234954834,1744175792356,0.01511890348047018,0.016798781231045723,0.014660755172371864,1744175792393,-28.743751525878906,-41.17500305175781,13.856250762939453,1001.1499633789062,102.59862543436557,55.73864424880237,98.65632406987355,34.26135575119763,7.171510679809536,-71.40083585608134,34.91394844183581,0.026939154320886463,288.59916414391864,-1.284806529083431
1744175793178,1744175792340,8.086544036865234,5.508277893066406,-1.231107234954834,1744175792356,0.01511890348047018,0.016798781231045723,0.014660755172371864,1744175792393,-28.743751525878906,-41.17500305175781,13.856250762939453,1001.1524658203125,102.59862543436557,55.73864424880237,98.65632406987355,34.26135575119763,7.171510679809536,-71.40083585608134,34.91394844183581,0.026939154320886463,288.59916414391864,-1.3058929047768375
1744175793178,1744175792340,8.086544036865234,5.508277893066406,-1.231107234954834,1744175792460,-0.00045814859913662076,0.003512472379952669,0.006566796451807022,1744175792393,-28.743751525878906,-41.17500305175781,13.856250762939453,1001.1524658203125,102.59862543436557,55.73864424880237,98.65632406987355,34.26135575119763,7.171510679809536,-71.40083585608134,34.91394844183581,0.00746124507024709,288.59916414391864,-1.3058929047768375
1744175793178,1744175792340,8.086544036865234,5.508277893066406,-1.231107234954834,1744175792460,-0.00045814859913662076,0.003512472379952669,0.006566796451807022,1744175792493,-28.312501907348633,-40.61250305175781,14.606250762939453,1001.1524658203125,102.59862543436557,55.73864424880237,98.65632406987355,34.26135575119763,7.171510679809536,-70.21892331097865,34.91394844183581,0.00746124507024709,289.78107668902135,-1.3058929047768375
1744175793178,1744175792470,7.9860453605651855,5.509474277496338,-1.0636097192764282,1744175792460,-0.00045814859913662076,0.003512472379952669,0.006566796451807022,1744175792493,-28.312501907348633,-40.61250305175781,14.606250762939453,1001.1524658203125,100.92659294700373,55.39868459037285,97.5862100797947,34.601315409627155,6.256151900100367,-70.21892331097865,35.09286274962711,0.00746124507024709,289.78107668902135,-1.3058929047768375
1744175793350,1744175792470,7.9860453605651855,5.509474277496338,-1.0636097192764282,1744175792564,-0.003665188793092966,-0.006108647678047419,-0.007635809946805239,1744175792493,-28.312501907348633,-40.61250305175781,14.606250762939453,1001.1524658203125,100.92659294700373,55.39868459037285,97.5862100797947,34.601315409627155,6.256151900100367,-70.21892331097865,35.09286274962711,0.010442929612290711,289.78107668902135,-1.3058929047768375
1744175793350,1744175792470,7.9860453605651855,5.509474277496338,-1.0636097192764282,1744175792564,-0.003665188793092966,-0.006108647678047419,-0.007635809946805239,1744175792593,-28.631250381469727,-40.70625305175781,14.418750762939453,1001.1524658203125,100.92659294700373,55.39868459037285,97.5862100797947,34.601315409627155,6.256151900100367,-70.49510922008639,35.09286274962711,0.010442929612290711,289.5048907799136,-1.3058929047768375
1744175793350,1744175792470,7.9860453605651855,5.509474277496338,-1.0636097192764282,1744175792564,-0.003665188793092966,-0.006108647678047419,-0.007635809946805239,1744175792593,-28.631250381469727,-40.70625305175781,14.418750762939453,1001.1537475585938,100.92659294700373,55.39868459037285,97.5862100797947,34.601315409627155,6.256151900100367,-70.49510922008639,35.09286274962711,0.010442929612290711,289.5048907799136,-1.3166932270203158
1744175793350,1744175792622,8.038089752197266,5.560919761657715,-1.098903775215149,1744175792564,-0.003665188793092966,-0.006108647678047419,-0.007635809946805239,1744175792593,-28.631250381469727,-40.70625305175781,14.418750762939453,1001.1537475585938,101.17830538848659,55.32369903178246,97.78476363472272,34.67630096821755,6.41477994457903,-70.49510922008639,35.19147758765644,0.010442929612290711,289.5048907799136,-1.3166932270203158
1744175793357,1744175792622,8.038089752197266,5.560919761657715,-1.098903775215149,1744175792668,0.013897174037992954,-0.008857538923621178,-0.028557928279042244,1744175792593,-28.631250381469727,-40.70625305175781,14.418750762939453,1001.1537475585938,101.17830538848659,55.32369903178246,97.78476363472272,34.67630096821755,6.41477994457903,-70.49510922008639,35.19147758765644,0.03297184722784956,289.5048907799136,-1.3166932270203158
1744175793529,1744175792752,8.079963684082031,5.463412284851074,-1.1629117727279663,1744175792668,0.013897174037992954,-0.008857538923621178,-0.028557928279042244,1744175792593,-28.631250381469727,-40.70625305175781,14.418750762939453,1001.1537475585938,102.01633052461301,55.934703435246774,98.19007424091382,34.065296564753226,6.799150446015422,-70.49510922008639,34.656718925430134,0.03297184722784956,289.5048907799136,-1.3166932270203158
1744175793529,1744175792752,8.079963684082031,5.463412284851074,-1.1629117727279663,1744175792772,0.036651886999607086,0.014049889519810677,-0.014202605932950974,1744175792593,-28.631250381469727,-40.70625305175781,14.418750762939453,1001.1537475585938,102.01633052461301,55.934703435246774,98.19007424091382,34.065296564753226,6.799150446015422,-70.49510922008639,34.656718925430134,0.04174295427299734,289.5048907799136,-1.3166932270203158
1744175793534,1744175792752,8.079963684082031,5.463412284851074,-1.1629117727279663,1744175792772,0.036651886999607086,0.014049889519810677,-0.014202605932950974,1744175792593,-28.631250381469727,-40.70625305175781,14.418750762939453,1001.1524658203125,102.01633052461301,55.934703435246774,98.19007424091382,34.065296564753226,6.799150446015422,-70.49510922008639,34.656718925430134,0.04174295427299734,289.5048907799136,-1.3058929047768375
1744175793534,1744175792752,8.079963684082031,5.463412284851074,-1.1629117727279663,1744175792772,0.036651886999607086,0.014049889519810677,-0.014202605932950974,1744175792793,-28.80000114440918,-41.13750076293945,13.46250057220459,1001.1524658203125,102.01633052461301,55.934703435246774,98.19007424091382,34.065296564753226,6.799150446015422,-71.87899710611339,34.656718925430134,0.04174295427299734,288.1210028938866,-1.3058929047768375
1744175793570,1744175792752,8.079963684082031,5.463412284851074,-1.1629117727279663,1744175792876,0.07116574794054031,0.031154103577136993,-0.02367101050913334,1744175792793,-28.80000114440918,-41.13750076293945,13.46250057220459,1001.1524658203125,102.01633052461301,55.934703435246774,98.19007424091382,34.065296564753226,6.799150446015422,-71.87899710611339,34.656718925430134,0.08121242877882054,288.1210028938866,-1.3058929047768375
1744175793578,1744175792752,8.079963684082031,5.463412284851074,-1.1629117727279663,1744175792876,0.07116574794054031,0.031154103577136993,-0.02367101050913334,1744175792893,-30.412500381469727,-41.13750076293945,13.856250762939453,1001.1524658203125,102.01633052461301,55.934703435246774,98.19007424091382,34.065296564753226,6.799150446015422,-71.38504800446809,34.656718925430134,0.08121242877882054,288.6149519955319,-1.3058929047768375
1744175793578,1744175792882,7.907082557678223,5.389832973480225,-1.0911271572113037,1744175792876,0.07116574794054031,0.031154103577136993,-0.02367101050913334,1744175792893,-30.412500381469727,-41.13750076293945,13.856250762939453,1001.1524658203125,101.44438958011642,55.719849331386946,97.85683371394553,34.280150668613054,6.504957060850863,-71.38504800446809,34.817601858227036,0.08121242877882054,288.6149519955319,-1.3058929047768375
1744175793752,1744175792882,7.907082557678223,5.389832973480225,-1.0911271572113037,1744175792876,0.07116574794054031,0.031154103577136993,-0.02367101050913334,1744175792893,-30.412500381469727,-41.13750076293945,13.856250762939453,1001.1537475585938,101.44438958011642,55.719849331386946,97.85683371394553,34.280150668613054,6.504957060850863,-71.38504800446809,34.817601858227036,0.08121242877882054,288.6149519955319,-1.3166932270203158
1744175793752,1744175792882,7.907082557678223,5.389832973480225,-1.0911271572113037,1744175792980,-0.08536835014820099,0.004734201822429895,-0.008399390615522861,1744175792893,-30.412500381469727,-41.13750076293945,13.856250762939453,1001.1537475585938,101.44438958011642,55.719849331386946,97.85683371394553,34.280150668613054,6.504957060850863,-71.38504800446809,34.817601858227036,0.08591110310450845,288.6149519955319,-1.3166932270203158
1744175793752,1744175792882,7.907082557678223,5.389832973480225,-1.0911271572113037,1744175792980,-0.08536835014820099,0.004734201822429895,-0.008399390615522861,1744175792993,-29.775001525878906,-40.85625076293945,14.193750381469727,1001.1537475585938,101.44438958011642,55.719849331386946,97.85683371394553,34.280150668613054,6.504957060850863,-70.84241157311386,34.817601858227036,0.08591110310450845,289.15758842688615,-1.3166932270203158
1744175793759,1744175793012,8.50708293914795,5.356931686401367,-1.6402798891067505,1744175792980,-0.08536835014820099,0.004734201822429895,-0.008399390615522861,1744175792993,-29.775001525878906,-40.85625076293945,14.193750381469727,1001.1537475585938,107.02446500927468,57.8012748784492,100.9134679774395,32.19872512155081,9.266707866826753,-70.84241157311386,33.36733296733567,0.08591110310450845,289.15758842688615,-1.3166932270203158
1744175793759,1744175793012,8.50708293914795,5.356931686401367,-1.6402798891067505,1744175793084,0.06551524996757507,-0.0027488914784044027,-0.023976443335413933,1744175792993,-29.775001525878906,-40.85625076293945,14.193750381469727,1001.1537475585938,107.02446500927468,57.8012748784492,100.9134679774395,32.19872512155081,9.266707866826753,-70.84241157311386,33.36733296733567,0.06981886720428945,289.15758842688615,-1.3166932270203158
1744175793772,1744175793012,8.50708293914795,5.356931686401367,-1.6402798891067505,1744175793084,0.06551524996757507,-0.0027488914784044027,-0.023976443335413933,1744175793093,-29.400001525878906,-40.51875305175781,13.856250762939453,1001.1537475585938,107.02446500927468,57.8012748784492,100.9134679774395,32.19872512155081,9.266707866826753,-71.12078410660234,33.36733296733567,0.06981886720428945,288.87921589339766,-1.3166932270203158
1744175793803,1744175793012,8.50708293914795,5.356931686401367,-1.6402798891067505,1744175793084,0.06551524996757507,-0.0027488914784044027,-0.023976443335413933,1744175793093,-29.400001525878906,-40.51875305175781,13.856250762939453,1001.1587524414062,107.02446500927468,57.8012748784492,100.9134679774395,32.19872512155081,9.266707866826753,-71.12078410660234,33.36733296733567,0.06981886720428945,288.87921589339766,-1.3588658066426373
1744175793991,1744175793142,8.218149185180664,5.516652584075928,-1.1856436729431152,1744175793084,0.06551524996757507,-0.0027488914784044027,-0.023976443335413933,1744175793093,-29.400001525878906,-40.51875305175781,13.856250762939453,1001.1587524414062,102.12954560924281,56.127455843577344,98.20949545844559,33.87254415642266,6.830660904789455,-71.12078410660234,34.47369558632961,0.06981886720428945,288.87921589339766,-1.3588658066426373
1744175793991,1744175793142,8.218149185180664,5.516652584075928,-1.1856436729431152,1744175793189,0.06780599057674408,0.020311253145337105,0.020922118797898293,1744175793093,-29.400001525878906,-40.51875305175781,13.856250762939453,1001.1587524414062,102.12954560924281,56.127455843577344,98.20949545844559,33.87254415642266,6.830660904789455,-71.12078410660234,34.47369558632961,0.07381012408484924,288.87921589339766,-1.3588658066426373
1744175793991,1744175793142,8.218149185180664,5.516652584075928,-1.1856436729431152,1744175793189,0.06780599057674408,0.020311253145337105,0.020922118797898293,1744175793193,-29.193750381469727,-40.78125,13.74375057220459,1001.1587524414062,102.12954560924281,56.127455843577344,98.20949545844559,33.87254415642266,6.830660904789455,-71.37559141733604,34.47369558632961,0.07381012408484924,288.62440858266393,-1.3588658066426373
1744175793991,1744175793142,8.218149185180664,5.516652584075928,-1.1856436729431152,1744175793189,0.06780599057674408,0.020311253145337105,0.020922118797898293,1744175793193,-29.193750381469727,-40.78125,13.74375057220459,1001.15625,102.12954560924281,56.127455843577344,98.20949545844559,33.87254415642266,6.830660904789455,-71.37559141733604,34.47369558632961,0.07381012408484924,288.62440858266393,-1.337779538171615
1744175793991,1744175793142,8.218149185180664,5.516652584075928,-1.1856436729431152,1744175793292,0.029626941308379173,-0.04673115536570549,0.03298669680953026,1744175793193,-29.193750381469727,-40.78125,13.74375057220459,1001.15625,102.12954560924281,56.127455843577344,98.20949545844559,33.87254415642266,6.830660904789455,-71.37559141733604,34.47369558632961,0.06441799980989571,288.62440858266393,-1.337779538171615
1744175793991,1744175793272,8.141578674316406,5.4520463943481445,-0.877567708492279,1744175793292,0.029626941308379173,-0.04673115536570549,0.03298669680953026,1744175793193,-29.193750381469727,-40.78125,13.74375057220459,1001.15625,99.14396461776283,56.19157176732951,96.15206795609164,33.80842823267049,5.11785045435871,-71.37559141733604,34.148028215079975,0.06441799980989571,288.62440858266393,-1.337779538171615
1744175794066,1744175793272,8.141578674316406,5.4520463943481445,-0.877567708492279,1744175793292,0.029626941308379173,-0.04673115536570549,0.03298669680953026,1744175793393,-29.381250381469727,-40.96875,13.012500762939453,1001.15625,99.14396461776283,56.19157176732951,96.15206795609164,33.80842823267049,5.11785045435871,-72.37910293042856,34.148028215079975,0.06441799980989571,287.62089706957147,-1.337779538171615
1744175794204,1744175793272,8.141578674316406,5.4520463943481445,-0.877567708492279,1744175793397,0.02107483521103859,-0.019700389355421066,0.001832594396546483,1744175793393,-29.381250381469727,-40.96875,13.012500762939453,1001.15625,99.14396461776283,56.19157176732951,96.15206795609164,33.80842823267049,5.11785045435871,-72.37910293042856,34.148028215079975,0.02890696148248503,287.62089706957147,-1.337779538171615
1744175794204,1744175793272,8.141578674316406,5.4520463943481445,-0.877567708492279,1744175793397,0.02107483521103859,-0.019700389355421066,0.001832594396546483,1744175793393,-29.381250381469727,-40.96875,13.012500762939453,1001.1549682617188,99.14396461776283,56.19157176732951,96.15206795609164,33.80842823267049,5.11785045435871,-72.37910293042856,34.148028215079975,0.02890696148248503,287.62089706957147,-1.326979237789967
1744175794204,1744175793423,8.786444664001465,6.07896614074707,-1.3627125024795532,1744175793397,0.02107483521103859,-0.019700389355421066,0.001832594396546483,1744175793393,-29.381250381469727,-40.96875,13.012500762939453,1001.1549682617188,102.63502765197515,55.32229357519814,98.81591373836818,34.67770642480187,7.268421282155654,-72.37910293042856,35.3376968995062,0.02890696148248503,287.62089706957147,-1.326979237789967
1744175794204,1744175793423,8.786444664001465,6.07896614074707,-1.3627125024795532,1744175793500,-0.021685699000954628,0.026572618633508682,0.13194678723812103,1744175793393,-29.381250381469727,-40.96875,13.012500762939453,1001.1549682617188,102.63502765197515,55.32229357519814,98.81591373836818,34.67770642480187,7.268421282155654,-72.37910293042856,35.3376968995062,0.13633168474226334,287.62089706957147,-1.326979237789967
1744175794236,1744175793554,9.938589096069336,7.423732280731201,-1.4087743759155273,1744175793500,-0.021685699000954628,0.026572618633508682,0.13194678723812103,1744175793393,-29.381250381469727,-40.96875,13.012500762939453,1001.1549682617188,100.74504430648412,53.24172583440469,98.06781024035777,36.75827416559531,6.478969976298095,-72.37910293042856,37.24539820841391,0.13633168474226334,287.62089706957147,-1.326979237789967
1744175794250,1744175793554,9.938589096069336,7.423732280731201,-1.4087743759155273,1744175793500,-0.021685699000954628,0.026572618633508682,0.13194678723812103,1744175793393,-29.381250381469727,-40.96875,13.012500762939453,1001.1612548828125,100.74504430648412,53.24172583440469,98.06781024035777,36.75827416559531,6.478969976298095,-72.37910293042856,37.24539820841391,0.13633168474226334,287.62089706957147,-1.3799520324432257
1744175794272,1744175793554,9.938589096069336,7.423732280731201,-1.4087743759155273,1744175793500,-0.021685699000954628,0.026572618633508682,0.13194678723812103,1744175793593,-28.068750381469727,-42.01875305175781,13.443750381469727,1001.1612548828125,100.74504430648412,53.24172583440469,98.06781024035777,36.75827416559531,6.478969976298095,-72.25811221568986,37.24539820841391,0.13633168474226334,287.74188778431017,-1.3799520324432257
1744175794298,1744175793554,9.938589096069336,7.423732280731201,-1.4087743759155273,1744175793605,0.016340631991624832,0.07574722915887833,0.45387253165245056,1744175793593,-28.068750381469727,-42.01875305175781,13.443750381469727,1001.1612548828125,100.74504430648412,53.24172583440469,98.06781024035777,36.75827416559531,6.478969976298095,-72.25811221568986,37.24539820841391,0.4604399352442597,287.74188778431017,-1.3799520324432257
1744175794432,1744175793684,9.629914283752441,9.321240425109863,-1.6049858331680298,1744175793605,0.016340631991624832,0.07574722915887833,0.45387253165245056,1744175793593,-28.068750381469727,-42.01875305175781,13.443750381469727,1001.1612548828125,99.76972415729857,45.93314343598796,99.46232289812413,44.06685656401204,6.82892342576497,-72.25811221568986,44.48522146549363,0.4604399352442597,287.74188778431017,-1.3799520324432257
1744175794435,1744175793684,9.629914283752441,9.321240425109863,-1.6049858331680298,1744175793708,0.14004075527191162,0.001679878099821508,0.9964731931686401,1744175793593,-28.068750381469727,-42.01875305175781,13.443750381469727,1001.1612548828125,99.76972415729857,45.93314343598796,99.46232289812413,44.06685656401204,6.82892342576497,-72.25811221568986,44.48522146549363,1.0062668929420582,287.74188778431017,-1.3799520324432257
1744175794435,1744175793684,9.629914283752441,9.321240425109863,-1.6049858331680298,1744175793708,0.14004075527191162,0.001679878099821508,0.9964731931686401,1744175793593,-28.068750381469727,-42.01875305175781,13.443750381469727,1001.177490234375,99.76972415729857,45.93314343598796,99.46232289812413,44.06685656401204,6.82892342576497,-72.25811221568986,44.48522146549363,1.0062668929420582,287.74188778431017,-1.5167543144728413
1744175794455,1744175793684,9.629914283752441,9.321240425109863,-1.6049858331680298,1744175793708,0.14004075527191162,0.001679878099821508,0.9964731931686401,1744175793793,-20.26875114440918,-46.743751525878906,12.675000190734863,1001.177490234375,99.76972415729857,45.93314343598796,99.46232289812413,44.06685656401204,6.82892342576497,-74.82853632624128,44.48522146549363,1.0062668929420582,285.1714636737587,-1.5167543144728413
1744175794498,1744175793684,9.629914283752441,9.321240425109863,-1.6049858331680298,1744175793812,0.03848448023200035,0.09728021919727325,1.2649482488632202,1744175793793,-20.26875114440918,-46.743751525878906,12.675000190734863,1001.177490234375,99.76972415729857,45.93314343598796,99.46232289812413,44.06685656401204,6.82892342576497,-74.82853632624128,44.48522146549363,1.2692669414145805,285.1714636737587,-1.5167543144728413
1744175794503,1744175793813,8.598608016967773,9.750154495239258,-1.8029918670654297,1744175793812,0.03848448023200035,0.09728021919727325,1.2649482488632202,1744175793793,-20.26875114440918,-46.743751525878906,12.675000190734863,1001.177490234375,100.47674802028695,41.4088949102591,101.84244585565874,48.59110508974091,7.896040851850592,-74.82853632624128,49.068423217731244,1.2692669414145805,285.1714636737587,-1.5167543144728413
1744175794637,1744175793813,8.598608016967773,9.750154495239258,-1.8029918670654297,1744175793812,0.03848448023200035,0.09728021919727325,1.2649482488632202,1744175793893,-13.575000762939453,-49.16250228881836,11.77500057220459,1001.177490234375,100.47674802028695,41.4088949102591,101.84244585565874,48.59110508974091,7.896040851850592,-76.53071674632677,49.068423217731244,1.2692669414145805,283.4692832536732,-1.5167543144728413
1744175794637,1744175793813,8.598608016967773,9.750154495239258,-1.8029918670654297,1744175793812,0.03848448023200035,0.09728021919727325,1.2649482488632202,1744175793893,-13.575000762939453,-49.16250228881836,11.77500057220459,1001.1799926757812,100.47674802028695,41.4088949102591,101.84244585565874,48.59110508974091,7.896040851850592,-76.53071674632677,49.068423217731244,1.2692669414145805,283.4692832536732,-1.537840220732416
1744175794657,1744175793813,8.598608016967773,9.750154495239258,-1.8029918670654297,1744175793917,0.2591593861579895,0.0030543238390237093,1.712559461593628,1744175793893,-13.575000762939453,-49.16250228881836,11.77500057220459,1001.1799926757812,100.47674802028695,41.4088949102591,101.84244585565874,48.59110508974091,7.896040851850592,-76.53071674632677,49.068423217731244,1.7320602835414696,283.4692832536732,-1.537840220732416
1744175794657,1744175793944,6.879963397979736,9.097511291503906,-1.633101463317871,1744175793917,0.2591593861579895,0.0030543238390237093,1.712559461593628,1744175793893,-13.575000762939453,-49.16250228881836,11.77500057220459,1001.1799926757812,100.17682154833552,37.098275801080796,103.35320337652253,52.901724198919204,8.148127834067251,-76.53071674632677,53.33788877048363,1.7320602835414696,283.4692832536732,-1.537840220732416
1744175794702,1744175793944,6.879963397979736,9.097511291503906,-1.633101463317871,1744175793917,0.2591593861579895,0.0030543238390237093,1.712559461593628,1744175793993,-4.612500190734863,-50.88750076293945,10.725000381469727,1001.1799926757812,100.17682154833552,37.098275801080796,103.35320337652253,52.901724198919204,8.148127834067251,-78.09857480928929,53.33788877048363,1.7320602835414696,281.9014251907107,-1.537840220732416
1744175794711,1744175793944,6.879963397979736,9.097511291503906,-1.633101463317871,1744175794021,0.10048725455999374,0.3969093859195709,1.5601485967636108,1744175793993,-4.612500190734863,-50.88750076293945,10.725000381469727,1001.1799926757812,100.17682154833552,37.098275801080796,103.35320337652253,52.901724198919204,8.148127834067251,-78.09857480928929,53.33788877048363,1.6129781129772096,281.9014251907107,-1.537840220732416
1744175794725,1744175793944,6.879963397979736,9.097511291503906,-1.633101463317871,1744175794021,0.10048725455999374,0.3969093859195709,1.5601485967636108,1744175793993,-4.612500190734863,-50.88750076293945,10.725000381469727,1001.1487426757812,100.17682154833552,37.098275801080796,103.35320337652253,52.901724198919204,8.148127834067251,-78.09857480928929,53.33788877048363,1.6129781129772096,281.9014251907107,-1.2745204766768858
1744175794859,1744175794074,3.3367912769317627,7.026523590087891,-2.4951157569885254,1744175794021,0.10048725455999374,0.3969093859195709,1.5601485967636108,1744175793993,-4.612500190734863,-50.88750076293945,10.725000381469727,1001.1487426757812,109.54993043147864,25.40234596238591,126.78763384799362,64.59765403761409,17.784566537451727,-78.09857480928929,65.89109859590377,1.6129781129772096,281.9014251907107,-1.2745204766768858
1744175794865,1744175794074,3.3367912769317627,7.026523590087891,-2.4951157569885254,1744175794021,0.10048725455999374,0.3969093859195709,1.5601485967636108,1744175794093,4.106250286102295,-50.812503814697266,9.862500190734863,1001.1487426757812,109.54993043147864,25.40234596238591,126.78763384799362,64.59765403761409,17.784566537451727,-79.0157013293962,65.89109859590377,1.6129781129772096,280.98429867060383,-1.2745204766768858
1744175794865,1744175794074,3.3367912769317627,7.026523590087891,-2.4951157569885254,1744175794124,0.4812087416648865,-0.16646064817905426,1.279914379119873,1744175794093,4.106250286102295,-50.812503814697266,9.862500190734863,1001.1487426757812,109.54993043147864,25.40234596238591,126.78763384799362,64.59765403761409,17.784566537451727,-79.0157013293962,65.89109859590377,1.3774802424444077,280.98429867060383,-1.2745204766768858
1744175794883,1744175794074,3.3367912769317627,7.026523590087891,-2.4951157569885254,1744175794124,0.4812087416648865,-0.16646064817905426,1.279914379119873,1744175794093,4.106250286102295,-50.812503814697266,9.862500190734863,1001.106201171875,109.54993043147864,25.40234596238591,126.78763384799362,64.59765403761409,17.784566537451727,-79.0157013293962,65.89109859590377,1.3774802424444077,280.98429867060383,-0.9160452062965541
1744175794902,1744175794074,3.3367912769317627,7.026523590087891,-2.4951157569885254,1744175794228,0.5233584046363831,0.2205221801996231,1.0586286783218384,1744175794093,4.106250286102295,-50.812503814697266,9.862500190734863,1001.106201171875,109.54993043147864,25.40234596238591,126.78763384799362,64.59765403761409,17.784566537451727,-79.0157013293962,65.89109859590377,1.201344551004822,280.98429867060383,-0.9160452062965541
1744175794911,1744175794225,1.5858432054519653,7.503891944885254,-0.8123632669448853,1744175794228,0.5233584046363831,0.2205221801996231,1.0586286783218384,1744175794093,4.106250286102295,-50.812503814697266,9.862500190734863,1001.106201171875,96.17871624006725,11.933078496725406,117.12422590149487,78.06692150327459,6.046192628015617,-79.0157013293962,78.13427003198035,1.201344551004822,280.98429867060383,-0.9160452062965541
1744175795085,1744175794225,1.5858432054519653,7.503891944885254,-0.8123632669448853,1744175794228,0.5233584046363831,0.2205221801996231,1.0586286783218384,1744175794293,14.437500953674316,-49.63125228881836,5.137500286102295,1001.106201171875,96.17871624006725,11.933078496725406,117.12422590149487,78.06692150327459,6.046192628015617,-84.09016637794505,78.13427003198035,1.201344551004822,275.909833622055,-0.9160452062965541
1744175795085,1744175794225,1.5858432054519653,7.503891944885254,-0.8123632669448853,1744175794332,0.1104138121008873,0.31551164388656616,0.6426297426223755,1744175794293,14.437500953674316,-49.63125228881836,5.137500286102295,1001.106201171875,96.17871624006725,11.933078496725406,117.12422590149487,78.06692150327459,6.046192628015617,-84.09016637794505,78.13427003198035,0.7243699285817667,275.909833622055,-0.9160452062965541
1744175795085,1744175794355,-0.012562318705022335,5.4765729904174805,-1.280758261680603,1744175794332,0.1104138121008873,0.31551164388656616,0.6426297426223755,1744175794293,14.437500953674316,-49.63125228881836,5.137500286102295,1001.106201171875,103.16270513710562,-0.1314264562110072,-179.4380323099202,90.13142645621102,13.162671714073568,-84.09016637794505,90.12797354450682,0.7243699285817667,275.909833622055,-0.9160452062965541
1744175795089,1744175794355,-0.012562318705022335,5.4765729904174805,-1.280758261680603,1744175794332,0.1104138121008873,0.31551164388656616,0.6426297426223755,1744175794293,14.437500953674316,-49.63125228881836,5.137500286102295,1001.0574951171875,103.16270513710562,-0.1314264562110072,-179.4380323099202,90.13142645621102,13.162671714073568,-84.09016637794505,90.12797354450682,0.7243699285817667,275.909833622055,-0.5056093067312073
1744175795089,1744175794355,-0.012562318705022335,5.4765729904174805,-1.280758261680603,1744175794332,0.1104138121008873,0.31551164388656616,0.6426297426223755,1744175794393,18.168750762939453,-49.16250228881836,3.637500047683716,1001.0574951171875,103.16270513710562,-0.1314264562110072,-179.4380323099202,90.13142645621102,13.162671714073568,-85.76843485892155,90.12797354450682,0.7243699285817667,274.2315651410785,-0.5056093067312073
1744175795158,1744175794355,-0.012562318705022335,5.4765729904174805,-1.280758261680603,1744175794436,-0.06902772188186646,0.8897245526313782,0.2461785078048706,1744175794393,18.168750762939453,-49.16250228881836,3.637500047683716,1001.0574951171875,103.16270513710562,-0.1314264562110072,-179.4380323099202,90.13142645621102,13.162671714073568,-85.76843485892155,90.12797354450682,0.925731312880978,274.2315651410785,-0.5056093067312073
1744175795179,1744175794355,-0.012562318705022335,5.4765729904174805,-1.280758261680603,1744175794436,-0.06902772188186646,0.8897245526313782,0.2461785078048706,1744175794493,18.056251525878906,-47.85000228881836,3.656250238418579,1001.0574951171875,103.16270513710562,-0.1314264562110072,-179.4380323099202,90.13142645621102,13.162671714073568,-85.63048243211584,90.12797354450682,0.925731312880978,274.36951756788415,-0.5056093067312073
1744175795313,1744175794486,-0.2871387302875519,6.180062770843506,-1.3052847385406494,1744175794436,-0.06902772188186646,0.8897245526313782,0.2461785078048706,1744175794493,18.056251525878906,-47.85000228881836,3.656250238418579,1001.0574951171875,101.9261065188615,-2.660169476639169,-167.59358265085208,92.66016947663918,11.913622153750076,-85.63048243211584,92.60282936088463,0.925731312880978,274.36951756788415,-0.5056093067312073
1744175795316,1744175794486,-0.2871387302875519,6.180062770843506,-1.3052847385406494,1744175794436,-0.06902772188186646,0.8897245526313782,0.2461785078048706,1744175794493,18.056251525878906,-47.85000228881836,3.656250238418579,1001.0337524414062,101.9261065188615,-2.660169476639169,-167.59358265085208,92.66016947663918,11.913622153750076,-85.63048243211584,92.60282936088463,0.925731312880978,274.36951756788415,-0.3055288017310964
1744175795326,1744175794486,-0.2871387302875519,6.180062770843506,-1.3052847385406494,1744175794540,0.01511890348047018,1.7082833051681519,0.2811505198478699,1744175794493,18.056251525878906,-47.85000228881836,3.656250238418579,1001.0337524414062,101.9261065188615,-2.660169476639169,-167.59358265085208,92.66016947663918,11.913622153750076,-85.63048243211584,92.60282936088463,1.7313307155969377,274.36951756788415,-0.3055288017310964
1744175795326,1744175794615,-0.5024927258491516,9.083154678344727,-1.4087743759155273,1744175794540,0.01511890348047018,1.7082833051681519,0.2811505198478699,1744175794493,18.056251525878906,-47.85000228881836,3.656250238418579,1001.0337524414062,98.81618690707901,-3.166454426717645,-160.36929935422876,93.16645442671765,8.802937994356348,-85.63048243211584,93.12911793941691,1.7313307155969377,274.36951756788415,-0.3055288017310964
1744175795368,1744175794615,-0.5024927258491516,9.083154678344727,-1.4087743759155273,1744175794645,-0.051618073135614395,2.0358595848083496,0.06795870512723923,1744175794493,18.056251525878906,-47.85000228881836,3.656250238418579,1001.0337524414062,98.81618690707901,-3.166454426717645,-160.36929935422876,93.16645442671765,8.802937994356348,-85.63048243211584,93.12911793941691,2.0376474327353176,274.36951756788415,-0.3055288017310964
1744175795537,1744175794615,-0.5024927258491516,9.083154678344727,-1.4087743759155273,1744175794645,-0.051618073135614395,2.0358595848083496,0.06795870512723923,1744175794693,21.506250381469727,-47.962501525878906,-3.7687501907348633,1001.0337524414062,98.81618690707901,-3.166454426717645,-160.36929935422876,93.16645442671765,8.802937994356348,-94.492899581503,93.12911793941691,2.0376474327353176,265.507100418497,-0.3055288017310964
1744175795537,1744175794615,-0.5024927258491516,9.083154678344727,-1.4087743759155273,1744175794645,-0.051618073135614395,2.0358595848083496,0.06795870512723923,1744175794693,21.506250381469727,-47.962501525878906,-3.7687501907348633,1001.021240234375,98.81618690707901,-3.166454426717645,-160.36929935422876,93.16645442671765,8.802937994356348,-94.492899581503,93.12911793941691,2.0376474327353176,265.507100418497,-0.20008637257357353
1744175795537,1744175794615,-0.5024927258491516,9.083154678344727,-1.4087743759155273,1744175794748,-0.23304490745067596,2.0126466751098633,0.05238165333867073,1744175794693,21.506250381469727,-47.962501525878906,-3.7687501907348633,1001.021240234375,98.81618690707901,-3.166454426717645,-160.36929935422876,93.16645442671765,8.802937994356348,-94.492899581503,93.12911793941691,2.026770930649533,265.507100418497,-0.20008637257357353
1744175795537,1744175794767,1.0911271572113037,9.780662536621094,-0.666999340057373,1744175794748,-0.23304490745067596,2.0126466751098633,0.05238165333867073,1744175794693,21.506250381469727,-47.962501525878906,-3.7687501907348633,1001.021240234375,93.9012866664854,6.365575708122558,121.4371889550242,83.63442429187744,3.877307702772745,-94.492899581503,83.64905424971623,2.026770930649533,265.507100418497,-0.20008637257357353
1744175795537,1744175794767,1.0911271572113037,9.780662536621094,-0.666999340057373,1744175794852,-0.17944152653217316,2.0613632202148438,0.09056070446968079,1744175794693,21.506250381469727,-47.962501525878906,-3.7687501907348633,1001.021240234375,93.9012866664854,6.365575708122558,121.4371889550242,83.63442429187744,3.877307702772745,-94.492899581503,83.64905424971623,2.0711394999595636,265.507100418497,-0.20008637257357353
1744175795605,1744175794767,1.0911271572113037,9.780662536621094,-0.666999340057373,1744175794852,-0.17944152653217316,2.0613632202148438,0.09056070446968079,1744175794693,21.506250381469727,-47.962501525878906,-3.7687501907348633,1001.0199584960938,93.9012866664854,6.365575708122558,121.4371889550242,83.63442429187744,3.877307702772745,-94.492899581503,83.64905424971623,2.0711394999595636,265.507100418497,-0.18928489274569804
1744175795619,1744175794875,1.8855443000793457,9.905089378356934,-0.5533402562141418,1744175794852,-0.17944152653217316,2.0613632202148438,0.09056070446968079,1744175794693,21.506250381469727,-47.962501525878906,-3.7687501907348633,1001.0199584960938,93.19746151801586,10.777937699343584,106.35508952973319,79.22206230065642,3.1411701234090343,-94.492899581503,79.23844886973299,2.0711394999595636,265.507100418497,-0.18928489274569804
1744175795635,1744175794875,1.8855443000793457,9.905089378356934,-0.5533402562141418,1744175794852,-0.17944152653217316,2.0613632202148438,0.09056070446968079,1744175794893,20.043750762939453,-48.525001525878906,-9.262500762939453,1001.0199584960938,93.19746151801586,10.777937699343584,106.35508952973319,79.22206230065642,3.1411701234090343,-100.80667797819245,79.23844886973299,2.0711394999595636,259.19332202180755,-0.18928489274569804
1744175795636,1744175794875,1.8855443000793457,9.905089378356934,-0.5533402562141418,1744175794957,0.000610864779446274,1.6998839378356934,0.09239330142736435,1744175794893,20.043750762939453,-48.525001525878906,-9.262500762939453,1001.0199584960938,93.19746151801586,10.777937699343584,106.35508952973319,79.22206230065642,3.1411701234090343,-100.80667797819245,79.23844886973299,1.7023931089546298,259.19332202180755,-0.18928489274569804
1744175795774,1744175794875,1.8855443000793457,9.905089378356934,-0.5533402562141418,1744175794957,0.000610864779446274,1.6998839378356934,0.09239330142736435,1744175794993,17.25,-48.48750305175781,-11.86875057220459,1001.0199584960938,93.19746151801586,10.777937699343584,106.35508952973319,79.22206230065642,3.1411701234090343,-103.75438601370719,79.23844886973299,1.7023931089546298,256.2456139862928,-0.18928489274569804
1744175795774,1744175794875,1.8855443000793457,9.905089378356934,-0.5533402562141418,1744175794957,0.000610864779446274,1.6998839378356934,0.09239330142736435,1744175794993,17.25,-48.48750305175781,-11.86875057220459,1001.021240234375,93.19746151801586,10.777937699343584,106.35508952973319,79.22206230065642,3.1411701234090343,-103.75438601370719,79.23844886973299,1.7023931089546298,256.2456139862928,-0.20008637257357353
1744175795774,1744175795006,1.4464613199234009,9.623932838439941,-0.2602194547653198,1744175794957,0.000610864779446274,1.6998839378356934,0.09239330142736435,1744175794993,17.25,-48.48750305175781,-11.86875057220459,1001.021240234375,91.54883091240808,8.547483463785133,100.1984646578496,81.45251653621487,1.5316363307494663,-103.75438601370719,81.45559323738534,1.7023931089546298,256.2456139862928,-0.20008637257357353
1744175795774,1744175795006,1.4464613199234009,9.623932838439941,-0.2602194547653198,1744175795060,0.10125083476305008,1.593898892402649,0.07605266571044922,1744175794993,17.25,-48.48750305175781,-11.86875057220459,1001.021240234375,91.54883091240808,8.547483463785133,100.1984646578496,81.45251653621487,1.5316363307494663,-103.75438601370719,81.45559323738534,1.5989213297421079,256.2456139862928,-0.20008637257357353
1744175795774,1744175795006,1.4464613199234009,9.623932838439941,-0.2602194547653198,1744175795060,0.10125083476305008,1.593898892402649,0.07605266571044922,1744175795093,16.650001525878906,-48.11250305175781,-15.05625057220459,1001.021240234375,91.54883091240808,8.547483463785133,100.1984646578496,81.45251653621487,1.5316363307494663,-107.37690642859695,81.45559323738534,1.5989213297421079,252.62309357140305,-0.20008637257357353
1744175795832,1744175795006,1.4464613199234009,9.623932838439941,-0.2602194547653198,1744175795164,-0.04153880476951599,1.4323252439498901,0.04917461425065994,1744175795093,16.650001525878906,-48.11250305175781,-15.05625057220459,1001.021240234375,91.54883091240808,8.547483463785133,100.1984646578496,81.45251653621487,1.5316363307494663,-107.37690642859695,81.45559323738534,1.433770978728644,252.62309357140305,-0.20008637257357353
1744175795851,1744175795157,0.9607182741165161,9.78963565826416,1.4626128673553467,1744175795164,-0.04153880476951599,1.4323252439498901,0.04917461425065994,1744175795093,16.650001525878906,-48.11250305175781,-15.05625057220459,1001.021240234375,81.50262190213859,5.604846834009135,33.2989381005817,84.39515316599088,-8.457342243800374,-107.37690642859695,84.45629428203976,1.433770978728644,252.62309357140305,-0.20008637257357353
1744175795862,1744175795157,0.9607182741165161,9.78963565826416,1.4626128673553467,1744175795164,-0.04153880476951599,1.4323252439498901,0.04917461425065994,1744175795093,16.650001525878906,-48.11250305175781,-15.05625057220459,1001.021240234375,81.50262190213859,5.604846834009135,33.2989381005817,84.39515316599088,-8.457342243800374,-107.37690642859695,84.45629428203976,1.433770978728644,252.62309357140305,-0.20008637257357353
1744175796003,1744175795157,0.9607182741165161,9.78963565826416,1.4626128673553467,1744175795268,-0.07254019379615784,1.117577075958252,-0.10720676928758621,1744175795093,16.650001525878906,-48.11250305175781,-15.05625057220459,1001.021240234375,81.50262190213859,5.604846834009135,33.2989381005817,84.39515316599088,-8.457342243800374,-107.37690642859695,84.45629428203976,1.1250483953166024,252.62309357140305,-0.20008637257357353
1744175796003,1744175795157,0.9607182741165161,9.78963565826416,1.4626128673553467,1744175795268,-0.07254019379615784,1.117577075958252,-0.10720676928758621,1744175795293,12.037500381469727,-48.13125228881836,-17.73750114440918,1001.021240234375,81.50262190213859,5.604846834009135,33.2989381005817,84.39515316599088,-8.457342243800374,-110.23003131252682,84.45629428203976,1.1250483953166024,249.76996868747318,-0.20008637257357353
1744175796003,1744175795287,0.9200403094291687,9.220144271850586,1.5708880424499512,1744175795268,-0.07254019379615784,1.117577075958252,-0.10720676928758621,1744175795293,12.037500381469727,-48.13125228881836,-17.73750114440918,1001.021240234375,80.3310375583717,5.698446787344762,30.356723418190814,84.30155321265524,-9.622076442073658,-110.23003131252682,84.38198040538542,1.1250483953166024,249.76996868747318,-0.20008637257357353
1744175796008,1744175795287,0.9200403094291687,9.220144271850586,1.5708880424499512,1744175795268,-0.07254019379615784,1.117577075958252,-0.10720676928758621,1744175795293,12.037500381469727,-48.13125228881836,-17.73750114440918,1001.0187377929688,80.3310375583717,5.698446787344762,30.356723418190814,84.30155321265524,-9.622076442073658,-110.23003131252682,84.38198040538542,1.1250483953166024,249.76996868747318,-0.1789977586854885
1744175796056,1744175795287,0.9200403094291687,9.220144271850586,1.5708880424499512,1744175795372,0.0639880821108818,0.6232348084449768,-0.10399972647428513,1744175795293,12.037500381469727,-48.13125228881836,-17.73750114440918,1001.0187377929688,80.3310375583717,5.698446787344762,30.356723418190814,84.30155321265524,-9.622076442073658,-110.23003131252682,84.38198040538542,0.6350842811914038,249.76996868747318,-0.1789977586854885
1744175796056,1744175795287,0.9200403094291687,9.220144271850586,1.5708880424499512,1744175795372,0.0639880821108818,0.6232348084449768,-0.10399972647428513,1744175795393,8.86875057220459,-48.281253814697266,-18.28125,1001.0187377929688,80.3310375583717,5.698446787344762,30.356723418190814,84.30155321265524,-9.622076442073658,-110.73870764837181,84.38198040538542,0.6350842811914038,249.26129235162819,-0.1789977586854885
1744175796070,1744175795417,0.37806597352027893,10.059426307678223,2.352742910385132,1744175795372,0.0639880821108818,0.6232348084449768,-0.10399972647428513,1744175795393,8.86875057220459,-48.281253814697266,-18.28125,1001.0187377929688,76.83603768221018,2.152348814909186,9.12890824277867,87.84765118509083,-13.15499816966628,-110.73870764837181,87.90415876248983,0.6350842811914038,249.26129235162819,-0.1789977586854885
1744175796238,1744175795417,0.37806597352027893,10.059426307678223,2.352742910385132,1744175795477,-0.021227551624178886,0.596662163734436,-0.27091851830482483,1744175795393,8.86875057220459,-48.281253814697266,-18.28125,1001.0187377929688,76.83603768221018,2.152348814909186,9.12890824277867,87.84765118509083,-13.15499816966628,-110.73870764837181,87.90415876248983,0.6556319014055813,249.26129235162819,-0.1789977586854885
1744175796238,1744175795417,0.37806597352027893,10.059426307678223,2.352742910385132,1744175795477,-0.021227551624178886,0.596662163734436,-0.27091851830482483,1744175795393,8.86875057220459,-48.281253814697266,-18.28125,1001.0187377929688,76.83603768221018,2.152348814909186,9.12890824277867,87.84765118509083,-13.15499816966628,-110.73870764837181,87.90415876248983,0.6556319014055813,249.26129235162819,-0.1789977586854885
1744175796238,1744175795547,0.04187439754605293,10.616355895996094,1.038485050201416,1744175795477,-0.021227551624178886,0.596662163734436,-0.27091851830482483,1744175795393,8.86875057220459,-48.281253814697266,-18.28125,1001.0187377929688,84.41313828490641,0.22599221714977635,2.309062808883729,89.77400778285022,-5.586818531106133,-110.73870764837181,89.77508129128113,0.6556319014055813,249.26129235162819,-0.1789977586854885
1744175796258,1744175795547,0.04187439754605293,10.616355895996094,1.038485050201416,1744175795580,0.09850194305181503,0.2548833191394806,-0.22235478460788727,1744175795393,8.86875057220459,-48.281253814697266,-18.28125,1001.0187377929688,84.41313828490641,0.22599221714977635,2.309062808883729,89.77400778285022,-5.586818531106133,-110.73870764837181,89.77508129128113,0.35229219321262467,249.26129235162819,-0.1789977586854885
1744175796298,1744175795547,0.04187439754605293,10.616355895996094,1.038485050201416,1744175795580,0.09850194305181503,0.2548833191394806,-0.22235478460788727,1744175795593,4.987500190734863,-48.91875076293945,-20.043750762939453,1001.0187377929688,84.41313828490641,0.22599221714977635,2.309062808883729,89.77400778285022,-5.586818531106133,-112.2806560882322,89.77508129128113,0.35229219321262467,247.7193439117678,-0.1789977586854885
1744175796315,1744175795612,0.7405785918235779,9.857233047485352,1.3196417093276978,1744175795580,0.09850194305181503,0.2548833191394806,-0.22235478460788727,1744175795593,4.987500190734863,-48.91875076293945,-20.043750762939453,1001.0187377929688,82.37483921643253,4.2965870545685245,29.300997254915284,85.70341294543148,-7.6039821088393005,-112.2806560882322,85.7412656916298,0.35229219321262467,247.7193439117678,-0.1789977586854885
1744175796451,1744175795612,0.7405785918235779,9.857233047485352,1.3196417093276978,1744175795580,0.09850194305181503,0.2548833191394806,-0.22235478460788727,1744175795593,4.987500190734863,-48.91875076293945,-20.043750762939453,1001.0174560546875,82.37483921643253,4.2965870545685245,29.300997254915284,85.70341294543148,-7.6039821088393005,-112.2806560882322,85.7412656916298,0.35229219321262467,247.7193439117678,-0.16819625698593965
1744175796451,1744175795612,0.7405785918235779,9.857233047485352,1.3196417093276978,1744175795684,-0.028405211865901947,0.24113887548446655,-0.04780016839504242,1744175795593,4.987500190734863,-48.91875076293945,-20.043750762939453,1001.0174560546875,82.37483921643253,4.2965870545685245,29.300997254915284,85.70341294543148,-7.6039821088393005,-112.2806560882322,85.7412656916298,0.2474665016313405,247.7193439117678,-0.16819625698593965
1744175796451,1744175795612,0.7405785918235779,9.857233047485352,1.3196417093276978,1744175795684,-0.028405211865901947,0.24113887548446655,-0.04780016839504242,1744175795693,3.5062501430511475,-48.993751525878906,-20.006250381469727,1001.0174560546875,82.37483921643253,4.2965870545685245,29.300997254915284,85.70341294543148,-7.6039821088393005,-112.21230028335356,85.7412656916298,0.2474665016313405,247.78769971664644,-0.16819625698593965
1744175796455,1744175795742,0.2667997181415558,9.570094108581543,1.4003994464874268,1744175795684,-0.028405211865901947,0.24113887548446655,-0.04780016839504242,1744175795693,3.5062501430511475,-48.993751525878906,-20.006250381469727,1001.0174560546875,81.6749483009085,1.5969058636980005,10.786546967974466,88.403094136302,-8.321863716852945,-112.21230028335356,88.41991283308987,0.2474665016313405,247.78769971664644,-0.16819625698593965
1744175796455,1744175795742,0.2667997181415558,9.570094108581543,1.4003994464874268,1744175795789,-0.10094540566205978,0.06215549260377884,0.06673697382211685,1744175795693,3.5062501430511475,-48.993751525878906,-20.006250381469727,1001.0174560546875,81.6749483009085,1.5969058636980005,10.786546967974466,88.403094136302,-8.321863716852945,-112.21230028335356,88.41991283308987,0.13604081688974867,247.78769971664644,-0.16819625698593965
1744175796514,1744175795742,0.2667997181415558,9.570094108581543,1.4003994464874268,1744175795789,-0.10094540566205978,0.06215549260377884,0.06673697382211685,1744175795693,3.5062501430511475,-48.993751525878906,-20.006250381469727,1001.0162353515625,81.6749483009085,1.5969058636980005,10.786546967974466,88.403094136302,-8.321863716852945,-112.21230028335356,88.41991283308987,0.13604081688974867,247.78769971664644,-0.15790910210728315
1744175796683,1744175795742,0.2667997181415558,9.570094108581543,1.4003994464874268,1744175795789,-0.10094540566205978,0.06215549260377884,0.06673697382211685,1744175795893,4.125,-49.031253814697266,-19.89375114440918,1001.0162353515625,81.6749483009085,1.5969058636980005,10.786546967974466,88.403094136302,-8.321863716852945,-112.08417203330748,88.41991283308987,0.13604081688974867,247.91582796669252,-0.15790910210728315
1744175796683,1744175795742,0.2667997181415558,9.570094108581543,1.4003994464874268,1744175795892,0.03558287397027016,-0.05818486958742142,0.0025961752980947495,1744175795893,4.125,-49.031253814697266,-19.89375114440918,1001.0162353515625,81.6749483009085,1.5969058636980005,10.786546967974466,88.403094136302,-8.321863716852945,-112.08417203330748,88.41991283308987,0.06825218014882604,247.91582796669252,-0.15790910210728315
1744175796683,1744175795894,0.8979067206382751,10.197013854980469,0.6508477330207825,1744175795892,0.03558287397027016,-0.05818486958742142,0.0025961752980947495,1744175795893,4.125,-49.031253814697266,-19.89375114440918,1001.0162353515625,86.34791987363522,5.032248935276614,54.063519923942444,84.96775106472339,-3.6380410061988315,-112.08417203330748,84.97791803271474,0.06825218014882604,247.91582796669252,-0.15790910210728315
1744175796683,1744175795894,0.8979067206382751,10.197013854980469,0.6508477330207825,1744175795892,0.03558287397027016,-0.05818486958742142,0.0025961752980947495,1744175795893,4.125,-49.031253814697266,-19.89375114440918,1001.0174560546875,86.34791987363522,5.032248935276614,54.063519923942444,84.96775106472339,-3.6380410061988315,-112.08417203330748,84.97791803271474,0.06825218014882604,247.91582796669252,-0.16819625698593965
1744175796683,1744175795894,0.8979067206382751,10.197013854980469,0.6508477330207825,1744175795892,0.03558287397027016,-0.05818486958742142,0.0025961752980947495,1744175795993,5.737500190734863,-48.63750076293945,-20.325000762939453,1001.0174560546875,86.34791987363522,5.032248935276614,54.063519923942444,84.96775106472339,-3.6380410061988315,-112.6794374312218,84.97791803271474,0.06825218014882604,247.3205625687782,-0.16819625698593965
1744175796693,1744175795894,0.8979067206382751,10.197013854980469,0.6508477330207825,1744175795996,0.07330377399921417,0.018325943499803543,0.3851502537727356,1744175795993,5.737500190734863,-48.63750076293945,-20.325000762939453,1001.0174560546875,86.34791987363522,5.032248935276614,54.063519923942444,84.96775106472339,-3.6380410061988315,-112.6794374312218,84.97791803271474,0.39249204000704074,247.3205625687782,-0.16819625698593965
1744175796693,1744175796024,0.04905286431312561,10.04148006439209,0.13280165195465088,1744175795996,0.07330377399921417,0.018325943499803543,0.3851502537727356,1744175795993,5.737500190734863,-48.63750076293945,-20.325000762939453,1001.0174560546875,89.24228992720367,0.27988899287889546,20.2726863268201,89.7201110071211,-0.7577010332228404,-112.6794374312218,89.72013548103584,0.39249204000704074,247.3205625687782,-0.16819625698593965
1744175796853,1744175796024,0.04905286431312561,10.04148006439209,0.13280165195465088,1744175795996,0.07330377399921417,0.018325943499803543,0.3851502537727356,1744175796093,6.356250286102295,-48.431251525878906,-20.793750762939453,1001.0174560546875,89.24228992720367,0.27988899287889546,20.2726863268201,89.7201110071211,-0.7577010332228404,-113.23605982905765,89.72013548103584,0.39249204000704074,246.76394017094236,-0.16819625698593965
1744175796853,1744175796024,0.04905286431312561,10.04148006439209,0.13280165195465088,1744175796100,0.19364413619041443,0.1233946830034256,0.23487751185894012,1744175796093,6.356250286102295,-48.431251525878906,-20.793750762939453,1001.0174560546875,89.24228992720367,0.27988899287889546,20.2726863268201,89.7201110071211,-0.7577010332228404,-113.23605982905765,89.72013548103584,0.32846878824554127,246.76394017094236,-0.16819625698593965
1744175796864,1744175796024,0.04905286431312561,10.04148006439209,0.13280165195465088,1744175796100,0.19364413619041443,0.1233946830034256,0.23487751185894012,1744175796093,6.356250286102295,-48.431251525878906,-20.793750762939453,1001.0149536132812,89.24228992720367,0.27988899287889546,20.2726863268201,89.7201110071211,-0.7577010332228404,-113.23605982905765,89.72013548103584,0.32846878824554127,246.76394017094236,-0.14710757854590417
1744175796865,1744175796154,-0.6460621356964111,9.77707290649414,0.4911268353462219,1744175796100,0.19364413619041443,0.1233946830034256,0.23487751185894012,1744175796093,6.356250286102295,-48.431251525878906,-20.793750762939453,1001.0149536132812,87.12430675935211,-3.7805688223284006,-52.758442629246694,93.7805688223284,-2.869445876730726,-113.23605982905765,93.77582184760273,0.32846878824554127,246.76394017094236,-0.14710757854590417
1744175796924,1744175796154,-0.6460621356964111,9.77707290649414,0.4911268353462219,1744175796204,0.03222311660647392,0.05635227635502815,-0.03329212963581085,1744175796093,6.356250286102295,-48.431251525878906,-20.793750762939453,1001.0149536132812,87.12430675935211,-3.7805688223284006,-52.758442629246694,93.7805688223284,-2.869445876730726,-113.23605982905765,93.77582184760273,0.07295391826293852,246.76394017094236,-0.14710757854590417
1744175797078,1744175796154,-0.6460621356964111,9.77707290649414,0.4911268353462219,1744175796204,0.03222311660647392,0.05635227635502815,-0.03329212963581085,1744175796293,7.181250095367432,-48.11250305175781,-21.412500381469727,1001.0149536132812,87.12430675935211,-3.7805688223284006,-52.758442629246694,93.7805688223284,-2.869445876730726,-113.99148593752723,93.77582184760273,0.07295391826293852,246.00851406247278,-0.14710757854590417
1744175797079,1744175796154,-0.6460621356964111,9.77707290649414,0.4911268353462219,1744175796204,0.03222311660647392,0.05635227635502815,-0.03329212963581085,1744175796293,7.181250095367432,-48.11250305175781,-21.412500381469727,1001.012451171875,87.12430675935211,-3.7805688223284006,-52.758442629246694,93.7805688223284,-2.869445876730726,-113.99148593752723,93.77582184760273,0.07295391826293852,246.00851406247278,-0.12601885741574836
1744175797079,1744175796154,-0.6460621356964111,9.77707290649414,0.4911268353462219,1744175796309,-0.03649916872382164,0.08491020649671555,-0.08949168771505356,1744175796293,7.181250095367432,-48.11250305175781,-21.412500381469727,1001.012451171875,87.12430675935211,-3.7805688223284006,-52.758442629246694,93.7805688223284,-2.869445876730726,-113.99148593752723,93.77582184760273,0.12864950312742582,246.00851406247278,-0.12601885741574836
1744175797079,1744175796305,-0.019142581149935722,9.500701904296875,-0.3684946894645691,1744175796309,-0.03649916872382164,0.08491020649671555,-0.08949168771505356,1744175796293,7.181250095367432,-48.11250305175781,-21.412500381469727,1001.012451171875,92.22116354928434,-0.11544279946187938,-177.0262689362755,90.11544279946189,2.221159045229964,-113.99148593752723,90.1153560639192,0.12864950312742582,246.00851406247278,-0.12601885741574836
1744175797079,1744175796305,-0.019142581149935722,9.500701904296875,-0.3684946894645691,1744175796309,-0.03649916872382164,0.08491020649671555,-0.08949168771505356,1744175796393,5.8125,-48.375003814697266,-21.356250762939453,1001.012451171875,92.22116354928434,-0.11544279946187938,-177.0262689362755,90.11544279946189,2.221159045229964,-113.82015652874897,90.1153560639192,0.12864950312742582,246.17984347125105,-0.12601885741574836
1744175797080,1744175796305,-0.019142581149935722,9.500701904296875,-0.3684946894645691,1744175796412,0.0386371985077858,-0.06994401663541794,-0.32299473881721497,1744175796393,5.8125,-48.375003814697266,-21.356250762939453,1001.012451171875,92.22116354928434,-0.11544279946187938,-177.0262689362755,90.11544279946189,2.221159045229964,-113.82015652874897,90.1153560639192,0.33273202412035213,246.17984347125105,-0.12601885741574836
1744175797124,1744175796435,1.2652050256729126,9.474381446838379,0.1423729509115219,1744175796412,0.0386371985077858,-0.06994401663541794,-0.32299473881721497,1744175796393,5.8125,-48.375003814697266,-21.356250762939453,1001.012451171875,89.13907252799741,7.606254339461171,83.57954140280181,82.39374566053883,-0.8533533802013737,-113.82015652874897,82.39459426787722,0.33273202412035213,246.17984347125105,-0.12601885741574836
1744175797167,1744175796435,1.2652050256729126,9.474381446838379,0.1423729509115219,1744175796412,0.0386371985077858,-0.06994401663541794,-0.32299473881721497,1744175796393,5.8125,-48.375003814697266,-21.356250762939453,1001.012451171875,89.13907252799741,7.606254339461171,83.57954140280181,82.39374566053883,-0.8533533802013737,-113.82015652874897,82.39459426787722,0.33273202412035213,246.17984347125105,-0.12601885741574836
1744175797173,1744175796435,1.2652050256729126,9.474381446838379,0.1423729509115219,1744175796412,0.0386371985077858,-0.06994401663541794,-0.32299473881721497,1744175796493,4.875,-47.60625076293945,-21.506250381469727,1001.012451171875,89.13907252799741,7.606254339461171,83.57954140280181,82.39374566053883,-0.8533533802013737,-114.31119986222643,82.39459426787722,0.33273202412035213,245.68880013777357,-0.12601885741574836
1744175797179,1744175796435,1.2652050256729126,9.474381446838379,0.1423729509115219,1744175796516,0.046883873641490936,-0.1049160286784172,0.016035201027989388,1744175796493,4.875,-47.60625076293945,-21.506250381469727,1001.012451171875,89.13907252799741,7.606254339461171,83.57954140280181,82.39374566053883,-0.8533533802013737,-114.31119986222643,82.39459426787722,0.11602843769218726,245.68880013777357,-0.12601885741574836
1744175797307,1744175796566,0.22791635990142822,9.944570541381836,0.4498506486415863,1744175796516,0.046883873641490936,-0.1049160286784172,0.016035201027989388,1744175796493,4.875,-47.60625076293945,-21.506250381469727,1001.012451171875,87.4099450149813,1.3129133884026416,26.86900545872457,88.68708661159737,-2.589375945117866,-114.31119986222643,88.68842737770218,0.11602843769218726,245.68880013777357,-0.12601885741574836
1744175797316,1744175796566,0.22791635990142822,9.944570541381836,0.4498506486415863,1744175796516,0.046883873641490936,-0.1049160286784172,0.016035201027989388,1744175796493,4.875,-47.60625076293945,-21.506250381469727,1001.0137329101562,87.4099450149813,1.3129133884026416,26.86900545872457,88.68708661159737,-2.589375945117866,-114.31119986222643,88.68842737770218,0.11602843769218726,245.68880013777357,-0.13682040283895747
1744175797316,1744175796566,0.22791635990142822,9.944570541381836,0.4498506486415863,1744175796620,-0.12843431532382965,-0.08032871782779694,-0.13103049993515015,1744175796493,4.875,-47.60625076293945,-21.506250381469727,1001.0137329101562,87.4099450149813,1.3129133884026416,26.86900545872457,88.68708661159737,-2.589375945117866,-114.31119986222643,88.68842737770218,0.20029245660736728,245.68880013777357,-0.13682040283895747
1744175797374,1744175796566,0.22791635990142822,9.944570541381836,0.4498506486415863,1744175796620,-0.12843431532382965,-0.08032871782779694,-0.13103049993515015,1744175796693,4.987500190734863,-47.92500305175781,-20.793750762939453,1001.0137329101562,87.4099450149813,1.3129133884026416,26.86900545872457,88.68708661159737,-2.589375945117866,-113.45510829044,88.68842737770218,0.20029245660736728,246.54489170956,-0.13682040283895747
1744175797453,1744175796717,1.323829174041748,10.094121932983398,0.4911268353462219,1744175796620,-0.12843431532382965,-0.08032871782779694,-0.13103049993515015,1744175796693,4.987500190734863,-47.92500305175781,-20.793750762939453,1001.0137329101562,87.21448563585348,7.471614443439309,69.64567076029566,82.52838555656069,-2.7619004669374543,-113.45510829044,82.53711403183355,0.20029245660736728,246.54489170956,-0.13682040283895747
1744175797453,1744175796717,1.323829174041748,10.094121932983398,0.4911268353462219,1744175796620,-0.12843431532382965,-0.08032871782779694,-0.13103049993515015,1744175796693,4.987500190734863,-47.92500305175781,-20.793750762939453,1001.0137329101562,87.21448563585348,7.471614443439309,69.64567076029566,82.52838555656069,-2.7619004669374543,-113.45510829044,82.53711403183355,0.20029245660736728,246.54489170956,-0.13682040283895747
1744175797493,1744175796717,1.323829174041748,10.094121932983398,0.4911268353462219,1744175796828,-0.025961752980947495,-0.04108065739274025,0.06566796451807022,1744175796693,4.987500190734863,-47.92500305175781,-20.793750762939453,1001.0137329101562,87.21448563585348,7.471614443439309,69.64567076029566,82.52838555656069,-2.7619004669374543,-113.45510829044,82.53711403183355,0.081694030342553,246.54489170956,-0.13682040283895747
1744175797576,1744175796847,-0.12083754688501358,9.488140106201172,0.33499518036842346,1744175796828,-0.025961752980947495,-0.04108065739274025,0.06566796451807022,1744175796693,4.987500190734863,-47.92500305175781,-20.793750762939453,1001.0137329101562,87.97791344844039,-0.7296590354430937,-19.835098187524693,90.7296590354431,-2.021922719871429,-113.45510829044,90.72920472554873,0.081694030342553,246.54489170956,-0.13682040283895747
1744175797576,1744175796847,-0.12083754688501358,9.488140106201172,0.33499518036842346,1744175796828,-0.025961752980947495,-0.04108065739274025,0.06566796451807022,1744175796893,5.943750381469727,-48.45000076293945,-20.475000381469727,1001.0137329101562,87.97791344844039,-0.7296590354430937,-19.835098187524693,90.7296590354431,-2.021922719871429,-112.90894951895473,90.72920472554873,0.081694030342553,247.09105048104527,-0.13682040283895747
1744175797595,1744175796847,-0.12083754688501358,9.488140106201172,0.33499518036842346,1744175796933,-0.004276053514331579,-0.0102319847792387,-0.0360410213470459,1744175796893,5.943750381469727,-48.45000076293945,-20.475000381469727,1001.0137329101562,87.97791344844039,-0.7296590354430937,-19.835098187524693,90.7296590354431,-2.021922719871429,-112.90894951895473,90.72920472554873,0.03770853173909345,247.09105048104527,-0.13682040283895747
1744175797664,1744175796847,-0.12083754688501358,9.488140106201172,0.33499518036842346,1744175796933,-0.004276053514331579,-0.0102319847792387,-0.0360410213470459,1744175796893,5.943750381469727,-48.45000076293945,-20.475000381469727,1001.012451171875,87.97791344844039,-0.7296590354430937,-19.835098187524693,90.7296590354431,-2.021922719871429,-112.90894951895473,90.72920472554873,0.03770853173909345,247.09105048104527,-0.12601885741574836
1744175797671,1744175796977,0.3290131092071533,9.56770133972168,0.25244277715682983,1744175796933,-0.004276053514331579,-0.0102319847792387,-0.0360410213470459,1744175796893,5.943750381469727,-48.45000076293945,-20.475000381469727,1001.012451171875,88.4886076417447,1.9695051641437544,52.501957755067416,88.03049483585625,-1.5104999324104207,-112.90894951895473,88.03117948669029,0.03770853173909345,247.09105048104527,-0.12601885741574836
1744175797703,1744175796977,0.3290131092071533,9.56770133972168,0.25244277715682983,1744175797036,0.030543239787220955,-0.05283980444073677,-0.03176496922969818,1744175796893,5.943750381469727,-48.45000076293945,-20.475000381469727,1001.012451171875,88.4886076417447,1.9695051641437544,52.501957755067416,88.03049483585625,-1.5104999324104207,-112.90894951895473,88.03117948669029,0.06880368958274444,247.09105048104527,-0.12601885741574836
1744175797793,1744175796977,0.3290131092071533,9.56770133972168,0.25244277715682983,1744175797036,0.030543239787220955,-0.05283980444073677,-0.03176496922969818,1744175797093,6.056250095367432,-48.375003814697266,-21.037500381469727,1001.012451171875,88.4886076417447,1.9695051641437544,52.501957755067416,88.03049483585625,-1.5104999324104207,-113.5034364936204,88.03117948669029,0.06880368958274444,246.4965635063796,-0.12601885741574836
1744175797799,1744175796977,0.3290131092071533,9.56770133972168,0.25244277715682983,1744175797036,0.030543239787220955,-0.05283980444073677,-0.03176496922969818,1744175797093,6.056250095367432,-48.375003814697266,-21.037500381469727,1001.0099487304688,88.4886076417447,1.9695051641437544,52.501957755067416,88.03049483585625,-1.5104999324104207,-113.5034364936204,88.03117948669029,0.06880368958274444,246.4965635063796,-0.10493009359547223
1744175797800,1744175797107,0.4336991012096405,9.784850120544434,0.4660021960735321,1744175797036,0.030543239787220955,-0.05283980444073677,-0.03176496922969818,1744175797093,6.056250095367432,-48.375003814697266,-21.037500381469727,1001.0099487304688,87.2733562734198,2.537890132706855,42.943721644161556,87.46210986729315,-2.7239733480539177,-113.5034364936204,87.46497936009112,0.06880368958274444,246.4965635063796,-0.10493009359547223
1744175797816,1744175797107,0.4336991012096405,9.784850120544434,0.4660021960735321,1744175797141,-0.02672533318400383,0.05589412897825241,0.0054977829568088055,1744175797093,6.056250095367432,-48.375003814697266,-21.037500381469727,1001.0099487304688,87.2733562734198,2.537890132706855,42.943721644161556,87.46210986729315,-2.7239733480539177,-113.5034364936204,87.46497936009112,0.06219825323490773,246.4965635063796,-0.10493009359547223
1744175797896,1744175797107,0.4336991012096405,9.784850120544434,0.4660021960735321,1744175797141,-0.02672533318400383,0.05589412897825241,0.0054977829568088055,1744175797193,5.15625,-47.868751525878906,-20.118751525878906,1001.0099487304688,87.2733562734198,2.537890132706855,42.943721644161556,87.46210986729315,-2.7239733480539177,-112.79652236776455,87.46497936009112,0.06219825323490773,247.20347763223543,-0.10493009359547223
1744175797954,1744175797107,0.4336991012096405,9.784850120544434,0.4660021960735321,1744175797244,-0.059864748269319534,0.06994401663541794,-0.08078686892986298,1744175797193,5.15625,-47.868751525878906,-20.118751525878906,1001.0099487304688,87.2733562734198,2.537890132706855,42.943721644161556,87.46210986729315,-2.7239733480539177,-112.79652236776455,87.46497936009112,0.12248457755952574,247.20347763223543,-0.10493009359547223
1744175797960,1744175797107,0.4336991012096405,9.784850120544434,0.4660021960735321,1744175797244,-0.059864748269319534,0.06994401663541794,-0.08078686892986298,1744175797193,5.15625,-47.868751525878906,-20.118751525878906,1001.0099487304688,87.2733562734198,2.537890132706855,42.943721644161556,87.46210986729315,-2.7239733480539177,-112.79652236776455,87.46497936009112,0.12248457755952574,247.20347763223543,-0.10493009359547223
1744175797960,1744175797236,0.4307080805301666,9.82373332977295,0.27397820353507996,1744175797244,-0.059864748269319534,0.06994401663541794,-0.08078686892986298,1744175797193,5.15625,-47.868751525878906,-20.118751525878906,1001.0099487304688,88.4024681762946,2.510446916531064,57.53910640329268,87.48955308346895,-1.5959993886529442,-112.79652236776455,87.49052760406978,0.12248457755952574,247.20347763223543,-0.10493009359547223
1744175798050,1744175797236,0.4307080805301666,9.82373332977295,0.27397820353507996,1744175797348,0.07131846249103546,0.01740964688360691,0.12217295914888382,1744175797193,5.15625,-47.868751525878906,-20.118751525878906,1001.0099487304688,88.4024681762946,2.510446916531064,57.53910640329268,87.48955308346895,-1.5959993886529442,-112.79652236776455,87.49052760406978,0.1425329816003719,247.20347763223543,-0.10493009359547223
1744175798067,1744175797367,0.04127619042992592,9.818947792053223,0.8249256014823914,1744175797348,0.07131846249103546,0.01740964688360691,0.12217295914888382,1744175797193,5.15625,-47.868751525878906,-20.118751525878906,1001.0099487304688,85.19765028491442,0.2408544811145123,2.8644774862010407,89.75914551888549,-4.802307482133267,-112.79652236776455,89.75999104627273,0.1425329816003719,247.20347763223543,-0.10493009359547223
1744175798083,1744175797367,0.04127619042992592,9.818947792053223,0.8249256014823914,1744175797348,0.07131846249103546,0.01740964688360691,0.12217295914888382,1744175797393,2.90625,-48.243751525878906,-19.837501525878906,1001.0099487304688,85.19765028491442,0.2408544811145123,2.8644774862010407,89.75914551888549,-4.802307482133267,-112.35213052204297,89.75999104627273,0.1425329816003719,247.64786947795704,-0.10493009359547223
1744175798160,1744175797367,0.04127619042992592,9.818947792053223,0.8249256014823914,1744175797348,0.07131846249103546,0.01740964688360691,0.12217295914888382,1744175797393,2.90625,-48.243751525878906,-19.837501525878906,1001.012451171875,85.19765028491442,0.2408544811145123,2.8644774862010407,89.75914551888549,-4.802307482133267,-112.35213052204297,89.75999104627273,0.1425329816003719,247.64786947795704,-0.12601885741574836
1744175798166,1744175797367,0.04127619042992592,9.818947792053223,0.8249256014823914,1744175797452,-0.12950333952903748,0.10231985151767731,0.08109229803085327,1744175797393,2.90625,-48.243751525878906,-19.837501525878906,1001.012451171875,85.19765028491442,0.2408544811145123,2.8644774862010407,89.75914551888549,-4.802307482133267,-112.35213052204297,89.75999104627273,0.18389243530851784,247.64786947795704,-0.12601885741574836
1744175798199,1744175797519,-0.21655045449733734,9.670592308044434,0.3858426511287689,1744175797452,-0.12950333952903748,0.10231985151767731,0.08109229803085327,1744175797393,2.90625,-48.243751525878906,-19.837501525878906,1001.012451171875,87.71519311333213,-1.2827915287786982,-29.30289739878238,91.2827915287787,-2.2842348709968543,-112.35213052204297,91.2817720520866,0.18389243530851784,247.64786947795704,-0.12601885741574836
1744175798282,1744175797519,-0.21655045449733734,9.670592308044434,0.3858426511287689,1744175797557,-0.1000291109085083,0.05177079141139984,0.012370011769235134,1744175797393,2.90625,-48.243751525878906,-19.837501525878906,1001.012451171875,87.71519311333213,-1.2827915287786982,-29.30289739878238,91.2827915287787,-2.2842348709968543,-112.35213052204297,91.2817720520866,0.11330955415886315,247.64786947795704,-0.12601885741574836
1744175798304,1744175797519,-0.21655045449733734,9.670592308044434,0.3858426511287689,1744175797557,-0.1000291109085083,0.05177079141139984,0.012370011769235134,1744175797393,2.90625,-48.243751525878906,-19.837501525878906,1001.0162353515625,87.71519311333213,-1.2827915287786982,-29.30289739878238,91.2827915287787,-2.2842348709968543,-112.35213052204297,91.2817720520866,0.11330955415886315,247.64786947795704,-0.15790910210728315
1744175798304,1744175797519,-0.21655045449733734,9.670592308044434,0.3858426511287689,1744175797557,-0.1000291109085083,0.05177079141139984,0.012370011769235134,1744175797593,3.937500238418579,-48.58125305175781,-18.787500381469727,1001.0162353515625,87.71519311333213,-1.2827915287786982,-29.30289739878238,91.2827915287787,-2.2842348709968543,-111.14264539270121,91.2817720520866,0.11330955415886315,248.8573546072988,-0.15790910210728315
1744175798338,1744175797649,-0.2231307178735733,9.670592308044434,0.04666004329919815,1744175797557,-0.1000291109085083,0.05177079141139984,0.012370011769235134,1744175797593,3.937500238418579,-48.58125305175781,-18.787500381469727,1001.0162353515625,89.7235533541016,-1.3217577631983157,-78.18877900358024,91.32175776319832,-0.2763730906262909,-111.14264539270121,91.32174238362359,0.11330955415886315,248.8573546072988,-0.15790910210728315
1744175798352,1744175797649,-0.2231307178735733,9.670592308044434,0.04666004329919815,1744175797661,-0.026878049597144127,-0.01282816007733345,-0.11117739230394363,1744175797593,3.937500238418579,-48.58125305175781,-18.787500381469727,1001.0162353515625,89.7235533541016,-1.3217577631983157,-78.18877900358024,91.32175776319832,-0.2763730906262909,-111.14264539270121,91.32174238362359,0.11509736661028008,248.8573546072988,-0.15790910210728315
1744175798359,1744175797649,-0.2231307178735733,9.670592308044434,0.04666004329919815,1744175797661,-0.026878049597144127,-0.01282816007733345,-0.11117739230394363,1744175797693,3.8812501430511475,-49.087501525878906,-18.84375,1001.0162353515625,89.7235533541016,-1.3217577631983157,-78.18877900358024,91.32175776319832,-0.2763730906262909,-111.00083784978683,91.32174238362359,0.11509736661028008,248.99916215021318,-0.15790910210728315
1744175798430,1744175797649,-0.2231307178735733,9.670592308044434,0.04666004329919815,1744175797661,-0.026878049597144127,-0.01282816007733345,-0.11117739230394363,1744175797693,3.8812501430511475,-49.087501525878906,-18.84375,1001.0099487304688,89.7235533541016,-1.3217577631983157,-78.18877900358024,91.32175776319832,-0.2763730906262909,-111.00083784978683,91.32174238362359,0.11509736661028008,248.99916215021318,-0.10493009359547223
1744175798449,1744175797649,-0.2231307178735733,9.670592308044434,0.04666004329919815,1744175797764,0.02458730712532997,-0.015271619893610477,-0.06673697382211685,1744175797693,3.8812501430511475,-49.087501525878906,-18.84375,1001.0099487304688,89.7235533541016,-1.3217577631983157,-78.18877900358024,91.32175776319832,-0.2763730906262909,-111.00083784978683,91.32174238362359,0.07274325893705981,248.99916215021318,-0.10493009359547223
1744175798455,1744175797778,0.8488538265228271,9.695717811584473,0.08255238085985184,1744175797764,0.02458730712532997,-0.015271619893610477,-0.06673697382211685,1744175797693,3.8812501430511475,-49.087501525878906,-18.84375,1001.0099487304688,89.51217755991712,5.003450849688653,84.44536230819764,84.99654915031135,-0.48596365614374326,-111.00083784978683,84.99672957885089,0.07274325893705981,248.99916215021318,-0.10493009359547223
1744175798455,1744175797778,0.8488538265228271,9.695717811584473,0.08255238085985184,1744175797764,0.02458730712532997,-0.015271619893610477,-0.06673697382211685,1744175797793,3.7687501907348633,-49.01250076293945,-19.51875114440918,1001.0099487304688,89.51217755991712,5.003450849688653,84.44536230819764,84.99654915031135,-0.48596365614374326,-111.71443819108856,84.99672957885089,0.07274325893705981,248.28556180891144,-0.10493009359547223
1744175798552,1744175797778,0.8488538265228271,9.695717811584473,0.08255238085985184,1744175797868,0.03405570983886719,0.06047561392188072,0.09957095980644226,1744175797793,3.7687501907348633,-49.01250076293945,-19.51875114440918,1001.0099487304688,89.51217755991712,5.003450849688653,84.44536230819764,84.99654915031135,-0.48596365614374326,-111.71443819108856,84.99672957885089,0.12137325606835152,248.28556180891144,-0.10493009359547223
1744175798592,1744175797778,0.8488538265228271,9.695717811584473,0.08255238085985184,1744175797868,0.03405570983886719,0.06047561392188072,0.09957095980644226,1744175797793,3.7687501907348633,-49.01250076293945,-19.51875114440918,1001.0099487304688,89.51217755991712,5.003450849688653,84.44536230819764,84.99654915031135,-0.48596365614374326,-111.71443819108856,84.99672957885089,0.12137325606835152,248.28556180891144,-0.10493009359547223
1744175798600,1744175797908,0.41934216022491455,9.455238342285156,0.19262222945690155,1744175797868,0.03405570983886719,0.06047561392188072,0.09957095980644226,1744175797793,3.7687501907348633,-49.01250076293945,-19.51875114440918,1001.0099487304688,88.83293112327763,2.5394179072773935,65.32860786369636,87.46058209272262,-1.165923103860127,-111.71443819108856,87.46110819255213,0.12137325606835152,248.28556180891144,-0.10493009359547223
1744175798660,1744175797908,0.41934216022491455,9.455238342285156,0.19262222945690155,1744175797973,0.03298669680953026,0.044898562133312225,0.05742128938436508,1744175797793,3.7687501907348633,-49.01250076293945,-19.51875114440918,1001.0099487304688,88.83293112327763,2.5394179072773935,65.32860786369636,87.46058209272262,-1.165923103860127,-111.71443819108856,87.46110819255213,0.08000754666033555,248.28556180891144,-0.10493009359547223
1744175798716,1744175797908,0.41934216022491455,9.455238342285156,0.19262222945690155,1744175797973,0.03298669680953026,0.044898562133312225,0.05742128938436508,1744175797993,5.0625,-48.82500076293945,-19.89375114440918,1001.0099487304688,88.83293112327763,2.5394179072773935,65.32860786369636,87.46058209272262,-1.165923103860127,-112.16844338499737,87.46110819255213,0.08000754666033555,247.83155661500263,-0.10493009359547223
1744175798759,1744175797908,0.41934216022491455,9.455238342285156,0.19262222945690155,1744175797973,0.03298669680953026,0.044898562133312225,0.05742128938436508,1744175797993,5.0625,-48.82500076293945,-19.89375114440918,1001.0099487304688,88.83293112327763,2.5394179072773935,65.32860786369636,87.46058209272262,-1.165923103860127,-112.16844338499737,87.46110819255213,0.08000754666033555,247.83155661500263,-0.10493009359547223
1744175798767,1744175798039,-0.24047867953777313,9.030512809753418,0.7860422134399414,1744175797973,0.03298669680953026,0.044898562133312225,0.05742128938436508,1744175797993,5.0625,-48.82500076293945,-19.89375114440918,1001.0099487304688,85.0253461438919,-1.5254015094906697,-17.01076227112335,91.52540150949068,-4.972899787160413,-112.16844338499737,91.51965825945142,0.08000754666033555,247.83155661500263,-0.10493009359547223
1744175798767,1744175798039,-0.24047867953777313,9.030512809753418,0.7860422134399414,1744175798077,-0.004734201822429895,0.12446369975805283,-0.1233946830034256,1744175797993,5.0625,-48.82500076293945,-19.89375114440918,1001.0099487304688,85.0253461438919,-1.5254015094906697,-17.01076227112335,91.52540150949068,-4.972899787160413,-112.16844338499737,91.51965825945142,0.17532790142437144,247.83155661500263,-0.10493009359547223
1744175798878,1744175798039,-0.24047867953777313,9.030512809753418,0.7860422134399414,1744175798180,0.11392628401517868,0.1455385386943817,-0.3552178740501404,1744175797993,5.0625,-48.82500076293945,-19.89375114440918,1001.0099487304688,85.0253461438919,-1.5254015094906697,-17.01076227112335,91.52540150949068,-4.972899787160413,-112.16844338499737,91.51965825945142,0.4004252770236971,247.83155661500263,-0.10493009359547223
1744175798878,1744175798168,-0.12442677468061447,7.867600917816162,0.9074779748916626,1744175798180,0.11392628401517868,0.1455385386943817,-0.3552178740501404,1744175797993,5.0625,-48.82500076293945,-19.89375114440918,1001.0099487304688,83.42037045142494,-0.9060620689046639,-7.8072976739795505,90.90606206890467,-6.578814076905461,-112.16844338499737,90.90009533648478,0.4004252770236971,247.83155661500263,-0.10493009359547223
1744175798878,1744175798168,-0.12442677468061447,7.867600917816162,0.9074779748916626,1744175798180,0.11392628401517868,0.1455385386943817,-0.3552178740501404,1744175798193,3.5812501907348633,-49.14375305175781,-20.73750114440918,1001.0099487304688,83.42037045142494,-0.9060620689046639,-7.8072976739795505,90.90606206890467,-6.578814076905461,-112.8785941918382,90.90009533648478,0.4004252770236971,247.1214058081618,-0.10493009359547223
1744175798880,1744175798168,-0.12442677468061447,7.867600917816162,0.9074779748916626,1744175798180,0.11392628401517868,0.1455385386943817,-0.3552178740501404,1744175798193,3.5812501907348633,-49.14375305175781,-20.73750114440918,1001.01123046875,83.42037045142494,-0.9060620689046639,-7.8072976739795505,90.90606206890467,-6.578814076905461,-112.8785941918382,90.90009533648478,0.4004252770236971,247.1214058081618,-0.11573166089035469
1744175798960,1744175798168,-0.12442677468061447,7.867600917816162,0.9074779748916626,1744175798285,-0.05345066636800766,-0.04245510324835777,-0.40485063195228577,1744175798193,3.5812501907348633,-49.14375305175781,-20.73750114440918,1001.01123046875,83.42037045142494,-0.9060620689046639,-7.8072976739795505,90.90606206890467,-6.578814076905461,-112.8785941918382,90.90009533648478,0.410564786262994,247.1214058081618,-0.11573166089035469
1744175799003,1744175798168,-0.12442677468061447,7.867600917816162,0.9074779748916626,1744175798285,-0.05345066636800766,-0.04245510324835777,-0.40485063195228577,1744175798293,0.5625,-49.14375305175781,-20.418750762939453,1001.01123046875,83.42037045142494,-0.9060620689046639,-7.8072976739795505,90.90606206890467,-6.578814076905461,-112.56240874134535,90.90009533648478,0.410564786262994,247.43759125865466,-0.11573166089035469
1744175799008,1744175798320,0.778863787651062,7.495516777038574,1.2269197702407837,1744175798285,-0.05345066636800766,-0.04245510324835777,-0.40485063195228577,1744175798293,0.5625,-49.14375305175781,-20.418750762939453,1001.01123046875,80.70385752907882,5.932349693702292,32.40788348496061,84.06765030629772,-9.247220391068316,-112.56240874134535,84.14501743260568,0.410564786262994,247.43759125865466,-0.11573166089035469
1744175799057,1744175798320,0.778863787651062,7.495516777038574,1.2269197702407837,1744175798285,-0.05345066636800766,-0.04245510324835777,-0.40485063195228577,1744175798293,0.5625,-49.14375305175781,-20.418750762939453,1001.0149536132812,80.70385752907882,5.932349693702292,32.40788348496061,84.06765030629772,-9.247220391068316,-112.56240874134535,84.14501743260568,0.410564786262994,247.43759125865466,-0.14710757854590417
1744175799063,1744175798320,0.778863787651062,7.495516777038574,1.2269197702407837,1744175798388,-0.10965022444725037,-0.09330959618091583,-0.5673406720161438,1744175798293,0.5625,-49.14375305175781,-20.418750762939453,1001.0149536132812,80.70385752907882,5.932349693702292,32.40788348496061,84.06765030629772,-9.247220391068316,-112.56240874134535,84.14501743260568,0.5853249444406992,247.43759125865466,-0.14710757854590417
1744175799076,1744175798320,0.778863787651062,7.495516777038574,1.2269197702407837,1744175798388,-0.10965022444725037,-0.09330959618091583,-0.5673406720161438,1744175798393,-0.956250011920929,-49.20000076293945,-20.025001525878906,1001.0149536132812,80.70385752907882,5.932349693702292,32.40788348496061,84.06765030629772,-9.247220391068316,-112.14692379828912,84.14501743260568,0.5853249444406992,247.85307620171088,-0.14710757854590417
1744175799139,1744175798472,1.3369896411895752,6.465406894683838,1.7383856773376465,1744175798388,-0.10965022444725037,-0.09330959618091583,-0.5673406720161438,1744175798393,-0.956250011920929,-49.20000076293945,-20.025001525878906,1001.0149536132812,74.95052490130732,11.683583948321765,37.56382689233595,78.31641605167825,-14.751394449632599,-112.14692379828912,78.70666615646255,0.5853249444406992,247.85307620171088,-0.14710757854590417
1744175799166,1744175798472,1.3369896411895752,6.465406894683838,1.7383856773376465,1744175798388,-0.10965022444725037,-0.09330959618091583,-0.5673406720161438,1744175798493,-7.181250095367432,-49.53750228881836,-17.775001525878906,1001.0149536132812,74.95052490130732,11.683583948321765,37.56382689233595,78.31641605167825,-14.751394449632599,-109.73895552477472,78.70666615646255,0.5853249444406992,250.26104447522528,-0.14710757854590417
1744175799177,1744175798472,1.3369896411895752,6.465406894683838,1.7383856773376465,1744175798492,-0.36392268538475037,0.06246092543005943,-0.9153808951377869,1744175798493,-7.181250095367432,-49.53750228881836,-17.775001525878906,1001.0149536132812,74.95052490130732,11.683583948321765,37.56382689233595,78.31641605167825,-14.751394449632599,-109.73895552477472,78.70666615646255,0.9870477553424066,250.26104447522528,-0.14710757854590417
1744175799234,1744175798472,1.3369896411895752,6.465406894683838,1.7383856773376465,1744175798492,-0.36392268538475037,0.06246092543005943,-0.9153808951377869,1744175798493,-7.181250095367432,-49.53750228881836,-17.775001525878906,1001.0274658203125,74.95052490130732,11.683583948321765,37.56382689233595,78.31641605167825,-14.751394449632599,-109.73895552477472,78.70666615646255,0.9870477553424066,250.26104447522528,-0.25255054388425124
1744175799272,1744175798472,1.3369896411895752,6.465406894683838,1.7383856773376465,1744175798596,-0.5502364635467529,-0.2767217457294464,-1.323133111000061,1744175798493,-7.181250095367432,-49.53750228881836,-17.775001525878906,1001.0274658203125,74.95052490130732,11.683583948321765,37.56382689233595,78.31641605167825,-14.751394449632599,-109.73895552477472,78.70666615646255,1.4594575429935224,250.26104447522528,-0.25255054388425124
1744175799278,1744175798624,4.211368083953857,5.600401401519775,0.8201399445533752,1744175798596,-0.5502364635467529,-0.2767217457294464,-1.323133111000061,1744175798493,-7.181250095367432,-49.53750228881836,-17.775001525878906,1001.0274658203125,81.66865048463492,36.94229166179067,78.97990532943166,53.05770833820933,-6.675716023402095,-109.73895552477472,53.349268042725214,1.4594575429935224,250.26104447522528,-0.25255054388425124
1744175799357,1744175798624,4.211368083953857,5.600401401519775,0.8201399445533752,1744175798596,-0.5502364635467529,-0.2767217457294464,-1.323133111000061,1744175798693,-19.40625,-48.13125228881836,-13.668750762939453,1001.0274658203125,81.66865048463492,36.94229166179067,78.97990532943166,53.05770833820933,-6.675716023402095,-105.85396823631089,53.349268042725214,1.4594575429935224,254.1460317636891,-0.25255054388425124
1744175799370,1744175798624,4.211368083953857,5.600401401519775,0.8201399445533752,1744175798596,-0.5502364635467529,-0.2767217457294464,-1.323133111000061,1744175798693,-19.40625,-48.13125228881836,-13.668750762939453,1001.0474853515625,81.66865048463492,36.94229166179067,78.97990532943166,53.05770833820933,-6.675716023402095,-105.85396823631089,53.349268042725214,1.4594575429935224,254.1460317636891,-0.4212570687421202
1744175799376,1744175798624,4.211368083953857,5.600401401519775,0.8201399445533752,1744175798701,-0.5181660652160645,-0.9648609161376953,-1.8978041410446167,1744175798693,-19.40625,-48.13125228881836,-13.668750762939453,1001.0474853515625,81.66865048463492,36.94229166179067,78.97990532943166,53.05770833820933,-6.675716023402095,-105.85396823631089,53.349268042725214,2.191144271014044,254.1460317636891,-0.4212570687421202
1744175799438,1744175798732,10.375279426574707,6.988836765289307,-0.5539384484291077,1744175798701,-0.5181660652160645,-0.9648609161376953,-1.8978041410446167,1744175798693,-19.40625,-48.13125228881836,-13.668750762939453,1001.0474853515625,94.53181598805094,56.0356076774589,93.05613261111523,33.96439232254111,2.5354606080195237,-105.85396823631089,34.0475720600726,2.191144271014044,254.1460317636891,-0.4212570687421202
1744175799490,1744175798732,10.375279426574707,6.988836765289307,-0.5539384484291077,1744175798701,-0.5181660652160645,-0.9648609161376953,-1.8978041410446167,1744175798794,-26.662500381469727,-45.54375076293945,-13.031250953674316,1001.0474853515625,94.53181598805094,56.0356076774589,93.05613261111523,33.96439232254111,2.5354606080195237,-105.96720235802894,34.0475720600726,2.191144271014044,254.03279764197106,-0.4212570687421202
1744175799492,1744175798732,10.375279426574707,6.988836765289307,-0.5539384484291077,1744175798804,-0.6082686185836792,-0.7652608752250671,-1.483943223953247,1744175798794,-26.662500381469727,-45.54375076293945,-13.031250953674316,1001.0474853515625,94.53181598805094,56.0356076774589,93.05613261111523,33.96439232254111,2.5354606080195237,-105.96720235802894,34.0475720600726,1.776992518673247,254.03279764197106,-0.4212570687421202
1744175799536,1744175798732,10.375279426574707,6.988836765289307,-0.5539384484291077,1744175798804,-0.6082686185836792,-0.7652608752250671,-1.483943223953247,1744175798794,-26.662500381469727,-45.54375076293945,-13.031250953674316,1001.0924682617188,94.53181598805094,56.0356076774589,93.05613261111523,33.96439232254111,2.5354606080195237,-105.96720235802894,34.0475720600726,1.776992518673247,254.03279764197106,-0.8003224352767835
1744175799572,1744175798862,11.498709678649902,9.370293617248535,-3.3056845664978027,1744175798804,-0.6082686185836792,-0.7652608752250671,-1.483943223953247,1744175798794,-26.662500381469727,-45.54375076293945,-13.031250953674316,1001.0924682617188,109.43199870591478,50.82342354453562,106.03904829412353,39.17657645546438,12.563499664126574,-105.96720235802894,40.83103681003846,1.776992518673247,254.03279764197106,-0.8003224352767835
1744175799579,1744175798862,11.498709678649902,9.370293617248535,-3.3056845664978027,1744175798804,-0.6082686185836792,-0.7652608752250671,-1.483943223953247,1744175798893,-28.950000762939453,-43.3125,-13.987500190734863,1001.0924682617188,109.43199870591478,50.82342354453562,106.03904829412353,39.17657645546438,12.563499664126574,-107.89753696867375,40.83103681003846,1.776992518673247,252.10246303132624,-0.8003224352767835
1744175799580,1744175798862,11.498709678649902,9.370293617248535,-3.3056845664978027,1744175798908,-0.36453354358673096,-0.5334376692771912,-1.1035271883010864,1744175798893,-28.950000762939453,-43.3125,-13.987500190734863,1001.0924682617188,109.43199870591478,50.82342354453562,106.03904829412353,39.17657645546438,12.563499664126574,-107.89753696867375,40.83103681003846,1.2787543574602132,252.10246303132624,-0.8003224352767835
1744175799657,1744175798862,11.498709678649902,9.370293617248535,-3.3056845664978027,1744175798908,-0.36453354358673096,-0.5334376692771912,-1.1035271883010864,1744175798993,-31.293750762939453,-40.78125,-13.781250953674316,1001.0924682617188,109.43199870591478,50.82342354453562,106.03904829412353,39.17657645546438,12.563499664126574,-108.67170809737057,40.83103681003846,1.2787543574602132,251.32829190262942,-0.8003224352767835
1744175799685,1744175798991,10.409975051879883,9.006584167480469,-2.8151557445526123,1744175798908,-0.36453354358673096,-0.5334376692771912,-1.1035271883010864,1744175798993,-31.293750762939453,-40.78125,-13.781250953674316,1001.0924682617188,107.35749143564095,49.134037867425846,105.13246498373809,40.865962132574154,11.558159069686084,-108.67170809737057,42.1912570196451,1.2787543574602132,251.32829190262942,-0.8003224352767835
1744175799697,1744175798991,10.409975051879883,9.006584167480469,-2.8151557445526123,1744175799012,-0.38957902789115906,-0.1328630894422531,-0.4114174246788025,1744175798993,-31.293750762939453,-40.78125,-13.781250953674316,1001.0924682617188,107.35749143564095,49.134037867425846,105.13246498373809,40.865962132574154,11.558159069686084,-108.67170809737057,42.1912570196451,0.5819696872158366,251.32829190262942,-0.8003224352767835
1744175799697,1744175798991,10.409975051879883,9.006584167480469,-2.8151557445526123,1744175799012,-0.38957902789115906,-0.1328630894422531,-0.4114174246788025,1744175798993,-31.293750762939453,-40.78125,-13.781250953674316,1001.1237182617188,107.35749143564095,49.134037867425846,105.13246498373809,40.865962132574154,11.558159069686084,-108.67170809737057,42.1912570196451,0.5819696872158366,251.32829190262942,-1.0636541643301323
1744175799781,1744175798991,10.409975051879883,9.006584167480469,-2.8151557445526123,1744175799116,-0.48181959986686707,0.030695954337716103,-0.08078686892986298,1744175798993,-31.293750762939453,-40.78125,-13.781250953674316,1001.1237182617188,107.35749143564095,49.134037867425846,105.13246498373809,40.865962132574154,11.558159069686084,-108.67170809737057,42.1912570196451,0.4895088218000386,251.32829190262942,-1.0636541643301323
1744175799837,1744175799122,10.156335830688477,8.164310455322266,-2.730808734893799,1744175799116,-0.48181959986686707,0.030695954337716103,-0.08078686892986298,1744175798993,-31.293750762939453,-40.78125,-13.781250953674316,1001.1237182617188,108.49412192689016,51.2054593679503,105.04960601045808,38.7945406320497,11.835762534898375,-108.67170809737057,40.28591320541056,0.4895088218000386,251.32829190262942,-1.0636541643301323
1744175799866,1744175799122,10.156335830688477,8.164310455322266,-2.730808734893799,1744175799116,-0.48181959986686707,0.030695954337716103,-0.08078686892986298,1744175798993,-31.293750762939453,-40.78125,-13.781250953674316,1001.1325073242188,108.49412192689016,51.2054593679503,105.04960601045808,38.7945406320497,11.835762534898375,-108.67170809737057,40.28591320541056,0.4895088218000386,251.32829190262942,-1.1377150139330872
1744175799875,1744175799122,10.156335830688477,8.164310455322266,-2.730808734893799,1744175799116,-0.48181959986686707,0.030695954337716103,-0.08078686892986298,1744175799193,-32.25,-41.212501525878906,-11.137500762939453,1001.1325073242188,108.49412192689016,51.2054593679503,105.04960601045808,38.7945406320497,11.835762534898375,-105.12269463302802,40.28591320541056,0.4895088218000386,254.877305366972,-1.1377150139330872
1744175799932,1744175799122,10.156335830688477,8.164310455322266,-2.730808734893799,1744175799220,-0.3223838806152344,0.13851359486579895,0.07834340631961823,1744175799193,-32.25,-41.212501525878906,-11.137500762939453,1001.1325073242188,108.49412192689016,51.2054593679503,105.04960601045808,38.7945406320497,11.835762534898375,-105.12269463302802,40.28591320541056,0.3595206138136521,254.877305366972,-1.1377150139330872
1744175799965,1744175799252,8.697312355041504,7.05763053894043,-2.1469600200653076,1744175799220,-0.3223838806152344,0.13851359486579895,0.07834340631961823,1744175799193,-32.25,-41.212501525878906,-11.137500762939453,1001.1325073242188,106.91997504097415,50.94161738465474,103.8664295902171,39.058382615345266,10.850986734117669,-105.12269463302802,40.304237540994286,0.3595206138136521,254.877305366972,-1.1377150139330872
1744175799984,1744175799252,8.697312355041504,7.05763053894043,-2.1469600200653076,1744175799220,-0.3223838806152344,0.13851359486579895,0.07834340631961823,1744175799293,-33.1875,-41.66250228881836,-9.15000057220459,1001.1325073242188,106.91997504097415,50.94161738465474,103.8664295902171,39.058382615345266,10.850986734117669,-102.38675695502874,40.304237540994286,0.3595206138136521,257.6132430449712,-1.1377150139330872
1744175800005,1744175799252,8.697312355041504,7.05763053894043,-2.1469600200653076,1744175799324,-0.11759147047996521,0.19211697578430176,0.23228132724761963,1744175799293,-33.1875,-41.66250228881836,-9.15000057220459,1001.1325073242188,106.91997504097415,50.94161738465474,103.8664295902171,39.058382615345266,10.850986734117669,-102.38675695502874,40.304237540994286,0.32356035186972815,257.6132430449712,-1.1377150139330872
1744175800034,1744175799252,8.697312355041504,7.05763053894043,-2.1469600200653076,1744175799324,-0.11759147047996521,0.19211697578430176,0.23228132724761963,1744175799293,-33.1875,-41.66250228881836,-9.15000057220459,1001.125,106.91997504097415,50.94161738465474,103.8664295902171,39.058382615345266,10.850986734117669,-102.38675695502874,40.304237540994286,0.32356035186972815,257.6132430449712,-1.0744547376844382
1744175800087,1744175799252,8.697312355041504,7.05763053894043,-2.1469600200653076,1744175799324,-0.11759147047996521,0.19211697578430176,0.23228132724761963,1744175799393,-30.693750381469727,-43.01250076293945,-8.68125057220459,1001.125,106.91997504097415,50.94161738465474,103.8664295902171,39.058382615345266,10.850986734117669,-101.41076349013747,40.304237540994286,0.32356035186972815,258.58923650986253,-1.0744547376844382
1744175800095,1744175799381,7.350750923156738,6.275177478790283,-1.877767562866211,1744175799324,-0.11759147047996521,0.19211697578430176,0.23228132724761963,1744175799393,-30.693750381469727,-43.01250076293945,-8.68125057220459,1001.125,106.65914787443329,49.513329261605655,104.32989161314806,40.48667073839435,10.994803121930513,-101.41076349013747,41.70357983844125,0.32356035186972815,258.58923650986253,-1.0744547376844382
1744175800102,1744175799381,7.350750923156738,6.275177478790283,-1.877767562866211,1744175799428,0.05513054504990578,0.18952079117298126,0.2816086709499359,1744175799393,-30.693750381469727,-43.01250076293945,-8.68125057220459,1001.125,106.65914787443329,49.513329261605655,104.32989161314806,40.48667073839435,10.994803121930513,-101.41076349013747,41.70357983844125,0.3438908996157382,258.58923650986253,-1.0744547376844382
1744175800166,1744175799381,7.350750923156738,6.275177478790283,-1.877767562866211,1744175799428,0.05513054504990578,0.18952079117298126,0.2816086709499359,1744175799493,-30.30000114440918,-43.743751525878906,-8.25,1001.125,106.65914787443329,49.513329261605655,104.32989161314806,40.48667073839435,10.994803121930513,-100.68043751615288,41.70357983844125,0.3438908996157382,259.3195624838471,-1.0744547376844382
1744175800193,1744175799381,7.350750923156738,6.275177478790283,-1.877767562866211,1744175799428,0.05513054504990578,0.18952079117298126,0.2816086709499359,1744175799493,-30.30000114440918,-43.743751525878906,-8.25,1001.114990234375,106.65914787443329,49.513329261605655,104.32989161314806,40.48667073839435,10.994803121930513,-100.68043751615288,41.70357983844125,0.3438908996157382,259.3195624838471,-0.990107105188609
1744175800203,1744175799381,7.350750923156738,6.275177478790283,-1.877767562866211,1744175799532,0.046883873641490936,0.08720094710588455,0.06566796451807022,1744175799493,-30.30000114440918,-43.743751525878906,-8.25,1001.114990234375,106.65914787443329,49.513329261605655,104.32989161314806,40.48667073839435,10.994803121930513,-100.68043751615288,41.70357983844125,0.11880397446104694,259.3195624838471,-0.990107105188609
1744175800269,1744175799534,6.49770975112915,5.925825119018555,-1.7599210739135742,1744175799532,0.046883873641490936,0.08720094710588455,0.06566796451807022,1744175799493,-30.30000114440918,-43.743751525878906,-8.25,1001.114990234375,106.54098426332506,47.63559941872429,105.15509234698888,42.36440058127571,11.316870045257476,-100.68043751615288,43.572051049416764,0.11880397446104694,259.3195624838471,-0.990107105188609
1744175800322,1744175799534,6.49770975112915,5.925825119018555,-1.7599210739135742,1744175799636,-0.006872228812426329,0.02306014485657215,-0.029932374134659767,1744175799493,-30.30000114440918,-43.743751525878906,-8.25,1001.114990234375,106.54098426332506,47.63559941872429,105.15509234698888,42.36440058127571,11.316870045257476,-100.68043751615288,43.572051049416764,0.038405010493341656,259.3195624838471,-0.990107105188609
1744175800331,1744175799534,6.49770975112915,5.925825119018555,-1.7599210739135742,1744175799636,-0.006872228812426329,0.02306014485657215,-0.029932374134659767,1744175799493,-30.30000114440918,-43.743751525878906,-8.25,1001.1112060546875,106.54098426332506,47.63559941872429,105.15509234698888,42.36440058127571,11.316870045257476,-100.68043751615288,43.572051049416764,0.038405010493341656,259.3195624838471,-0.9582194077005024
1744175800358,1744175799663,7.191628456115723,6.013761520385742,-1.6941183805465698,1744175799636,-0.006872228812426329,0.02306014485657215,-0.029932374134659767,1744175799493,-30.30000114440918,-43.743751525878906,-8.25,1001.1112060546875,105.73289675976042,50.097061187839294,103.25539451091825,39.902938812160706,10.243477608338413,-100.68043751615288,40.98294015159553,0.038405010493341656,259.3195624838471,-0.9582194077005024
1744175800413,1744175799663,7.191628456115723,6.013761520385742,-1.6941183805465698,1744175799636,-0.006872228812426329,0.02306014485657215,-0.029932374134659767,1744175799693,-30.900001525878906,-43.95000076293945,-8.043750762939453,1001.1112060546875,105.73289675976042,50.097061187839294,103.25539451091825,39.902938812160706,10.243477608338413,-100.37151523651478,40.98294015159553,0.038405010493341656,259.62848476348523,-0.9582194077005024
1744175800417,1744175799663,7.191628456115723,6.013761520385742,-1.6941183805465698,1744175799740,-0.0256563201546669,-0.019242240116000175,-0.024281874299049377,1744175799693,-30.900001525878906,-43.95000076293945,-8.043750762939453,1001.1112060546875,105.73289675976042,50.097061187839294,103.25539451091825,39.902938812160706,10.243477608338413,-100.37151523651478,40.98294015159553,0.040225862178894414,259.62848476348523,-0.9582194077005024
1744175800455,1744175799663,7.191628456115723,6.013761520385742,-1.6941183805465698,1744175799740,-0.0256563201546669,-0.019242240116000175,-0.024281874299049377,1744175799793,-29.437501907348633,-44.15625,-8.850000381469727,1001.1112060546875,105.73289675976042,50.097061187839294,103.25539451091825,39.902938812160706,10.243477608338413,-101.3333247096371,40.98294015159553,0.040225862178894414,258.6666752903629,-0.9582194077005024
1744175800496,1744175799793,7.5708909034729,6.2327046394348145,-1.939382791519165,1744175799740,-0.0256563201546669,-0.019242240116000175,-0.024281874299049377,1744175799793,-29.437501907348633,-44.15625,-8.850000381469727,1001.1112060546875,107.28417309180334,50.537222084909835,104.36810572578682,39.46277791509017,11.186889362418762,-101.3333247096371,40.76723420916204,0.040225862178894414,258.6666752903629,-0.9582194077005024
1744175800509,1744175799793,7.5708909034729,6.2327046394348145,-1.939382791519165,1744175799740,-0.0256563201546669,-0.019242240116000175,-0.024281874299049377,1744175799793,-29.437501907348633,-44.15625,-8.850000381469727,1001.1099853515625,107.28417309180334,50.537222084909835,104.36810572578682,39.46277791509017,11.186889362418762,-101.3333247096371,40.76723420916204,0.040225862178894414,258.6666752903629,-0.9479330328590319
1744175800562,1744175799793,7.5708909034729,6.2327046394348145,-1.939382791519165,1744175799844,0.026572618633508682,-0.0001527161948615685,-0.007941242307424545,1744175799793,-29.437501907348633,-44.15625,-8.850000381469727,1001.1099853515625,107.28417309180334,50.537222084909835,104.36810572578682,39.46277791509017,11.186889362418762,-101.3333247096371,40.76723420916204,0.027734287671820516,258.6666752903629,-0.9479330328590319
1744175800634,1744175799923,7.637889862060547,6.306283950805664,-1.683350682258606,1744175799844,0.026572618633508682,-0.0001527161948615685,-0.007941242307424545,1744175799793,-29.437501907348633,-44.15625,-8.850000381469727,1001.1099853515625,104.94562380031253,50.45494756196175,102.42898906473197,39.54505243803825,9.645356088943668,-101.3333247096371,40.516107728757184,0.027734287671820516,258.6666752903629,-0.9479330328590319
1744175800652,1744175799923,7.637889862060547,6.306283950805664,-1.683350682258606,1744175799948,0.04276053607463837,0.0435241162776947,-0.025045456364750862,1744175799793,-29.437501907348633,-44.15625,-8.850000381469727,1001.1099853515625,104.94562380031253,50.45494756196175,102.42898906473197,39.54505243803825,9.645356088943668,-101.3333247096371,40.516107728757184,0.06595518954307825,258.6666752903629,-0.9479330328590319
1744175800665,1744175799923,7.637889862060547,6.306283950805664,-1.683350682258606,1744175799948,0.04276053607463837,0.0435241162776947,-0.025045456364750862,1744175799793,-29.437501907348633,-44.15625,-8.850000381469727,1001.1112060546875,104.94562380031253,50.45494756196175,102.42898906473197,39.54505243803825,9.645356088943668,-101.3333247096371,40.516107728757184,0.06595518954307825,258.6666752903629,-0.9582194077005024
1744175800665,1744175799923,7.637889862060547,6.306283950805664,-1.683350682258606,1744175799948,0.04276053607463837,0.0435241162776947,-0.025045456364750862,1744175799993,-30.787500381469727,-43.70625305175781,-8.8125,1001.1112060546875,104.94562380031253,50.45494756196175,102.42898906473197,39.54505243803825,9.645356088943668,-101.39971470257115,40.516107728757184,0.06595518954307825,258.60028529742885,-0.9582194077005024
1744175800718,1744175799923,7.637889862060547,6.306283950805664,-1.683350682258606,1744175800052,0.06062832847237587,0.1363755613565445,0.0007635809597559273,1744175799993,-30.787500381469727,-43.70625305175781,-8.8125,1001.1112060546875,104.94562380031253,50.45494756196175,102.42898906473197,39.54505243803825,9.645356088943668,-101.39971470257115,40.516107728757184,0.14924701338569238,258.60028529742885,-0.9582194077005024
1744175800754,1744175800053,7.255038261413574,6.313462734222412,-2.0129621028900146,1744175800052,0.06062832847237587,0.1363755613565445,0.0007635809597559273,1744175799993,-30.787500381469727,-43.70625305175781,-8.8125,1001.1112060546875,107.68417771947736,48.96963202594897,105.50705391622569,41.03036797405103,11.82152792915105,-101.39971470257115,42.40792199063372,0.14924701338569238,258.60028529742885,-0.9582194077005024
1744175800766,1744175800053,7.255038261413574,6.313462734222412,-2.0129621028900146,1744175800052,0.06062832847237587,0.1363755613565445,0.0007635809597559273,1744175800093,-31.70625114440918,-43.57500076293945,-7.837500095367432,1001.1112060546875,107.68417771947736,48.96963202594897,105.50705391622569,41.03036797405103,11.82152792915105,-100.19633181127548,42.40792199063372,0.14924701338569238,259.8036681887245,-0.9582194077005024
1744175800827,1744175800053,7.255038261413574,6.313462734222412,-2.0129621028900146,1744175800052,0.06062832847237587,0.1363755613565445,0.0007635809597559273,1744175800093,-31.70625114440918,-43.57500076293945,-7.837500095367432,1001.1199951171875,107.68417771947736,48.96963202594897,105.50705391622569,41.03036797405103,11.82152792915105,-100.19633181127548,42.40792199063372,0.14924701338569238,259.8036681887245,-1.0322810067970778
1744175800828,1744175800053,7.255038261413574,6.313462734222412,-2.0129621028900146,1744175800156,0.12705987691879272,0.02153298258781433,0.004886918235570192,1744175800093,-31.70625114440918,-43.57500076293945,-7.837500095367432,1001.1199951171875,107.68417771947736,48.96963202594897,105.50705391622569,41.03036797405103,11.82152792915105,-100.19633181127548,42.40792199063372,0.1289641951534883,259.8036681887245,-1.0322810067970778
1744175800892,1744175800183,7.41117000579834,6.354140758514404,-1.6546368598937988,1744175800156,0.12705987691879272,0.02153298258781433,0.004886918235570192,1744175800093,-31.70625114440918,-43.57500076293945,-7.837500095367432,1001.1199951171875,104.59583836053629,49.39108828134414,102.58559763855665,40.60891171865587,9.619880233825784,-100.19633181127548,41.53984694764181,0.1289641951534883,259.8036681887245,-1.0322810067970778
