timestamp,acc_x,acc_y,acc_z,gyro_x,gyro_y,gyro_z,mag_x,mag_y,mag_z,baro_pressure,tiltXY,tiltYZ,tiltXZ,roll,pitch,yaw,totalTiltFromVertical,angularSpeed,heading,altitude
1744177358172,1744177357357,9.425328254699707,1.1832507848739624,-2.768495798110962,1744177357478,0.035735588520765305,0.009162971749901772,-0.010842849500477314,1744177357403,-53.51250076293945,-2.231250047683716,1.9312500953674316,1001.34375,156.8582121751853,82.84455142275024,106.36906315436198,7.1554485772497625,16.248328630565602,-49.12229701763975,17.715170518940827,0.03845204446456589,310.87770298236023,0.9157095470851206
1744177358174,1744177357495,9.43609619140625,1.301695466041565,-2.9868409633636475,1744177357478,0.035735588520765305,0.009162971749901772,-0.010842849500477314,1744177357403,-53.51250076293945,-2.231250047683716,1.9312500953674316,1001.34375,156.45194134750966,82.14570378552119,107.56432626229156,7.854296214478803,17.409550651889138,-49.12229701763975,19.049140105868148,0.03845204446456589,310.87770298236023,0.9157095470851206
1744177358257,1744177357495,9.43609619140625,1.301695466041565,-2.9868409633636475,1744177357478,0.035735588520765305,0.009162971749901772,-0.010842849500477314,1744177357403,-53.51250076293945,-2.231250047683716,1.9312500953674316,1001.344970703125,156.45194134750966,82.14570378552119,107.56432626229156,7.854296214478803,17.409550651889138,-49.12229701763975,19.049140105868148,0.03845204446456589,310.87770298236023,0.9054260059295793
1744177358326,1744177357495,9.43609619140625,1.301695466041565,-2.9868409633636475,1744177357478,0.035735588520765305,0.009162971749901772,-0.010842849500477314,1744177357603,-54.187503814697266,-1.5,2.4375,1001.344970703125,156.45194134750966,82.14570378552119,107.56432626229156,7.854296214478803,17.409550651889138,-31.607502246248906,19.049140105868148,0.03845204446456589,328.3924977537511,0.9054260059295793
1744177358327,1744177357634,9.448657989501953,1.2610175609588623,-2.706880569458008,1744177357478,0.035735588520765305,0.009162971749901772,-0.010842849500477314,1744177357603,-54.187503814697266,-1.5,2.4375,1001.344970703125,155.02124228944706,82.39822804412752,105.98611145524073,7.601771955872489,15.852706710716337,-31.607502246248906,17.538853237780394,0.03845204446456589,328.3924977537511,0.9054260059295793
1744177358389,1744177357634,9.448657989501953,1.2610175609588623,-2.706880569458008,1744177357686,0.14401137828826904,0.05696314200758934,-0.013897174037992954,1744177357603,-54.187503814697266,-1.5,2.4375,1001.344970703125,155.02124228944706,82.39822804412752,105.98611145524073,7.601771955872489,15.852706710716337,-31.607502246248906,17.538853237780394,0.1554902185672976,328.3924977537511,0.9054260059295793
1744177358429,1744177357634,9.448657989501953,1.2610175609588623,-2.706880569458008,1744177357686,0.14401137828826904,0.05696314200758934,-0.013897174037992954,1744177357703,-54.60000228881836,-1.0500000715255737,3.281250238418579,1001.344970703125,155.02124228944706,82.39822804412752,105.98611145524073,7.601771955872489,15.852706710716337,-17.74467154952786,17.538853237780394,0.1554902185672976,342.2553284504721,0.9054260059295793
1744177358459,1744177357634,9.448657989501953,1.2610175609588623,-2.706880569458008,1744177357686,0.14401137828826904,0.05696314200758934,-0.013897174037992954,1744177357703,-54.60000228881836,-1.0500000715255737,3.281250238418579,1001.344970703125,155.02124228944706,82.39822804412752,105.98611145524073,7.601771955872489,15.852706710716337,-17.74467154952786,17.538853237780394,0.1554902185672976,342.2553284504721,0.9054260059295793
1744177358459,1744177357773,9.257830619812012,0.9810572862625122,-3.1453654766082764,1744177357686,0.14401137828826904,0.05696314200758934,-0.013897174037992954,1744177357703,-54.60000228881836,-1.0500000715255737,3.281250238418579,1001.344970703125,162.67700428658026,83.95091130164731,108.7652897944312,6.049088698352689,18.66806147527462,-17.74467154952786,19.590379413064387,0.1554902185672976,342.2553284504721,0.9054260059295793
1744177358486,1744177357773,9.257830619812012,0.9810572862625122,-3.1453654766082764,1744177357790,0.2461785078048706,0.009621120058000088,0.16279546916484833,1744177357703,-54.60000228881836,-1.0500000715255737,3.281250238418579,1001.344970703125,162.67700428658026,83.95091130164731,108.7652897944312,6.049088698352689,18.66806147527462,-17.74467154952786,19.590379413064387,0.29529440976220034,342.2553284504721,0.9054260059295793
1744177358495,1744177357773,9.257830619812012,0.9810572862625122,-3.1453654766082764,1744177357790,0.2461785078048706,0.009621120058000088,0.16279546916484833,1744177357803,-54.26250076293945,-1.8375000953674316,3.0187501907348633,1001.344970703125,162.67700428658026,83.95091130164731,108.7652897944312,6.049088698352689,18.66806147527462,-31.328692580689502,19.590379413064387,0.29529440976220034,328.6713074193105,0.9054260059295793
1744177358574,1744177357773,9.257830619812012,0.9810572862625122,-3.1453654766082764,1744177357894,0.3017672002315521,-0.09346231073141098,0.39018988609313965,1744177357803,-54.26250076293945,-1.8375000953674316,3.0187501907348633,1001.344970703125,162.67700428658026,83.95091130164731,108.7652897944312,6.049088698352689,18.66806147527462,-31.328692580689502,19.590379413064387,0.5020426215693462,328.6713074193105,0.9054260059295793
1744177358576,1744177357912,9.09093189239502,1.5134602785110474,-3.046661376953125,1744177357894,0.3017672002315521,-0.09346231073141098,0.39018988609313965,1744177357803,-54.26250076293945,-1.8375000953674316,3.0187501907348633,1001.344970703125,153.58364021088164,80.54807238010038,108.5276445391606,9.451927619899626,18.29295974678148,-31.328692580689502,20.516078723336282,0.5020426215693462,328.6713074193105,0.9054260059295793
1744177358587,1744177357912,9.09093189239502,1.5134602785110474,-3.046661376953125,1744177357894,0.3017672002315521,-0.09346231073141098,0.39018988609313965,1744177357803,-54.26250076293945,-1.8375000953674316,3.0187501907348633,1001.34375,153.58364021088164,80.54807238010038,108.5276445391606,9.451927619899626,18.29295974678148,-31.328692580689502,20.516078723336282,0.5020426215693462,328.6713074193105,0.9157095470851206
1744177358656,1744177357912,9.09093189239502,1.5134602785110474,-3.046661376953125,1744177357894,0.3017672002315521,-0.09346231073141098,0.39018988609313965,1744177357903,-52.743751525878906,-3.0562500953674316,1.9312500953674316,1001.34375,153.58364021088164,80.54807238010038,108.5276445391606,9.451927619899626,18.29295974678148,-57.71113209521685,20.516078723336282,0.5020426215693462,302.28886790478316,0.9157095470851206
1744177358713,1744177357912,9.09093189239502,1.5134602785110474,-3.046661376953125,1744177357998,0.8448259830474854,-0.2000582218170166,0.5566505193710327,1744177357903,-52.743751525878906,-3.0562500953674316,1.9312500953674316,1001.34375,153.58364021088164,80.54807238010038,108.5276445391606,9.451927619899626,18.29295974678148,-57.71113209521685,20.516078723336282,1.031316650919967,302.28886790478316,0.9157095470851206
1744177358736,1744177358050,9.201001167297363,1.9710876941680908,-3.1627132892608643,1744177357998,0.8448259830474854,-0.2000582218170166,0.5566505193710327,1744177357903,-52.743751525878906,-3.0562500953674316,1.9312500953674316,1001.34375,148.06773329882378,77.90854974830636,108.96967902678294,12.091450251693654,18.578002713838107,-57.71113209521685,22.049271251444736,1.031316650919967,302.28886790478316,0.9157095470851206
1744177358743,1744177358050,9.201001167297363,1.9710876941680908,-3.1627132892608643,1744177357998,0.8448259830474854,-0.2000582218170166,0.5566505193710327,1744177357903,-52.743751525878906,-3.0562500953674316,1.9312500953674316,1001.3424682617188,148.06773329882378,77.90854974830636,108.96967902678294,12.091450251693654,18.578002713838107,-57.71113209521685,22.049271251444736,1.031316650919967,302.28886790478316,0.9265072762163118
1744177358799,1744177358050,9.201001167297363,1.9710876941680908,-3.1627132892608643,1744177358102,1.5560252666473389,-0.36712974309921265,0.4508182108402252,1744177357903,-52.743751525878906,-3.0562500953674316,1.9312500953674316,1001.3424682617188,148.06773329882378,77.90854974830636,108.96967902678294,12.091450251693654,18.578002713838107,-57.71113209521685,22.049271251444736,1.6610948010087196,302.28886790478316,0.9265072762163118
1744177358813,1744177358050,9.201001167297363,1.9710876941680908,-3.1627132892608643,1744177358102,1.5560252666473389,-0.36712974309921265,0.4508182108402252,1744177358103,-53.118751525878906,-7.743750095367432,-1.8000000715255737,1001.3424682617188,148.06773329882378,77.90854974830636,108.96967902678294,12.091450251693654,18.578002713838107,-103.08577173986949,22.049271251444736,1.6610948010087196,256.9142282601305,0.9265072762163118
1744177358850,1744177358189,8.804988861083984,1.8592232465744019,-2.131406784057617,1744177358102,1.5560252666473389,-0.36712974309921265,0.4508182108402252,1744177358103,-53.118751525878906,-7.743750095367432,-1.8000000715255737,1001.3424682617188,138.90185320363096,78.07681784631717,103.60771962342406,11.923182153682832,13.324719767749128,-103.08577173986949,17.808168782894068,1.6610948010087196,256.9142282601305,0.9265072762163118
1744177358885,1744177358189,8.804988861083984,1.8592232465744019,-2.131406784057617,1744177358102,1.5560252666473389,-0.36712974309921265,0.4508182108402252,1744177358203,-51.78750228881836,-8.86875057220459,-5.868750095367432,1001.3424682617188,138.90185320363096,78.07681784631717,103.60771962342406,11.923182153682832,13.324719767749128,-123.49394454652179,17.808168782894068,1.6610948010087196,236.5060554534782,0.9265072762163118
1744177358894,1744177358189,8.804988861083984,1.8592232465744019,-2.131406784057617,1744177358207,2.6303837299346924,-0.42164942622184753,0.49250972270965576,1744177358203,-51.78750228881836,-8.86875057220459,-5.868750095367432,1001.3424682617188,138.90185320363096,78.07681784631717,103.60771962342406,11.923182153682832,13.324719767749128,-123.49394454652179,17.808168782894068,2.7091091953448276,236.5060554534782,0.9265072762163118
1744177358959,1744177358189,8.804988861083984,1.8592232465744019,-2.131406784057617,1744177358207,2.6303837299346924,-0.42164942622184753,0.49250972270965576,1744177358203,-51.78750228881836,-8.86875057220459,-5.868750095367432,1001.3424682617188,138.90185320363096,78.07681784631717,103.60771962342406,11.923182153682832,13.324719767749128,-123.49394454652179,17.808168782894068,2.7091091953448276,236.5060554534782,0.9265072762163118
1744177358994,1744177358189,8.804988861083984,1.8592232465744019,-2.131406784057617,1744177358310,3.4857470989227295,-0.49342602491378784,0.7171552777290344,1744177358203,-51.78750228881836,-8.86875057220459,-5.868750095367432,1001.3424682617188,138.90185320363096,78.07681784631717,103.60771962342406,11.923182153682832,13.324719767749128,-123.49394454652179,17.808168782894068,3.592800268882902,236.5060554534782,0.9265072762163118
1744177359014,1744177358327,8.170890808105469,1.8586249351501465,0.9332008361816406,1744177358310,3.4857470989227295,-0.49342602491378784,0.7171552777290344,1744177358203,-51.78750228881836,-8.86875057220459,-5.868750095367432,1001.3424682617188,63.339135785975984,77.18503730089492,83.48445694984738,12.814962699105083,-6.354594748331857,-123.49394454652179,14.280335598883642,3.592800268882902,236.5060554534782,0.9265072762163118
1744177359093,1744177358327,8.170890808105469,1.8586249351501465,0.9332008361816406,1744177358310,3.4857470989227295,-0.49342602491378784,0.7171552777290344,1744177358203,-51.78750228881836,-8.86875057220459,-5.868750095367432,1001.3412475585938,63.339135785975984,77.18503730089492,83.48445694984738,12.814962699105083,-6.354594748331857,-123.49394454652179,14.280335598883642,3.592800268882902,236.5060554534782,0.9367908381755352
1744177359103,1744177358327,8.170890808105469,1.8586249351501465,0.9332008361816406,1744177358310,3.4857470989227295,-0.49342602491378784,0.7171552777290344,1744177358403,-50.13750076293945,-5.400000095367432,-14.325000762939453,1001.3412475585938,63.339135785975984,77.18503730089492,83.48445694984738,12.814962699105083,-6.354594748331857,-159.34539629709045,14.280335598883642,3.592800268882902,200.65460370290955,0.9367908381755352
1744177359109,1744177358327,8.170890808105469,1.8586249351501465,0.9332008361816406,1744177358414,3.551567792892456,-0.541989803314209,0.9123265743255615,1744177358403,-50.13750076293945,-5.400000095367432,-14.325000762939453,1001.3412475585938,63.339135785975984,77.18503730089492,83.48445694984738,12.814962699105083,-6.354594748331857,-159.34539629709045,14.280335598883642,3.7067137079397137,200.65460370290955,0.9367908381755352
1744177359163,1744177358466,7.225726127624512,1.7533408403396606,3.6029927730560303,1744177358414,3.551567792892456,-0.541989803314209,0.9123265743255615,1744177358403,-50.13750076293945,-5.400000095367432,-14.325000762939453,1001.3412475585938,25.94915592656929,76.36065104652364,63.49759553143608,13.63934895347636,-25.853537072535993,-159.34539629709045,29.010181275699225,3.7067137079397137,200.65460370290955,0.9367908381755352
1744177359206,1744177358466,7.225726127624512,1.7533408403396606,3.6029927730560303,1744177358414,3.551567792892456,-0.541989803314209,0.9123265743255615,1744177358503,-49.031253814697266,-1.9312500953674316,-17.850000381469727,1001.3412475585938,25.94915592656929,76.36065104652364,63.49759553143608,13.63934895347636,-25.853537072535993,-173.82500131494197,29.010181275699225,3.7067137079397137,186.17499868505803,0.9367908381755352
1744177359216,1744177358466,7.225726127624512,1.7533408403396606,3.6029927730560303,1744177358518,3.336085319519043,-0.7286089658737183,0.6863065958023071,1744177358503,-49.031253814697266,-1.9312500953674316,-17.850000381469727,1001.3412475585938,25.94915592656929,76.36065104652364,63.49759553143608,13.63934895347636,-25.853537072535993,-173.82500131494197,29.010181275699225,3.48300919144693,186.17499868505803,0.9367908381755352
1744177359266,1744177358466,7.225726127624512,1.7533408403396606,3.6029927730560303,1744177358518,3.336085319519043,-0.7286089658737183,0.6863065958023071,1744177358503,-49.031253814697266,-1.9312500953674316,-17.850000381469727,1001.3424682617188,25.94915592656929,76.36065104652364,63.49759553143608,13.63934895347636,-25.853537072535993,-173.82500131494197,29.010181275699225,3.48300919144693,186.17499868505803,0.9265072762163118
1744177359277,1744177358605,7.474579811096191,0.06699903309345245,6.317649841308594,1744177358518,3.336085319519043,-0.7286089658737183,0.6863065958023071,1744177358503,-49.031253814697266,-1.9312500953674316,-17.850000381469727,1001.3424682617188,0.6076021973704873,89.4864381516899,49.7949016729619,0.5135618483101144,-40.20396358934927,-173.82500131494197,40.206686707209386,3.48300919144693,186.17499868505803,0.9265072762163118
1744177359289,1744177358605,7.474579811096191,0.06699903309345245,6.317649841308594,1744177358518,3.336085319519043,-0.7286089658737183,0.6863065958023071,1744177358603,-48.187503814697266,2.981250047683716,-19.181251525878906,1001.3424682617188,0.6076021973704873,89.4864381516899,49.7949016729619,0.5135618483101144,-40.20396358934927,171.16547738709357,40.206686707209386,3.48300919144693,171.16547738709357,0.9265072762163118
1744177359372,1744177358605,7.474579811096191,0.06699903309345245,6.317649841308594,1744177358622,2.9707882404327393,-0.44470956921577454,0.9364557266235352,1744177358603,-48.187503814697266,2.981250047683716,-19.181251525878906,1001.3424682617188,0.6076021973704873,89.4864381516899,49.7949016729619,0.5135618483101144,-40.20396358934927,171.16547738709357,40.206686707209386,3.1464740104395497,171.16547738709357,0.9265072762163118
1744177359397,1744177358605,7.474579811096191,0.06699903309345245,6.317649841308594,1744177358622,2.9707882404327393,-0.44470956921577454,0.9364557266235352,1744177358603,-48.187503814697266,2.981250047683716,-19.181251525878906,1001.344970703125,0.6076021973704873,89.4864381516899,49.7949016729619,0.5135618483101144,-40.20396358934927,171.16547738709357,40.206686707209386,3.1464740104395497,171.16547738709357,0.9054260059295793
1744177359426,1744177358605,7.474579811096191,0.06699903309345245,6.317649841308594,1744177358622,2.9707882404327393,-0.44470956921577454,0.9364557266235352,1744177358703,-45.69375228881836,6.918750286102295,-20.025001525878906,1001.344970703125,0.6076021973704873,89.4864381516899,49.7949016729619,0.5135618483101144,-40.20396358934927,160.93968188979883,40.206686707209386,3.1464740104395497,160.93968188979886,0.9054260059295793
1744177359426,1744177358605,7.474579811096191,0.06699903309345245,6.317649841308594,1744177358726,2.3478586673736572,-0.3943132162094116,0.9647082090377808,1744177358703,-45.69375228881836,6.918750286102295,-20.025001525878906,1001.344970703125,0.6076021973704873,89.4864381516899,49.7949016729619,0.5135618483101144,-40.20396358934927,160.93968188979883,40.206686707209386,2.5687711387011296,160.93968188979886,0.9054260059295793
1744177359427,1744177358744,6.486942291259766,-0.46360939741134644,7.133004188537598,1744177358726,2.3478586673736572,-0.3943132162094116,0.9647082090377808,1744177358703,-45.69375228881836,6.918750286102295,-20.025001525878906,1001.344970703125,-3.718707021140725,94.08786971993916,42.284211500023225,-4.087869719939149,-47.64313144920372,160.93968188979883,47.77589319705909,2.5687711387011296,160.93968188979886,0.9054260059295793
1744177359492,1744177358744,6.486942291259766,-0.46360939741134644,7.133004188537598,1744177358726,2.3478586673736572,-0.3943132162094116,0.9647082090377808,1744177358803,-45.91875076293945,8.550000190734863,-19.368751525878906,1001.344970703125,-3.718707021140725,94.08786971993916,42.284211500023225,-4.087869719939149,-47.64313144920372,156.18176889164292,47.77589319705909,2.5687711387011296,156.18176889164295,0.9054260059295793
1744177359549,1744177358744,6.486942291259766,-0.46360939741134644,7.133004188537598,1744177358830,1.7980804443359375,-0.2545779049396515,0.7768672704696655,1744177358803,-45.91875076293945,8.550000190734863,-19.368751525878906,1001.344970703125,-3.718707021140725,94.08786971993916,42.284211500023225,-4.087869719939149,-47.64313144920372,156.18176889164292,47.77589319705909,1.975202761721888,156.18176889164295,0.9054260059295793
1744177359550,1744177358744,6.486942291259766,-0.46360939741134644,7.133004188537598,1744177358830,1.7980804443359375,-0.2545779049396515,0.7768672704696655,1744177358803,-45.91875076293945,8.550000190734863,-19.368751525878906,1001.3487548828125,-3.718707021140725,94.08786971993916,42.284211500023225,-4.087869719939149,-47.64313144920372,156.18176889164292,47.77589319705909,1.975202761721888,156.18176889164295,0.8735470928663769
1744177359568,1744177358882,5.602196216583252,-1.5343974828720093,6.750152587890625,1744177358830,1.7980804443359375,-0.2545779049396515,0.7768672704696655,1744177358803,-45.91875076293945,8.550000190734863,-19.368751525878906,1001.3487548828125,-12.80646055529051,105.3172214325086,39.690509821393114,-15.317221432508589,-49.28790728265745,156.18176889164292,51.01706355555175,1.975202761721888,156.18176889164295,0.8735470928663769
1744177359657,1744177358882,5.602196216583252,-1.5343974828720093,6.750152587890625,1744177358934,1.5004366636276245,-0.5630646347999573,0.4920515716075897,1744177358803,-45.91875076293945,8.550000190734863,-19.368751525878906,1001.3487548828125,-12.80646055529051,105.3172214325086,39.690509821393114,-15.317221432508589,-49.28790728265745,156.18176889164292,51.01706355555175,1.6764446646525215,156.18176889164295,0.8735470928663769
1744177359687,1744177359021,5.496313571929932,-3.4133615493774414,7.627122402191162,1744177358934,1.5004366636276245,-0.5630646347999573,0.4920515716075897,1744177358803,-45.91875076293945,8.550000190734863,-19.368751525878906,1001.3487548828125,-24.10991956305317,121.84141565201551,35.77755563784251,-31.84141565201551,-49.69257744229429,156.18176889164292,56.66458532796081,1.6764446646525215,156.18176889164295,0.8735470928663769
1744177359695,1744177359021,5.496313571929932,-3.4133615493774414,7.627122402191162,1744177358934,1.5004366636276245,-0.5630646347999573,0.4920515716075897,1744177359003,-43.29375076293945,11.49375057220459,-20.64375114440918,1001.3487548828125,-24.10991956305317,121.84141565201551,35.77755563784251,-31.84141565201551,-49.69257744229429,150.89240165301402,56.66458532796081,1.6764446646525215,150.89240165301402,0.8735470928663769
1744177359724,1744177359021,5.496313571929932,-3.4133615493774414,7.627122402191162,1744177358934,1.5004366636276245,-0.5630646347999573,0.4920515716075897,1744177359003,-43.29375076293945,11.49375057220459,-20.64375114440918,1001.3524780273438,-24.10991956305317,121.84141565201551,35.77755563784251,-31.84141565201551,-49.69257744229429,150.89240165301402,56.66458532796081,1.6764446646525215,150.89240165301402,0.8421824510230824
1744177359730,1744177359021,5.496313571929932,-3.4133615493774414,7.627122402191162,1744177359038,1.2481495141983032,-0.5229002237319946,0.6824886798858643,1744177359003,-43.29375076293945,11.49375057220459,-20.64375114440918,1001.3524780273438,-24.10991956305317,121.84141565201551,35.77755563784251,-31.84141565201551,-49.69257744229429,150.89240165301402,56.66458532796081,1.5156162614411275,150.89240165301402,0.8421824510230824
1744177359823,1744177359021,5.496313571929932,-3.4133615493774414,7.627122402191162,1744177359142,1.1278090476989746,-0.4812087416648865,0.4657844007015228,1744177359003,-43.29375076293945,11.49375057220459,-20.64375114440918,1001.3524780273438,-24.10991956305317,121.84141565201551,35.77755563784251,-31.84141565201551,-49.69257744229429,150.89240165301402,56.66458532796081,1.3116669581350473,150.89240165301402,0.8421824510230824
1744177359826,1744177359160,4.67078971862793,-4.1389851570129395,8.225327491760254,1744177359142,1.1278090476989746,-0.4812087416648865,0.4657844007015228,1744177359003,-43.29375076293945,11.49375057220459,-20.64375114440918,1001.3524780273438,-26.711542565201157,131.54551594204702,29.59027418867928,-41.545515942047025,-52.81136949958712,150.89240165301402,63.10343365275396,1.3116669581350473,150.89240165301402,0.8421824510230824
1744177359875,1744177359160,4.67078971862793,-4.1389851570129395,8.225327491760254,1744177359142,1.1278090476989746,-0.4812087416648865,0.4657844007015228,1744177359003,-43.29375076293945,11.49375057220459,-20.64375114440918,1001.3587036132812,-26.711542565201157,131.54551594204702,29.59027418867928,-41.545515942047025,-52.81136949958712,150.89240165301402,63.10343365275396,1.3116669581350473,150.89240165301402,0.7897368674111016
1744177359978,1744177359160,4.67078971862793,-4.1389851570129395,8.225327491760254,1744177359142,1.1278090476989746,-0.4812087416648865,0.4657844007015228,1744177359203,-43.5,13.55625057220459,-21.46875,1001.3587036132812,-26.711542565201157,131.54551594204702,29.59027418867928,-41.545515942047025,-52.81136949958712,147.73000302247584,63.10343365275396,1.3116669581350473,147.73000302247584,0.7897368674111016
1744177359978,1744177359160,4.67078971862793,-4.1389851570129395,8.225327491760254,1744177359246,1.0589340925216675,-0.34926193952560425,0.38957902789115906,1744177359203,-43.5,13.55625057220459,-21.46875,1001.3587036132812,-26.711542565201157,131.54551594204702,29.59027418867928,-41.545515942047025,-52.81136949958712,147.73000302247584,63.10343365275396,1.1811423003510182,147.73000302247584,0.7897368674111016
1744177359986,1744177359298,3.3960134983062744,-3.869194269180298,7.907082557678223,1744177359246,1.0589340925216675,-0.34926193952560425,0.38957902789115906,1744177359203,-43.5,13.55625057220459,-21.46875,1001.3587036132812,-26.074016160642646,138.72639366155104,23.243042957818265,-48.72639366155102,-56.932558322055435,147.73000302247584,68.90440385575326,1.1811423003510182,147.73000302247584,0.7897368674111016
1744177359997,1744177359298,3.3960134983062744,-3.869194269180298,7.907082557678223,1744177359246,1.0589340925216675,-0.34926193952560425,0.38957902789115906,1744177359303,-44.118751525878906,15.862500190734863,-21.037500381469727,1001.3587036132812,-26.074016160642646,138.72639366155104,23.243042957818265,-48.72639366155102,-56.932558322055435,142.98331604718024,68.90440385575326,1.1811423003510182,142.9833160471802,0.7897368674111016
1744177360131,1744177359298,3.3960134983062744,-3.869194269180298,7.907082557678223,1744177359246,1.0589340925216675,-0.34926193952560425,0.38957902789115906,1744177359303,-44.118751525878906,15.862500190734863,-21.037500381469727,1001.3674926757812,-26.074016160642646,138.72639366155104,23.243042957818265,-48.72639366155102,-56.932558322055435,142.98331604718024,68.90440385575326,1.1811423003510182,142.9833160471802,0.7156964929574461
1744177360131,1744177359298,3.3960134983062744,-3.869194269180298,7.907082557678223,1744177359350,1.0926843881607056,-0.43203410506248474,0.05940660089254379,1744177359303,-44.118751525878906,15.862500190734863,-21.037500381469727,1001.3674926757812,-26.074016160642646,138.72639366155104,23.243042957818265,-48.72639366155102,-56.932558322055435,142.98331604718024,68.90440385575326,1.1764955521789633,142.9833160471802,0.7156964929574461
1744177360131,1744177359298,3.3960134983062744,-3.869194269180298,7.907082557678223,1744177359350,1.0926843881607056,-0.43203410506248474,0.05940660089254379,1744177359403,-44.23125076293945,19.106250762939453,-19.856250762939453,1001.3674926757812,-26.074016160642646,138.72639366155104,23.243042957818265,-48.72639366155102,-56.932558322055435,136.10276616268072,68.90440385575326,1.1764955521789633,136.10276616268072,0.7156964929574461
1744177360131,1744177359437,4.269991874694824,-6.265605926513672,9.319445610046387,1744177359350,1.0926843881607056,-0.43203410506248474,0.05940660089254379,1744177359403,-44.23125076293945,19.106250762939453,-19.856250762939453,1001.3674926757812,-33.913544441332505,145.7256858511561,24.616346257779654,-55.7256858511561,-50.86835402182615,136.10276616268072,69.18142703815347,1.1764955521789633,136.10276616268072,0.7156964929574461
1744177360239,1744177359437,4.269991874694824,-6.265605926513672,9.319445610046387,1744177359454,1.0086904764175415,-0.4529562294483185,0.31932955980300903,1744177359403,-44.23125076293945,19.106250762939453,-19.856250762939453,1001.3674926757812,-33.913544441332505,145.7256858511561,24.616346257779654,-55.7256858511561,-50.86835402182615,136.10276616268072,69.18142703815347,1.1509114608758868,136.10276616268072,0.7156964929574461
1744177360239,1744177359437,4.269991874694824,-6.265605926513672,9.319445610046387,1744177359454,1.0086904764175415,-0.4529562294483185,0.31932955980300903,1744177359403,-44.23125076293945,19.106250762939453,-19.856250762939453,1001.376220703125,-33.913544441332505,145.7256858511561,24.616346257779654,-55.7256858511561,-50.86835402182615,136.10276616268072,69.18142703815347,1.1509114608758868,136.10276616268072,0.6421708084894662
1744177360245,1744177359437,4.269991874694824,-6.265605926513672,9.319445610046387,1744177359558,0.7283035516738892,-0.41492989659309387,0.4166097939014435,1744177359403,-44.23125076293945,19.106250762939453,-19.856250762939453,1001.376220703125,-33.913544441332505,145.7256858511561,24.616346257779654,-55.7256858511561,-50.86835402182615,136.10276616268072,69.18142703815347,0.9360323727532932,136.10276616268072,0.6421708084894662
1744177360245,1744177359575,3.518645763397217,-6.477969169616699,8.188239097595215,1744177359558,0.7283035516738892,-0.41492989659309387,0.4166097939014435,1744177359403,-44.23125076293945,19.106250762939453,-19.856250762939453,1001.376220703125,-38.34861093264914,151.49046840988748,23.254138404290586,-61.49046840988747,-48.003171592265105,136.10276616268072,71.375792320266,0.9360323727532932,136.10276616268072,0.6421708084894662
1744177360349,1744177359575,3.518645763397217,-6.477969169616699,8.188239097595215,1744177359558,0.7283035516738892,-0.41492989659309387,0.4166097939014435,1744177359603,-42.41250228881836,21.993751525878906,-20.043750762939453,1001.376220703125,-38.34861093264914,151.49046840988748,23.254138404290586,-61.49046840988747,-48.003171592265105,132.34411479743252,71.375792320266,0.9360323727532932,132.34411479743255,0.6421708084894662
1744177360349,1744177359575,3.518645763397217,-6.477969169616699,8.188239097595215,1744177359558,0.7283035516738892,-0.41492989659309387,0.4166097939014435,1744177359603,-42.41250228881836,21.993751525878906,-20.043750762939453,1001.3849487304688,-38.34861093264914,151.49046840988748,23.254138404290586,-61.49046840988747,-48.003171592265105,132.34411479743252,71.375792320266,0.9360323727532932,132.34411479743255,0.5686456429175857
1744177360375,1744177359575,3.518645763397217,-6.477969169616699,8.188239097595215,1744177359662,0.7524327039718628,-0.6611084342002869,0.5371028780937195,1744177359603,-42.41250228881836,21.993751525878906,-20.043750762939453,1001.3849487304688,-38.34861093264914,151.49046840988748,23.254138404290586,-61.49046840988747,-48.003171592265105,132.34411479743252,71.375792320266,1.136529294577892,132.34411479743255,0.5686456429175857
1744177360397,1744177359714,3.8051862716674805,-6.888936519622803,7.758727550506592,1744177359662,0.7524327039718628,-0.6611084342002869,0.5371028780937195,1744177359603,-42.41250228881836,21.993751525878906,-20.043750762939453,1001.3849487304688,-41.601717250523926,151.08541075908332,26.12515537815384,-61.085410759083324,-44.592078498089485,132.34411479743252,69.8599957451839,1.136529294577892,132.34411479743255,0.5686456429175857
1744177360410,1744177359714,3.8051862716674805,-6.888936519622803,7.758727550506592,1744177359662,0.7524327039718628,-0.6611084342002869,0.5371028780937195,1744177359703,-43.21875,22.293750762939453,-19.96875,1001.3849487304688,-41.601717250523926,151.08541075908332,26.12515537815384,-61.085410759083324,-44.592078498089485,131.85114263837374,69.8599957451839,1.136529294577892,131.85114263837374,0.5686456429175857
1744177360494,1744177359714,3.8051862716674805,-6.888936519622803,7.758727550506592,1744177359766,1.2594504356384277,-0.48212501406669617,0.8396336436271667,1744177359703,-43.21875,22.293750762939453,-19.96875,1001.3849487304688,-41.601717250523926,151.08541075908332,26.12515537815384,-61.085410759083324,-44.592078498089485,131.85114263837374,69.8599957451839,1.5885983081097843,131.85114263837374,0.5686456429175857
1744177360500,1744177359714,3.8051862716674805,-6.888936519622803,7.758727550506592,1744177359766,1.2594504356384277,-0.48212501406669617,0.8396336436271667,1744177359803,-41.23125076293945,22.21875,-19.725000381469727,1001.3849487304688,-41.601717250523926,151.08541075908332,26.12515537815384,-61.085410759083324,-44.592078498089485,131.59750669852812,69.8599957451839,1.5885983081097843,131.59750669852815,0.5686456429175857
1744177360510,1744177359714,3.8051862716674805,-6.888936519622803,7.758727550506592,1744177359766,1.2594504356384277,-0.48212501406669617,0.8396336436271667,1744177359803,-41.23125076293945,22.21875,-19.725000381469727,1001.3899536132812,-41.601717250523926,151.08541075908332,26.12515537815384,-61.085410759083324,-44.592078498089485,131.59750669852812,69.8599957451839,1.5885983081097843,131.59750669852815,0.5264845932500639
1744177360551,1744177359853,3.778865098953247,-6.546762943267822,8.790034294128418,1744177359766,1.2594504356384277,-0.48212501406669617,0.8396336436271667,1744177359803,-41.23125076293945,22.21875,-19.725000381469727,1001.3899536132812,-36.6785119622691,150.00597507658307,23.263030641258112,-60.00597507658307,-49.3057200329388,131.59750669852812,70.97671000435905,1.5885983081097843,131.59750669852815,0.5264845932500639
1744177360561,1744177359853,3.778865098953247,-6.546762943267822,8.790034294128418,1744177359870,1.3067924976348877,-0.2669478952884674,1.1102467775344849,1744177359803,-41.23125076293945,22.21875,-19.725000381469727,1001.3899536132812,-36.6785119622691,150.00597507658307,23.263030641258112,-60.00597507658307,-49.3057200329388,131.59750669852812,70.97671000435905,1.7354007369191355,131.59750669852815,0.5264845932500639
1744177360653,1744177359853,3.778865098953247,-6.546762943267822,8.790034294128418,1744177359974,1.2345577478408813,-0.49403688311576843,1.2130247354507446,1744177359803,-41.23125076293945,22.21875,-19.725000381469727,1001.3899536132812,-36.6785119622691,150.00597507658307,23.263030641258112,-60.00597507658307,-49.3057200329388,131.59750669852812,70.97671000435905,1.799898409202042,131.59750669852815,0.5264845932500639
1744177360656,1744177359992,4.429114818572998,-7.0995049476623535,6.759125709533691,1744177359974,1.2345577478408813,-0.49403688311576843,1.2130247354507446,1744177359803,-41.23125076293945,22.21875,-19.725000381469727,1001.3899536132812,-46.406948074483815,148.0415079181945,33.23599366416885,-58.04150791819449,-38.92969976976511,131.59750669852812,65.68484270271222,1.799898409202042,131.59750669852815,0.5264845932500639
1744177360677,1744177359992,4.429114818572998,-7.0995049476623535,6.759125709533691,1744177359974,1.2345577478408813,-0.49403688311576843,1.2130247354507446,1744177359803,-41.23125076293945,22.21875,-19.725000381469727,1001.396240234375,-46.406948074483815,148.0415079181945,33.23599366416885,-58.04150791819449,-38.92969976976511,131.59750669852812,65.68484270271222,1.799898409202042,131.59750669852815,0.4735264433505493
1744177360754,1744177359992,4.429114818572998,-7.0995049476623535,6.759125709533691,1744177359974,1.2345577478408813,-0.49403688311576843,1.2130247354507446,1744177360003,-42.20625305175781,20.73750114440918,-17.231250762939453,1001.396240234375,-46.406948074483815,148.0415079181945,33.23599366416885,-58.04150791819449,-38.92969976976511,129.72394565351786,65.68484270271222,1.799898409202042,129.72394565351783,0.4735264433505493
1744177360784,1744177359992,4.429114818572998,-7.0995049476623535,6.759125709533691,1744177360078,0.9605848789215088,-0.7727439403533936,1.2389864921569824,1744177360003,-42.20625305175781,20.73750114440918,-17.231250762939453,1001.396240234375,-46.406948074483815,148.0415079181945,33.23599366416885,-58.04150791819449,-38.92969976976511,129.72394565351786,65.68484270271222,1.7478398195238039,129.72394565351783,0.4735264433505493
1744177360791,1744177359992,4.429114818572998,-7.0995049476623535,6.759125709533691,1744177360078,0.9605848789215088,-0.7727439403533936,1.2389864921569824,1744177360103,-42.76875305175781,17.850000381469727,-18.262500762939453,1001.396240234375,-46.406948074483815,148.0415079181945,33.23599366416885,-58.04150791819449,-38.92969976976511,135.65444104720794,65.68484270271222,1.7478398195238039,135.6544410472079,0.4735264433505493
1744177360814,1744177360130,4.895116806030273,-6.9344000816345215,5.891727447509766,1744177360078,0.9605848789215088,-0.7727439403533936,1.2389864921569824,1744177360103,-42.76875305175781,17.850000381469727,-18.262500762939453,1001.396240234375,-49.647518207170755,144.78104954941554,39.721353772797556,-54.78104954941552,-34.765096950386756,135.65444104720794,61.72140397650831,1.7478398195238039,135.6544410472079,0.4735264433505493
1744177360831,1744177360130,4.895116806030273,-6.9344000816345215,5.891727447509766,1744177360078,0.9605848789215088,-0.7727439403533936,1.2389864921569824,1744177360103,-42.76875305175781,17.850000381469727,-18.262500762939453,1001.4012451171875,-49.647518207170755,144.78104954941554,39.721353772797556,-54.78104954941552,-34.765096950386756,135.65444104720794,61.72140397650831,1.7478398195238039,135.6544410472079,0.4313657786126668
1744177360897,1744177360130,4.895116806030273,-6.9344000816345215,5.891727447509766,1744177360181,0.6601921319961548,-0.8750637769699097,0.9544762372970581,1744177360103,-42.76875305175781,17.850000381469727,-18.262500762939453,1001.4012451171875,-49.647518207170755,144.78104954941554,39.721353772797556,-54.78104954941552,-34.765096950386756,135.65444104720794,61.72140397650831,1.4534837984921682,135.6544410472079,0.4313657786126668
1744177360951,1744177360269,6.299703598022461,-6.809973239898682,7.627720355987549,1744177360181,0.6601921319961548,-0.8750637769699097,0.9544762372970581,1744177360103,-42.76875305175781,17.850000381469727,-18.262500762939453,1001.4012451171875,-41.75824594303475,137.22900581256306,39.553163629475016,-47.22900581256307,-39.42779137726351,135.65444104720794,58.363332470863526,1.4534837984921682,135.6544410472079,0.4313657786126668
1744177360981,1744177360269,6.299703598022461,-6.809973239898682,7.627720355987549,1744177360286,-0.813060998916626,-1.052061915397644,0.9056070446968079,1744177360103,-42.76875305175781,17.850000381469727,-18.262500762939453,1001.4012451171875,-41.75824594303475,137.22900581256306,39.553163629475016,-47.22900581256307,-39.42779137726351,135.65444104720794,58.363332470863526,1.6087344657195441,135.6544410472079,0.4313657786126668
1744177360988,1744177360269,6.299703598022461,-6.809973239898682,7.627720355987549,1744177360286,-0.813060998916626,-1.052061915397644,0.9056070446968079,1744177360103,-42.76875305175781,17.850000381469727,-18.262500762939453,1001.4024658203125,-41.75824594303475,137.22900581256306,39.553163629475016,-47.22900581256307,-39.42779137726351,135.65444104720794,58.363332470863526,1.6087344657195441,135.6544410472079,0.42108271553331966
1744177360989,1744177360269,6.299703598022461,-6.809973239898682,7.627720355987549,1744177360286,-0.813060998916626,-1.052061915397644,0.9056070446968079,1744177360303,-41.32500076293945,11.175000190734863,-24.506250381469727,1001.4024658203125,-41.75824594303475,137.22900581256306,39.553163629475016,-47.22900581256307,-39.42779137726351,155.4867238307213,58.363332470863526,1.6087344657195441,155.4867238307213,0.42108271553331966
1744177361077,1744177360269,6.299703598022461,-6.809973239898682,7.627720355987549,1744177360390,-3.4548983573913574,-0.8064942359924316,0.4938841760158539,1744177360303,-41.32500076293945,11.175000190734863,-24.506250381469727,1001.4024658203125,-41.75824594303475,137.22900581256306,39.553163629475016,-47.22900581256307,-39.42779137726351,155.4867238307213,58.363332470863526,3.5819934662019377,155.4867238307213,0.42108271553331966
1744177361091,1744177360407,6.401398658752441,-5.154737949371338,8.531609535217285,1744177360390,-3.4548983573913574,-0.8064942359924316,0.4938841760158539,1744177360303,-41.32500076293945,11.175000190734863,-24.506250381469727,1001.4024658203125,-31.140073762203777,128.84281889066725,36.881464131901325,-38.842818890667225,-46.06974186249502,155.4867238307213,57.29145491590373,3.5819934662019377,155.4867238307213,0.42108271553331966
1744177361109,1744177360407,6.401398658752441,-5.154737949371338,8.531609535217285,1744177360390,-3.4548983573913574,-0.8064942359924316,0.4938841760158539,1744177360403,-37.98750305175781,-0.9187500476837158,-29.756250381469727,1001.4024658203125,-31.140073762203777,128.84281889066725,36.881464131901325,-38.842818890667225,-46.06974186249502,-178.23150493380336,57.29145491590373,3.5819934662019377,181.76849506619664,0.42108271553331966
1744177361160,1744177360407,6.401398658752441,-5.154737949371338,8.531609535217285,1744177360390,-3.4548983573913574,-0.8064942359924316,0.4938841760158539,1744177360403,-37.98750305175781,-0.9187500476837158,-29.756250381469727,1001.3974609375,-31.140073762203777,128.84281889066725,36.881464131901325,-38.842818890667225,-46.06974186249502,-178.23150493380336,57.29145491590373,3.5819934662019377,181.76849506619664,0.4632433386589163
1744177361211,1744177360407,6.401398658752441,-5.154737949371338,8.531609535217285,1744177360494,-4.534907341003418,-0.3289506733417511,0.337350070476532,1744177360403,-37.98750305175781,-0.9187500476837158,-29.756250381469727,1001.3974609375,-31.140073762203777,128.84281889066725,36.881464131901325,-38.842818890667225,-46.06974186249502,-178.23150493380336,57.29145491590373,4.559319928128448,181.76849506619664,0.4632433386589163
1744177361219,1744177360546,4.668396949768066,-2.1062822341918945,8.73320484161377,1744177360494,-4.534907341003418,-0.3289506733417511,0.337350070476532,1744177360403,-37.98750305175781,-0.9187500476837158,-29.756250381469727,1001.3974609375,-13.559691896319473,114.2838921780341,28.127049803772813,-24.283892178034087,-59.610655635141235,-178.23150493380336,62.54104062946483,4.559319928128448,181.76849506619664,0.4632433386589163
1744177361286,1744177360546,4.668396949768066,-2.1062822341918945,8.73320484161377,1744177360598,-5.971508502960205,-1.299156665802002,-0.12935061752796173,1744177360403,-37.98750305175781,-0.9187500476837158,-29.756250381469727,1001.3974609375,-13.559691896319473,114.2838921780341,28.127049803772813,-24.283892178034087,-59.610655635141235,-178.23150493380336,62.54104062946483,6.11256520828029,181.76849506619664,0.4632433386589163
1744177361304,1744177360546,4.668396949768066,-2.1062822341918945,8.73320484161377,1744177360598,-5.971508502960205,-1.299156665802002,-0.12935061752796173,1744177360603,-30.58125114440918,-35.025001525878906,-21.168750762939453,1001.3974609375,-13.559691896319473,114.2838921780341,28.127049803772813,-24.283892178034087,-59.610655635141235,-121.14833391909755,62.54104062946483,6.11256520828029,238.85166608090245,0.4632433386589163
1744177361311,1744177360546,4.668396949768066,-2.1062822341918945,8.73320484161377,1744177360598,-5.971508502960205,-1.299156665802002,-0.12935061752796173,1744177360603,-30.58125114440918,-35.025001525878906,-21.168750762939453,1001.3887329101562,-13.559691896319473,114.2838921780341,28.127049803772813,-24.283892178034087,-59.610655635141235,-121.14833391909755,62.54104062946483,6.11256520828029,238.85166608090245,0.5367677603625864
1744177361364,1744177360684,4.027120590209961,2.379063844680786,3.8111681938171387,1744177360598,-5.971508502960205,-1.299156665802002,-0.12935061752796173,1744177360603,-30.58125114440918,-35.025001525878906,-21.168750762939453,1001.3887329101562,31.97384532677165,59.42708304382597,46.57815462229977,30.572916956174033,-39.17358774697502,-121.14833391909755,48.12832903062865,6.11256520828029,238.85166608090245,0.5367677603625864
1744177361381,1744177360684,4.027120590209961,2.379063844680786,3.8111681938171387,1744177360702,-6.412247657775879,-1.5167772769927979,-1.0740530490875244,1744177360603,-30.58125114440918,-35.025001525878906,-21.168750762939453,1001.3887329101562,31.97384532677165,59.42708304382597,46.57815462229977,30.572916956174033,-39.17358774697502,-121.14833391909755,48.12832903062865,6.676160819281403,238.85166608090245,0.5367677603625864
1744177361400,1744177360684,4.027120590209961,2.379063844680786,3.8111681938171387,1744177360702,-6.412247657775879,-1.5167772769927979,-1.0740530490875244,1744177360703,-30.318750381469727,-41.66250228881836,-3.262500047683716,1001.3887329101562,31.97384532677165,59.42708304382597,46.57815462229977,30.572916956174033,-39.17358774697502,-94.47757061679533,48.12832903062865,6.676160819281403,265.52242938320467,0.5367677603625864
1744177361462,1744177360684,4.027120590209961,2.379063844680786,3.8111681938171387,1744177360702,-6.412247657775879,-1.5167772769927979,-1.0740530490875244,1744177360703,-30.318750381469727,-41.66250228881836,-3.262500047683716,1001.3775024414062,31.97384532677165,59.42708304382597,46.57815462229977,30.572916956174033,-39.17358774697502,-94.47757061679533,48.12832903062865,6.676160819281403,265.52242938320467,0.6313733740451144
1744177361498,1744177360684,4.027120590209961,2.379063844680786,3.8111681938171387,1744177360806,-5.6764607429504395,-1.8165591955184937,-1.3599376678466797,1744177360703,-30.318750381469727,-41.66250228881836,-3.262500047683716,1001.3775024414062,31.97384532677165,59.42708304382597,46.57815462229977,30.572916956174033,-39.17358774697502,-94.47757061679533,48.12832903062865,6.113225362892204,265.52242938320467,0.6313733740451144
1744177361505,1744177360824,5.754140377044678,3.689732551574707,-1.5846468210220337,1744177360806,-5.6764607429504395,-1.8165591955184937,-1.3599376678466797,1744177360703,-30.318750381469727,-41.66250228881836,-3.262500047683716,1001.3775024414062,113.24229964275031,57.330753128429244,105.39715399931164,32.669246871570756,13.052065375603311,-94.47757061679533,34.90990845051603,6.113225362892204,265.52242938320467,0.6313733740451144
1744177361579,1744177360824,5.754140377044678,3.689732551574707,-1.5846468210220337,1744177360806,-5.6764607429504395,-1.8165591955184937,-1.3599376678466797,1744177360903,-42.13125228881836,-18.225000381469727,22.293750762939453,1001.3775024414062,113.24229964275031,57.330753128429244,105.39715399931164,32.669246871570756,13.052065375603311,-39.26578153005471,34.90990845051603,6.113225362892204,320.7342184699453,0.6313733740451144
1744177361615,1744177360824,5.754140377044678,3.689732551574707,-1.5846468210220337,1744177360910,-4.446331977844238,-1.186299443244934,-1.2678498029708862,1744177360903,-42.13125228881836,-18.225000381469727,22.293750762939453,1001.3775024414062,113.24229964275031,57.330753128429244,105.39715399931164,32.669246871570756,13.052065375603311,-39.26578153005471,34.90990845051603,4.7733235328371375,320.7342184699453,0.6313733740451144
1744177361629,1744177360824,5.754140377044678,3.689732551574707,-1.5846468210220337,1744177360910,-4.446331977844238,-1.186299443244934,-1.2678498029708862,1744177360903,-42.13125228881836,-18.225000381469727,22.293750762939453,1001.3662109375,113.24229964275031,57.330753128429244,105.39715399931164,32.669246871570756,13.052065375603311,-39.26578153005471,34.90990845051603,4.7733235328371375,320.7342184699453,0.7264940147900589
1744177361629,1744177360962,7.3058857917785645,1.9202401638031006,-6.789036273956299,1744177360910,-4.446331977844238,-1.186299443244934,-1.2678498029708862,1744177360903,-42.13125228881836,-18.225000381469727,22.293750762939453,1001.3662109375,164.20674711210532,75.27375790391946,132.89995052140983,14.72624209608054,41.94701712814158,-39.26578153005471,44.0006674511491,4.7733235328371375,320.7342184699453,0.7264940147900589
1744177361691,1744177360962,7.3058857917785645,1.9202401638031006,-6.789036273956299,1744177360910,-4.446331977844238,-1.186299443244934,-1.2678498029708862,1744177361003,-46.556251525878906,-5.137500286102295,24.67500114440918,1001.3662109375,164.20674711210532,75.27375790391946,132.89995052140983,14.72624209608054,41.94701712814158,-11.761334401185175,44.0006674511491,4.7733235328371375,348.2386655988148,0.7264940147900589
1744177361761,1744177360962,7.3058857917785645,1.9202401638031006,-6.789036273956299,1744177361014,-1.819002628326416,-0.8399390578269958,-0.8990402221679688,1744177361003,-46.556251525878906,-5.137500286102295,24.67500114440918,1001.3662109375,164.20674711210532,75.27375790391946,132.89995052140983,14.72624209608054,41.94701712814158,-11.761334401185175,44.0006674511491,2.1960285753599704,348.2386655988148,0.7264940147900589
1744177361787,1744177361100,9.181859016418457,0.735194742679596,-4.890929698944092,1744177361014,-1.819002628326416,-0.8399390578269958,-0.8990402221679688,1744177361003,-46.556251525878906,-5.137500286102295,24.67500114440918,1001.3662109375,171.45141641288492,85.42207315616588,118.04302945282997,4.577926843834128,27.96712913366762,-11.761334401185175,28.309460677430906,2.1960285753599704,348.2386655988148,0.7264940147900589
1744177361797,1744177361100,9.181859016418457,0.735194742679596,-4.890929698944092,1744177361014,-1.819002628326416,-0.8399390578269958,-0.8990402221679688,1744177361003,-46.556251525878906,-5.137500286102295,24.67500114440918,1001.3574829101562,171.45141641288492,85.42207315616588,118.04302945282997,4.577926843834128,27.96712913366762,-11.761334401185175,28.309460677430906,2.1960285753599704,348.2386655988148,0.800020294370325
1744177361797,1744177361100,9.181859016418457,0.735194742679596,-4.890929698944092,1744177361118,-0.6688969135284424,-0.5248855352401733,-0.39278605580329895,1744177361003,-46.556251525878906,-5.137500286102295,24.67500114440918,1001.3574829101562,171.45141641288492,85.42207315616588,118.04302945282997,4.577926843834128,27.96712913366762,-11.761334401185175,28.309460677430906,0.9365942513520741,348.2386655988148,0.800020294370325
1744177361885,1744177361100,9.181859016418457,0.735194742679596,-4.890929698944092,1744177361118,-0.6688969135284424,-0.5248855352401733,-0.39278605580329895,1744177361203,-48.48750305175781,3.375000238418579,20.231250762939453,1001.3574829101562,171.45141641288492,85.42207315616588,118.04302945282997,4.577926843834128,27.96712913366762,9.4709332415122,28.309460677430906,0.9365942513520741,9.47093324151217,0.800020294370325
1744177361902,1744177361100,9.181859016418457,0.735194742679596,-4.890929698944092,1744177361222,-0.2159406989812851,-0.09101885557174683,0.08338304609060287,1744177361203,-48.48750305175781,3.375000238418579,20.231250762939453,1001.3574829101562,171.45141641288492,85.42207315616588,118.04302945282997,4.577926843834128,27.96712913366762,9.4709332415122,28.309460677430906,0.24873188360454335,9.47093324151217,0.800020294370325
1744177361913,1744177361240,8.960522651672363,1.8340985774993896,-4.685146808624268,1744177361222,-0.2159406989812851,-0.09101885557174683,0.08338304609060287,1744177361203,-48.48750305175781,3.375000238418579,20.231250762939453,1001.3574829101562,158.6211032515347,78.43210922281112,117.60350895370539,11.567890777188879,27.123557925915502,9.4709332415122,29.314308017283608,0.24873188360454335,9.47093324151217,0.800020294370325
1744177361979,1744177361240,8.960522651672363,1.8340985774993896,-4.685146808624268,1744177361222,-0.2159406989812851,-0.09101885557174683,0.08338304609060287,1744177361203,-48.48750305175781,3.375000238418579,20.231250762939453,1001.3499755859375,158.6211032515347,78.43210922281112,117.60350895370539,11.567890777188879,27.123557925915502,9.4709332415122,29.314308017283608,0.24873188360454335,9.47093324151217,0.8632635933329647
1744177362044,1744177361240,8.960522651672363,1.8340985774993896,-4.685146808624268,1744177361326,-0.07101303339004517,0.028099779039621353,0.16157373785972595,1744177361203,-48.48750305175781,3.375000238418579,20.231250762939453,1001.3499755859375,158.6211032515347,78.43210922281112,117.60350895370539,11.567890777188879,27.123557925915502,9.4709332415122,29.314308017283608,0.17871351728197465,9.47093324151217,0.8632635933329647
1744177362044,1744177361378,8.408976554870605,2.375474691390991,-4.83051061630249,1744177361326,-0.07101303339004517,0.028099779039621353,0.16157373785972595,1744177361203,-48.48750305175781,3.375000238418579,20.231250762939453,1001.3499755859375,153.81366838828663,74.22540012876009,119.87508057165714,15.774599871239907,28.934363461746027,9.4709332415122,32.62531972674843,0.17871351728197465,9.47093324151217,0.8632635933329647
1744177362087,1744177361378,8.408976554870605,2.375474691390991,-4.83051061630249,1744177361326,-0.07101303339004517,0.028099779039621353,0.16157373785972595,1744177361403,-49.20000076293945,2.1000001430511475,20.475000381469727,1001.3499755859375,153.81366838828663,74.22540012876009,119.87508057165714,15.774599871239907,28.934363461746027,5.856013873220793,32.62531972674843,0.17871351728197465,5.856013873220775,0.8632635933329647
1744177362123,1744177361378,8.408976554870605,2.375474691390991,-4.83051061630249,1744177361326,-0.07101303339004517,0.028099779039621353,0.16157373785972595,1744177361403,-49.20000076293945,2.1000001430511475,20.475000381469727,1001.3462524414062,153.81366838828663,74.22540012876009,119.87508057165714,15.774599871239907,28.934363461746027,5.856013873220793,32.62531972674843,0.17871351728197465,5.856013873220775,0.8946282986454535
1744177362133,1744177361378,8.408976554870605,2.375474691390991,-4.83051061630249,1744177361430,0.06963858753442764,0.07635809481143951,0.19608759880065918,1744177361403,-49.20000076293945,2.1000001430511475,20.475000381469727,1001.3462524414062,153.81366838828663,74.22540012876009,119.87508057165714,15.774599871239907,28.934363461746027,5.856013873220793,32.62531972674843,0.2216538696265671,5.856013873220775,0.8946282986454535
1744177362196,1744177361517,7.837690353393555,2.9934210777282715,-4.934598445892334,1744177361430,0.06963858753442764,0.07635809481143951,0.19608759880065918,1744177361403,-49.20000076293945,2.1000001430511475,20.475000381469727,1001.3462524414062,148.7582048919933,69.0968217883635,122.19445852887823,20.9031782116365,30.462395914560965,5.856013873220793,36.367355089982645,0.2216538696265671,5.856013873220775,0.8946282986454535
1744177362214,1744177361517,7.837690353393555,2.9934210777282715,-4.934598445892334,1744177361430,0.06963858753442764,0.07635809481143951,0.19608759880065918,1744177361503,-49.781253814697266,1.725000023841858,21.1875,1001.3462524414062,148.7582048919933,69.0968217883635,122.19445852887823,20.9031782116365,30.462395914560965,4.654523056688569,36.367355089982645,0.2216538696265671,4.654523056688561,0.8946282986454535
1744177362235,1744177361517,7.837690353393555,2.9934210777282715,-4.934598445892334,1744177361533,0.15577052533626556,0.005345067009329796,0.0668896958231926,1744177361503,-49.781253814697266,1.725000023841858,21.1875,1001.3462524414062,148.7582048919933,69.0968217883635,122.19445852887823,20.9031782116365,30.462395914560965,4.654523056688569,36.367355089982645,0.16960913216035747,4.654523056688561,0.8946282986454535
1744177362284,1744177361517,7.837690353393555,2.9934210777282715,-4.934598445892334,1744177361533,0.15577052533626556,0.005345067009329796,0.0668896958231926,1744177361503,-49.781253814697266,1.725000023841858,21.1875,1001.34375,148.7582048919933,69.0968217883635,122.19445852887823,20.9031782116365,30.462395914560965,4.654523056688569,36.367355089982645,0.16960913216035747,4.654523056688561,0.9157095470851206
1744177362333,1744177361517,7.837690353393555,2.9934210777282715,-4.934598445892334,1744177361637,0.03711003437638283,-0.22159120440483093,-0.187382772564888,1744177361503,-49.781253814697266,1.725000023841858,21.1875,1001.34375,148.7582048919933,69.0968217883635,122.19445852887823,20.9031782116365,30.462395914560965,4.654523056688569,36.367355089982645,0.29256130977131,4.654523056688561,0.9157095470851206
1744177362333,1744177361655,8.732605934143066,2.6189444065093994,-4.244867324829102,1744177361637,0.03711003437638283,-0.22159120440483093,-0.187382772564888,1744177361503,-49.781253814697266,1.725000023841858,21.1875,1001.34375,148.32677046613387,73.30579637565704,115.92410836985768,16.69420362434296,24.96696442226866,4.654523056688569,29.733510592637863,0.29256130977131,4.654523056688561,0.9157095470851206
1744177362393,1744177361655,8.732605934143066,2.6189444065093994,-4.244867324829102,1744177361637,0.03711003437638283,-0.22159120440483093,-0.187382772564888,1744177361703,-49.01250076293945,1.6125000715255737,19.42500114440918,1001.34375,148.32677046613387,73.30579637565704,115.92410836985768,16.69420362434296,24.96696442226866,4.7453333370724895,29.733510592637863,0.29256130977131,4.745333337072509,0.9157095470851206
1744177362433,1744177361655,8.732605934143066,2.6189444065093994,-4.244867324829102,1744177361637,0.03711003437638283,-0.22159120440483093,-0.187382772564888,1744177361703,-49.01250076293945,1.6125000715255737,19.42500114440918,1001.3424682617188,148.32677046613387,73.30579637565704,115.92410836985768,16.69420362434296,24.96696442226866,4.7453333370724895,29.733510592637863,0.29256130977131,4.745333337072509,0.9265072762163118
1744177362452,1744177361655,8.732605934143066,2.6189444065093994,-4.244867324829102,1744177361742,0.21975859999656677,-0.08689551800489426,-0.08002328872680664,1744177361703,-49.01250076293945,1.6125000715255737,19.42500114440918,1001.3424682617188,148.32677046613387,73.30579637565704,115.92410836985768,16.69420362434296,24.96696442226866,4.7453333370724895,29.733510592637863,0.24949629267875664,4.745333337072509,0.9265072762163118
1744177362513,1744177361794,8.662615776062012,3.0586254596710205,-3.700500249862671,1744177361742,0.21975859999656677,-0.08689551800489426,-0.08002328872680664,1744177361703,-49.01250076293945,1.6125000715255737,19.42500114440918,1001.3424682617188,140.42477817472144,70.55272150889684,113.1312270316516,19.44727849110316,21.940023250496058,4.7453333370724895,28.995748819989867,0.24949629267875664,4.745333337072509,0.9265072762163118
1744177362578,1744177361794,8.662615776062012,3.0586254596710205,-3.700500249862671,1744177361846,-0.009315688163042068,-0.02367101050913334,0.008399390615522861,1744177361703,-49.01250076293945,1.6125000715255737,19.42500114440918,1001.3424682617188,140.42477817472144,70.55272150889684,113.1312270316516,19.44727849110316,21.940023250496058,4.7453333370724895,28.995748819989867,0.02678896315997834,4.745333337072509,0.9265072762163118
1744177362592,1744177361794,8.662615776062012,3.0586254596710205,-3.700500249862671,1744177361846,-0.009315688163042068,-0.02367101050913334,0.008399390615522861,1744177361703,-49.01250076293945,1.6125000715255737,19.42500114440918,1001.3412475585938,140.42477817472144,70.55272150889684,113.1312270316516,19.44727849110316,21.940023250496058,4.7453333370724895,28.995748819989867,0.02678896315997834,4.745333337072509,0.9367908381755352
1744177362602,1744177361794,8.662615776062012,3.0586254596710205,-3.700500249862671,1744177361846,-0.009315688163042068,-0.02367101050913334,0.008399390615522861,1744177361903,-49.57500076293945,1.912500023841858,18.975000381469727,1001.3412475585938,140.42477817472144,70.55272150889684,113.1312270316516,19.44727849110316,21.940023250496058,5.755434234761365,28.995748819989867,0.02678896315997834,5.755434234761367,0.9367908381755352
1744177362602,1744177361932,8.501100540161133,3.0478577613830566,-4.171288013458252,1744177361846,-0.009315688163042068,-0.02367101050913334,0.008399390615522861,1744177361903,-49.57500076293945,1.912500023841858,18.975000381469727,1001.3412475585938,143.84531729318357,70.2759698883206,116.13608947811572,19.724030111679404,24.791639575673408,5.755434234761365,31.287191638237253,0.02678896315997834,5.755434234761367,0.9367908381755352
1744177362658,1744177361932,8.501100540161133,3.0478577613830566,-4.171288013458252,1744177361949,0.014813470654189587,0.0015271619195118546,0.04413498193025589,1744177361903,-49.57500076293945,1.912500023841858,18.975000381469727,1001.3412475585938,143.84531729318357,70.2759698883206,116.13608947811572,19.724030111679404,24.791639575673408,5.755434234761365,31.287191638237253,0.04657969263890604,5.755434234761367,0.9367908381755352
1744177362729,1744177361932,8.501100540161133,3.0478577613830566,-4.171288013458252,1744177361949,0.014813470654189587,0.0015271619195118546,0.04413498193025589,1744177362003,-50.41875076293945,1.6875001192092896,19.275001525878906,1001.3412475585938,143.84531729318357,70.2759698883206,116.13608947811572,19.724030111679404,24.791639575673408,5.003410129146338,31.287191638237253,0.04657969263890604,5.003410129146346,0.9367908381755352
1744177362737,1744177361932,8.501100540161133,3.0478577613830566,-4.171288013458252,1744177362054,0.10186170041561127,0.0386371985077858,0.0256563201546669,1744177362003,-50.41875076293945,1.6875001192092896,19.275001525878906,1001.3412475585938,143.84531729318357,70.2759698883206,116.13608947811572,19.724030111679404,24.791639575673408,5.003410129146338,31.287191638237253,0.11192357161906759,5.003410129146346,0.9367908381755352
1744177362750,1744177362071,8.578269004821777,3.205185890197754,-4.0558342933654785,1744177362054,0.10186170041561127,0.0386371985077858,0.0256563201546669,1744177362003,-50.41875076293945,1.6875001192092896,19.275001525878906,1001.3412475585938,141.68189942796738,69.51229216071278,115.30494109846266,20.487707839287232,23.888421491916098,5.003410129146338,31.07397679369532,0.11192357161906759,5.003410129146346,0.9367908381755352
1744177362779,1744177362071,8.578269004821777,3.205185890197754,-4.0558342933654785,1744177362054,0.10186170041561127,0.0386371985077858,0.0256563201546669,1744177362003,-50.41875076293945,1.6875001192092896,19.275001525878906,1001.3412475585938,141.68189942796738,69.51229216071278,115.30494109846266,20.487707839287232,23.888421491916098,5.003410129146338,31.07397679369532,0.11192357161906759,5.003410129146346,0.9367908381755352
1744177362789,1744177362071,8.578269004821777,3.205185890197754,-4.0558342933654785,1744177362054,0.10186170041561127,0.0386371985077858,0.0256563201546669,1744177362103,-51.78750228881836,2.0062501430511475,20.043750762939453,1001.3412475585938,141.68189942796738,69.51229216071278,115.30494109846266,20.487707839287232,23.888421491916098,5.715899965053521,31.07397679369532,0.11192357161906759,5.715899965053495,0.9367908381755352
1744177362842,1744177362071,8.578269004821777,3.205185890197754,-4.0558342933654785,1744177362158,-0.009315688163042068,0.027336198836565018,0.025503603741526604,1744177362103,-51.78750228881836,2.0062501430511475,20.043750762939453,1001.3412475585938,141.68189942796738,69.51229216071278,115.30494109846266,20.487707839287232,23.888421491916098,5.715899965053521,31.07397679369532,0.03852899708775289,5.715899965053495,0.9367908381755352
1744177362905,1744177362210,8.581260681152344,3.111267566680908,-4.113262176513672,1744177362158,-0.009315688163042068,0.027336198836565018,0.025503603741526604,1744177362103,-51.78750228881836,2.0062501430511475,20.043750762939453,1001.3412475585938,142.89617382296564,70.07111128056573,115.6098331801368,19.92888871943427,24.257598790049794,5.715899965053521,31.006238008435723,0.03852899708775289,5.715899965053495,0.9367908381755352
1744177362913,1744177362210,8.581260681152344,3.111267566680908,-4.113262176513672,1744177362158,-0.009315688163042068,0.027336198836565018,0.025503603741526604,1744177362103,-51.78750228881836,2.0062501430511475,20.043750762939453,1001.3424682617188,142.89617382296564,70.07111128056573,115.6098331801368,19.92888871943427,24.257598790049794,5.715899965053521,31.006238008435723,0.03852899708775289,5.715899965053495,0.9265072762163118
1744177362943,1744177362210,8.581260681152344,3.111267566680908,-4.113262176513672,1744177362262,-0.043829549103975296,0.01649334840476513,0.08720094710588455,1744177362103,-51.78750228881836,2.0062501430511475,20.043750762939453,1001.3424682617188,142.89617382296564,70.07111128056573,115.6098331801368,19.92888871943427,24.257598790049794,5.715899965053521,31.006238008435723,0.09898012473432242,5.715899965053495,0.9265072762163118
1744177363019,1744177362210,8.581260681152344,3.111267566680908,-4.113262176513672,1744177362262,-0.043829549103975296,0.01649334840476513,0.08720094710588455,1744177362303,-50.962501525878906,1.2750000953674316,19.950000762939453,1001.3424682617188,142.89617382296564,70.07111128056573,115.6098331801368,19.92888871943427,24.257598790049794,3.6567872232972727,31.006238008435723,0.09898012473432242,3.656787223297272,0.9265072762163118
1744177363033,1744177362349,8.216354370117188,3.3469607830047607,-4.383052825927734,1744177362262,-0.043829549103975296,0.01649334840476513,0.08720094710588455,1744177362303,-50.962501525878906,1.2750000953674316,19.950000762939453,1001.3424682617188,142.63413763141415,67.83630277673075,118.07790035831803,22.16369722326925,26.29110464254396,3.6567872232972727,33.86955193594972,0.09898012473432242,3.656787223297272,0.9265072762163118
1744177363045,1744177362349,8.216354370117188,3.3469607830047607,-4.383052825927734,1744177362365,-0.024740023538470268,-0.02000582218170166,0.07116574794054031,1744177362303,-50.962501525878906,1.2750000953674316,19.950000762939453,1001.3424682617188,142.63413763141415,67.83630277673075,118.07790035831803,22.16369722326925,26.29110464254396,3.6567872232972727,33.86955193594972,0.07795425174925642,3.656787223297272,0.9265072762163118
1744177363087,1744177362349,8.216354370117188,3.3469607830047607,-4.383052825927734,1744177362365,-0.024740023538470268,-0.02000582218170166,0.07116574794054031,1744177362303,-50.962501525878906,1.2750000953674316,19.950000762939453,1001.34375,142.63413763141415,67.83630277673075,118.07790035831803,22.16369722326925,26.29110464254396,3.6567872232972727,33.86955193594972,0.07795425174925642,3.656787223297272,0.9157095470851206
1744177363111,1744177362349,8.216354370117188,3.3469607830047607,-4.383052825927734,1744177362365,-0.024740023538470268,-0.02000582218170166,0.07116574794054031,1744177362403,-50.75625228881836,0.75,19.42500114440918,1001.34375,142.63413763141415,67.83630277673075,118.07790035831803,22.16369722326925,26.29110464254396,2.2110938470354506,33.86955193594972,0.07795425174925642,2.2110938470354426,0.9157095470851206
1744177363189,1744177362349,8.216354370117188,3.3469607830047607,-4.383052825927734,1744177362470,0.023976443335413933,-0.02932151034474373,0.006108647678047419,1744177362403,-50.75625228881836,0.75,19.42500114440918,1001.34375,142.63413763141415,67.83630277673075,118.07790035831803,22.16369722326925,26.29110464254396,2.2110938470354506,33.86955193594972,0.038365823076896746,2.2110938470354426,0.9157095470851206
1744177363189,1744177362487,8.173882484436035,3.22552490234375,-4.211966037750244,1744177362470,0.023976443335413933,-0.02932151034474373,0.006108647678047419,1744177362403,-50.75625228881836,0.75,19.42500114440918,1001.34375,142.55509640370158,68.46513541855039,117.261854063475,21.53486458144961,25.609570159623456,2.2110938470354506,32.98507616919195,0.038365823076896746,2.2110938470354426,0.9157095470851206
1744177363192,1744177362487,8.173882484436035,3.22552490234375,-4.211966037750244,1744177362470,0.023976443335413933,-0.02932151034474373,0.006108647678047419,1744177362503,-49.89375305175781,0.1875,19.23750114440918,1001.34375,142.55509640370158,68.46513541855039,117.261854063475,21.53486458144961,25.609570159623456,0.5584206814676775,32.98507616919195,0.038365823076896746,0.5584206814676804,0.9157095470851206
1744177363216,1744177362487,8.173882484436035,3.22552490234375,-4.211966037750244,1744177362470,0.023976443335413933,-0.02932151034474373,0.006108647678047419,1744177362503,-49.89375305175781,0.1875,19.23750114440918,1001.3424682617188,142.55509640370158,68.46513541855039,117.261854063475,21.53486458144961,25.609570159623456,0.5584206814676775,32.98507616919195,0.038365823076896746,0.5584206814676804,0.9265072762163118
1744177363291,1744177362487,8.173882484436035,3.22552490234375,-4.211966037750244,1744177362573,0.007330377586185932,-0.05558869615197182,-0.025503603741526604,1744177362503,-49.89375305175781,0.1875,19.23750114440918,1001.3424682617188,142.55509640370158,68.46513541855039,117.261854063475,21.53486458144961,25.609570159623456,0.5584206814676775,32.98507616919195,0.06159765725445338,0.5584206814676804,0.9265072762163118
1744177363311,1744177362487,8.173882484436035,3.22552490234375,-4.211966037750244,1744177362573,0.007330377586185932,-0.05558869615197182,-0.025503603741526604,1744177362603,-50.775001525878906,0.4125000238418579,19.462501525878906,1001.3424682617188,142.55509640370158,68.46513541855039,117.261854063475,21.53486458144961,25.609570159623456,1.2141796045356157,32.98507616919195,0.06159765725445338,1.214179604535616,0.9265072762163118
1744177363322,1744177362625,8.374878883361816,3.2057840824127197,-4.2000017166137695,1744177362573,0.007330377586185932,-0.05558869615197182,-0.025503603741526604,1744177362603,-50.775001525878906,0.4125000238418579,19.462501525878906,1001.3424682617188,142.64617166229496,69.05386745597096,116.63376461412132,20.946132544029034,25.09648115350354,1.2141796045356157,32.247578873226786,0.06159765725445338,1.214179604535616,0.9265072762163118
1744177363385,1744177362625,8.374878883361816,3.2057840824127197,-4.2000017166137695,1744177362678,0.019700389355421066,-0.03527744114398956,-0.02626718580722809,1744177362603,-50.775001525878906,0.4125000238418579,19.462501525878906,1001.3424682617188,142.64617166229496,69.05386745597096,116.63376461412132,20.946132544029034,25.09648115350354,1.2141796045356157,32.247578873226786,0.048193031079755505,1.214179604535616,0.9265072762163118
1744177363385,1744177362625,8.374878883361816,3.2057840824127197,-4.2000017166137695,1744177362678,0.019700389355421066,-0.03527744114398956,-0.02626718580722809,1744177362603,-50.775001525878906,0.4125000238418579,19.462501525878906,1001.3424682617188,142.64617166229496,69.05386745597096,116.63376461412132,20.946132544029034,25.09648115350354,1.2141796045356157,32.247578873226786,0.048193031079755505,1.214179604535616,0.9265072762163118
1744177363385,1744177362625,8.374878883361816,3.2057840824127197,-4.2000017166137695,1744177362678,0.019700389355421066,-0.03527744114398956,-0.02626718580722809,1744177362703,-50.51250076293945,0.65625,18.86250114440918,1001.3424682617188,142.64617166229496,69.05386745597096,116.63376461412132,20.946132544029034,25.09648115350354,1.9925881062290978,32.247578873226786,0.048193031079755505,1.9925881062291069,0.9265072762163118
1744177363431,1744177362764,8.358129501342773,3.197409152984619,-4.2550368309021,1744177362678,0.019700389355421066,-0.03527744114398956,-0.02626718580722809,1744177362703,-50.51250076293945,0.65625,18.86250114440918,1001.3424682617188,143.0772982457865,69.06560821383991,116.98017129430195,20.934391786160095,25.43037210713984,1.9925881062290978,32.48908342343062,0.048193031079755505,1.9925881062291069,0.9265072762163118
1744177363489,1744177362764,8.358129501342773,3.197409152984619,-4.2550368309021,1744177362781,0.03481929376721382,-0.03741546720266342,-0.055741410702466965,1744177362703,-50.51250076293945,0.65625,18.86250114440918,1001.3424682617188,143.0772982457865,69.06560821383991,116.98017129430195,20.934391786160095,25.43037210713984,1.9925881062290978,32.48908342343062,0.07562674970896353,1.9925881062291069,0.9265072762163118
1744177363489,1744177362764,8.358129501342773,3.197409152984619,-4.2550368309021,1744177362781,0.03481929376721382,-0.03741546720266342,-0.055741410702466965,1744177362803,-51.093753814697266,0.675000011920929,18.9375,1001.3424682617188,143.0772982457865,69.06560821383991,116.98017129430195,20.934391786160095,25.43037210713984,2.0413616412089497,32.48908342343062,0.07562674970896353,2.041361641208937,0.9265072762163118
1744177363536,1744177362764,8.358129501342773,3.197409152984619,-4.2550368309021,1744177362781,0.03481929376721382,-0.03741546720266342,-0.055741410702466965,1744177362803,-51.093753814697266,0.675000011920929,18.9375,1001.3424682617188,143.0772982457865,69.06560821383991,116.98017129430195,20.934391786160095,25.43037210713984,2.0413616412089497,32.48908342343062,0.07562674970896353,2.041361641208937,0.9265072762163118
1744177363567,1744177362764,8.358129501342773,3.197409152984619,-4.2550368309021,1744177362886,-0.022449281066656113,-0.05513054504990578,-0.008246674202382565,1744177362803,-51.093753814697266,0.675000011920929,18.9375,1001.3424682617188,143.0772982457865,69.06560821383991,116.98017129430195,20.934391786160095,25.43037210713984,2.0413616412089497,32.48908342343062,0.06009454928119236,2.041361641208937,0.9265072762163118
1744177363578,1744177362903,8.35274600982666,3.1926236152648926,-3.9565322399139404,1744177362886,-0.022449281066656113,-0.05513054504990578,-0.008246674202382565,1744177362803,-51.093753814697266,0.675000011920929,18.9375,1001.3424682617188,141.09908295831718,69.08192233393862,115.34599857092357,20.91807766606138,23.86752284686025,2.0413616412089497,31.327259469935395,0.06009454928119236,2.041361641208937,0.9265072762163118
1744177363641,1744177362903,8.35274600982666,3.1926236152648926,-3.9565322399139404,1744177362886,-0.022449281066656113,-0.05513054504990578,-0.008246674202382565,1744177362903,-50.85000228881836,1.068750023841858,18.431251525878906,1001.3424682617188,141.09908295831718,69.08192233393862,115.34599857092357,20.91807766606138,23.86752284686025,3.3186228721160154,31.327259469935395,0.06009454928119236,3.318622872116009,0.9265072762163118
1744177363698,1744177362903,8.35274600982666,3.1926236152648926,-3.9565322399139404,1744177362989,-0.043982263654470444,-0.06368265300989151,0.000305432389723137,1744177362903,-50.85000228881836,1.068750023841858,18.431251525878906,1001.3424682617188,141.09908295831718,69.08192233393862,115.34599857092357,20.91807766606138,23.86752284686025,3.3186228721160154,31.327259469935395,0.07739517491093542,3.318622872116009,0.9265072762163118
1744177363718,1744177362903,8.35274600982666,3.1926236152648926,-3.9565322399139404,1744177362989,-0.043982263654470444,-0.06368265300989151,0.000305432389723137,1744177362903,-50.85000228881836,1.068750023841858,18.431251525878906,1001.34375,141.09908295831718,69.08192233393862,115.34599857092357,20.91807766606138,23.86752284686025,3.3186228721160154,31.327259469935395,0.07739517491093542,3.318622872116009,0.9157095470851206
1744177363728,1744177363042,8.37547779083252,3.177070379257202,-4.154538154602051,1744177362989,-0.043982263654470444,-0.06368265300989151,0.000305432389723137,1744177362903,-50.85000228881836,1.068750023841858,18.431251525878906,1001.34375,142.5940288722064,69.22675848819911,116.38306495352468,20.773241511800897,24.88136878927259,3.3186228721160154,31.98288691287813,0.07739517491093542,3.318622872116009,0.9157095470851206
1744177363781,1744177363042,8.37547779083252,3.177070379257202,-4.154538154602051,1744177363094,0.0461202897131443,-0.08048143237829208,-0.050090912729501724,1744177362903,-50.85000228881836,1.068750023841858,18.431251525878906,1001.34375,142.5940288722064,69.22675848819911,116.38306495352468,20.773241511800897,24.88136878927259,3.3186228721160154,31.98288691287813,0.10542030932870822,3.318622872116009,0.9157095470851206
1744177363830,1744177363042,8.37547779083252,3.177070379257202,-4.154538154602051,1744177363094,0.0461202897131443,-0.08048143237829208,-0.050090912729501724,1744177363103,-50.962501525878906,0.9375000596046448,17.55000114440918,1001.34375,142.5940288722064,69.22675848819911,116.38306495352468,20.773241511800897,24.88136878927259,3.0577656728319402,31.98288691287813,0.10542030932870822,3.05776567283192,0.9157095470851206
1744177363877,1744177363180,8.553144454956055,2.956930637359619,-3.9864425659179688,1744177363094,0.0461202897131443,-0.08048143237829208,-0.050090912729501724,1744177363103,-50.962501525878906,0.9375000596046448,17.55000114440918,1001.34375,143.43394576413,70.92908249760258,114.9892463947645,19.07091750239743,23.773413113801265,3.0577656728319402,30.126555855746226,0.10542030932870822,3.05776567283192,0.9157095470851206
1744177363882,1744177363180,8.553144454956055,2.956930637359619,-3.9864425659179688,1744177363094,0.0461202897131443,-0.08048143237829208,-0.050090912729501724,1744177363103,-50.962501525878906,0.9375000596046448,17.55000114440918,1001.3424682617188,143.43394576413,70.92908249760258,114.9892463947645,19.07091750239743,23.773413113801265,3.0577656728319402,30.126555855746226,0.10542030932870822,3.05776567283192,0.9265072762163118
1744177363882,1744177363180,8.553144454956055,2.956930637359619,-3.9864425659179688,1744177363198,0.0412333719432354,-0.07803797721862793,0.010537417605519295,1744177363103,-50.962501525878906,0.9375000596046448,17.55000114440918,1001.3424682617188,143.43394576413,70.92908249760258,114.9892463947645,19.07091750239743,23.773413113801265,3.0577656728319402,30.126555855746226,0.08888843580566255,3.05776567283192,0.9265072762163118
1744177363885,1744177363180,8.553144454956055,2.956930637359619,-3.9864425659179688,1744177363198,0.0412333719432354,-0.07803797721862793,0.010537417605519295,1744177363203,-51.73125076293945,1.0875000953674316,17.418750762939453,1001.3424682617188,143.43394576413,70.92908249760258,114.9892463947645,19.07091750239743,23.773413113801265,3.5724948464129214,30.126555855746226,0.08888843580566255,3.5724948464128943,0.9265072762163118
1744177363997,1744177363180,8.553144454956055,2.956930637359619,-3.9864425659179688,1744177363301,0.10858121514320374,-0.09544762223958969,0.0062613640911877155,1744177363203,-51.73125076293945,1.0875000953674316,17.418750762939453,1001.3424682617188,143.43394576413,70.92908249760258,114.9892463947645,19.07091750239743,23.773413113801265,3.5724948464129214,30.126555855746226,0.1447042969418964,3.5724948464128943,0.9265072762163118
1744177364012,1744177363319,8.441878318786621,3.1663026809692383,-3.957728624343872,1744177363301,0.10858121514320374,-0.09544762223958969,0.0062613640911877155,1744177363203,-51.73125076293945,1.0875000953674316,17.418750762939453,1001.3424682617188,141.33913440244157,69.44039471618447,115.11816323128862,20.559605283815543,23.699572840067493,3.5724948464129214,30.98028947507164,0.1447042969418964,3.5724948464128943,0.9265072762163118
1744177364036,1744177363319,8.441878318786621,3.1663026809692383,-3.957728624343872,1744177363301,0.10858121514320374,-0.09544762223958969,0.0062613640911877155,1744177363203,-51.73125076293945,1.0875000953674316,17.418750762939453,1001.3424682617188,141.33913440244157,69.44039471618447,115.11816323128862,20.559605283815543,23.699572840067493,3.5724948464129214,30.98028947507164,0.1447042969418964,3.5724948464128943,0.9265072762163118
1744177364090,1744177363319,8.441878318786621,3.1663026809692383,-3.957728624343872,1744177363301,0.10858121514320374,-0.09544762223958969,0.0062613640911877155,1744177363403,-54.63750076293945,1.4812500476837158,18.618751525878906,1001.3424682617188,141.33913440244157,69.44039471618447,115.11816323128862,20.559605283815543,23.699572840067493,4.5486937385792166,30.98028947507164,0.1447042969418964,4.548693738579232,0.9265072762163118
1744177364100,1744177363319,8.441878318786621,3.1663026809692383,-3.957728624343872,1744177363406,0.1288924664258957,-0.14950916171073914,-0.053756099194288254,1744177363403,-54.63750076293945,1.4812500476837158,18.618751525878906,1001.3424682617188,141.33913440244157,69.44039471618447,115.11816323128862,20.559605283815543,23.699572840067493,4.5486937385792166,30.98028947507164,0.204587329855455,4.548693738579232,0.9265072762163118
1744177364123,1744177363458,8.748159408569336,3.0209386348724365,-3.9589250087738037,1744177363406,0.1288924664258957,-0.14950916171073914,-0.053756099194288254,1744177363403,-54.63750076293945,1.4812500476837158,18.618751525878906,1001.3424682617188,142.6538177668322,70.94904100212025,114.34883326745462,19.050958997879764,23.15917237752285,4.5486937385792166,29.650623978326255,0.204587329855455,4.548693738579232,0.9265072762163118
1744177364176,1744177363458,8.748159408569336,3.0209386348724365,-3.9589250087738037,1744177363406,0.1288924664258957,-0.14950916171073914,-0.053756099194288254,1744177363403,-54.63750076293945,1.4812500476837158,18.618751525878906,1001.3424682617188,142.6538177668322,70.94904100212025,114.34883326745462,19.050958997879764,23.15917237752285,4.5486937385792166,29.650623978326255,0.204587329855455,4.548693738579232,0.9265072762163118
1744177364194,1744177363458,8.748159408569336,3.0209386348724365,-3.9589250087738037,1744177363406,0.1288924664258957,-0.14950916171073914,-0.053756099194288254,1744177363503,-55.91250228881836,0.956250011920929,17.943750381469727,1001.3424682617188,142.6538177668322,70.94904100212025,114.34883326745462,19.050958997879764,23.15917237752285,3.050494467369478,29.650623978326255,0.204587329855455,3.0504944673695036,0.9265072762163118
1744177364203,1744177363458,8.748159408569336,3.0209386348724365,-3.9589250087738037,1744177363509,0.4903717041015625,-0.2078467458486557,0.020922118797898293,1744177363503,-55.91250228881836,0.956250011920929,17.943750381469727,1001.3424682617188,142.6538177668322,70.94904100212025,114.34883326745462,19.050958997879764,23.15917237752285,3.050494467369478,29.650623978326255,0.533012582401522,3.0504944673695036,0.9265072762163118
1744177364266,1744177363597,8.176873207092285,3.3828530311584473,-3.9559340476989746,1744177363509,0.4903717041015625,-0.2078467458486557,0.020922118797898293,1744177363503,-55.91250228881836,0.956250011920929,17.943750381469727,1001.3424682617188,139.46512810582317,67.52463818502287,115.81748585411275,22.475361814977134,24.08694911472246,3.050494467369478,32.47936756869628,0.533012582401522,3.0504944673695036,0.9265072762163118
1744177364292,1744177363597,8.176873207092285,3.3828530311584473,-3.9559340476989746,1744177363509,0.4903717041015625,-0.2078467458486557,0.020922118797898293,1744177363603,-56.28750228881836,0.581250011920929,16.912500381469727,1001.3424682617188,139.46512810582317,67.52463818502287,115.81748585411275,22.475361814977134,24.08694911472246,1.9683706658442188,32.47936756869628,0.533012582401522,1.9683706658441906,0.9265072762163118
1744177364305,1744177363597,8.176873207092285,3.3828530311584473,-3.9559340476989746,1744177363614,1.2831214666366577,-0.32971426844596863,-0.2098320573568344,1744177363603,-56.28750228881836,0.581250011920929,16.912500381469727,1001.3424682617188,139.46512810582317,67.52463818502287,115.81748585411275,22.475361814977134,24.08694911472246,1.9683706658442188,32.47936756869628,1.3413208748302061,1.9683706658441906,0.9265072762163118
1744177364368,1744177363597,8.176873207092285,3.3828530311584473,-3.9559340476989746,1744177363614,1.2831214666366577,-0.32971426844596863,-0.2098320573568344,1744177363603,-56.28750228881836,0.581250011920929,16.912500381469727,1001.34375,139.46512810582317,67.52463818502287,115.81748585411275,22.475361814977134,24.08694911472246,1.9683706658442188,32.47936756869628,1.3413208748302061,1.9683706658441906,0.9157095470851206
1744177364401,1744177363597,8.176873207092285,3.3828530311584473,-3.9559340476989746,1744177363718,2.1392483711242676,-0.5613847374916077,-0.5320632457733154,1744177363603,-56.28750228881836,0.581250011920929,16.912500381469727,1001.34375,139.46512810582317,67.52463818502287,115.81748585411275,22.475361814977134,24.08694911472246,1.9683706658442188,32.47936756869628,2.2747808057808974,1.9683706658441906,0.9157095470851206
1744177364408,1744177363736,8.909076690673828,2.991626501083374,-2.0333011150360107,1744177363718,2.1392483711242676,-0.5613847374916077,-0.5320632457733154,1744177363603,-56.28750228881836,0.581250011920929,16.912500381469727,1001.34375,124.20253951607647,71.43818837970954,102.85630233948885,18.561811620290456,12.208108778644355,1.9683706658442188,22.097791740541492,2.2747808057808974,1.9683706658441906,0.9157095470851206
1744177364481,1744177363736,8.909076690673828,2.991626501083374,-2.0333011150360107,1744177363718,2.1392483711242676,-0.5613847374916077,-0.5320632457733154,1744177363803,-52.462501525878906,1.3125,9.28125,1001.34375,124.20253951607647,71.43818837970954,102.85630233948885,18.561811620290456,12.208108778644355,8.049061701674503,22.097791740541492,2.2747808057808974,8.049061701674532,0.9157095470851206
1744177364534,1744177363736,8.909076690673828,2.991626501083374,-2.0333011150360107,1744177363718,2.1392483711242676,-0.5613847374916077,-0.5320632457733154,1744177363803,-52.462501525878906,1.3125,9.28125,1001.344970703125,124.20253951607647,71.43818837970954,102.85630233948885,18.561811620290456,12.208108778644355,8.049061701674503,22.097791740541492,2.2747808057808974,8.049061701674532,0.9054260059295793
1744177364534,1744177363736,8.909076690673828,2.991626501083374,-2.0333011150360107,1744177363821,2.445138931274414,-0.38072147965431213,-0.42195484042167664,1744177363803,-52.462501525878906,1.3125,9.28125,1001.344970703125,124.20253951607647,71.43818837970954,102.85630233948885,18.561811620290456,12.208108778644355,8.049061701674503,22.097791740541492,2.510318530716617,8.049061701674532,0.9054260059295793
1744177364583,1744177363874,9.029914855957031,2.060220241546631,-0.7136593461036682,1744177363821,2.445138931274414,-0.38072147965431213,-0.42195484042167664,1744177363803,-52.462501525878906,1.3125,9.28125,1001.344970703125,109.10606203784758,77.14767533365483,94.51885228949435,12.852324666345167,4.406091274113685,8.049061701674503,13.574573670718678,2.510318530716617,8.049061701674532,0.9054260059295793
1744177364593,1744177363874,9.029914855957031,2.060220241546631,-0.7136593461036682,1744177363821,2.445138931274414,-0.38072147965431213,-0.42195484042167664,1744177363903,-52.968753814697266,2.7562501430511475,8.11875057220459,1001.344970703125,109.10606203784758,77.14767533365483,94.51885228949435,12.852324666345167,4.406091274113685,18.751934363021874,13.574573670718678,2.510318530716617,18.75193436302186,0.9054260059295793
1744177364640,1744177363874,9.029914855957031,2.060220241546631,-0.7136593461036682,1744177363926,3.0976953506469727,-0.281914085149765,-0.1798996776342392,1744177363903,-52.968753814697266,2.7562501430511475,8.11875057220459,1001.344970703125,109.10606203784758,77.14767533365483,94.51885228949435,12.852324666345167,4.406091274113685,18.751934363021874,13.574573670718678,3.1156950959358336,18.75193436302186,0.9054260059295793
1744177364675,1744177363874,9.029914855957031,2.060220241546631,-0.7136593461036682,1744177363926,3.0976953506469727,-0.281914085149765,-0.1798996776342392,1744177363903,-52.968753814697266,2.7562501430511475,8.11875057220459,1001.3462524414062,109.10606203784758,77.14767533365483,94.51885228949435,12.852324666345167,4.406091274113685,18.751934363021874,13.574573670718678,3.1156950959358336,18.75193436302186,0.8946282986454535
1744177364684,1744177364013,9.527023315429688,1.0911271572113037,0.9780662655830383,1744177363926,3.0976953506469727,-0.281914085149765,-0.1798996776342392,1744177363903,-52.968753814697266,2.7562501430511475,8.11875057220459,1001.3462524414062,48.12753592100402,83.4663993023278,84.13841790819708,6.533600697672209,-5.823775373717965,18.751934363021874,8.743972703126538,3.1156950959358336,18.75193436302186,0.8946282986454535
1744177364734,1744177364013,9.527023315429688,1.0911271572113037,0.9780662655830383,1744177364029,3.1783294677734375,0.13820815086364746,0.4535670876502991,1744177363903,-52.968753814697266,2.7562501430511475,8.11875057220459,1001.3462524414062,48.12753592100402,83.4663993023278,84.13841790819708,6.533600697672209,-5.823775373717965,18.751934363021874,8.743972703126538,3.2135031977083366,18.75193436302186,0.8946282986454535
1744177364796,1744177364013,9.527023315429688,1.0911271572113037,0.9780662655830383,1744177364029,3.1783294677734375,0.13820815086364746,0.4535670876502991,1744177364103,-53.250003814697266,-1.6687500476837158,7.725000381469727,1001.3462524414062,48.12753592100402,83.4663993023278,84.13841790819708,6.533600697672209,-5.823775373717965,-12.189695898202165,8.743972703126538,3.2135031977083366,347.81030410179784,0.8946282986454535
1744177364818,1744177364013,9.527023315429688,1.0911271572113037,0.9780662655830383,1744177364134,2.673602342605591,-0.01802051067352295,0.401949018239975,1744177364103,-53.250003814697266,-1.6687500476837158,7.725000381469727,1001.3462524414062,48.12753592100402,83.4663993023278,84.13841790819708,6.533600697672209,-5.823775373717965,-12.189695898202165,8.743972703126538,2.7037080534804634,347.81030410179784,0.8946282986454535
1744177364823,1744177364151,8.769096374511719,1.5409778356552124,3.463610887527466,1744177364134,2.673602342605591,-0.01802051067352295,0.401949018239975,1744177364103,-53.250003814697266,-1.6687500476837158,7.725000381469727,1001.3462524414062,23.984520921594513,80.03327451916846,68.44700976670774,9.966725480831549,-21.25694933571215,-12.189695898202165,23.379147158430335,2.7037080534804634,347.81030410179784,0.8946282986454535
1744177364879,1744177364151,8.769096374511719,1.5409778356552124,3.463610887527466,1744177364134,2.673602342605591,-0.01802051067352295,0.401949018239975,1744177364103,-53.250003814697266,-1.6687500476837158,7.725000381469727,1001.3487548828125,23.984520921594513,80.03327451916846,68.44700976670774,9.966725480831549,-21.25694933571215,-12.189695898202165,23.379147158430335,2.7037080534804634,347.81030410179784,0.8735470928663769
1744177364916,1744177364151,8.769096374511719,1.5409778356552124,3.463610887527466,1744177364134,2.673602342605591,-0.01802051067352295,0.401949018239975,1744177364203,-52.500003814697266,-3.9937500953674316,5.418750286102295,1001.3487548828125,23.984520921594513,80.03327451916846,68.44700976670774,9.966725480831549,-21.25694933571215,-36.39111318419575,23.379147158430335,2.7037080534804634,323.6088868158042,0.8735470928663769
1744177364948,1744177364151,8.769096374511719,1.5409778356552124,3.463610887527466,1744177364237,1.9477423429489136,-0.33857181668281555,0.4292852282524109,1744177364203,-52.500003814697266,-3.9937500953674316,5.418750286102295,1001.3487548828125,23.984520921594513,80.03327451916846,68.44700976670774,9.966725480831549,-21.25694933571215,-36.39111318419575,23.379147158430335,2.0230217291872448,323.6088868158042,0.8735470928663769
1744177364975,1744177364290,9.10409164428711,1.0707881450653076,2.956930637359619,1744177364237,1.9477423429489136,-0.33857181668281555,0.4292852282524109,1744177364203,-52.500003814697266,-3.9937500953674316,5.418750286102295,1001.3487548828125,19.906753026547083,83.29191036037197,72.00664933209846,6.70808963962802,-17.87803665935985,-36.39111318419575,19.056531318842797,2.0230217291872448,323.6088868158042,0.8735470928663769
1744177364981,1744177364290,9.10409164428711,1.0707881450653076,2.956930637359619,1744177364237,1.9477423429489136,-0.33857181668281555,0.4292852282524109,1744177364203,-52.500003814697266,-3.9937500953674316,5.418750286102295,1001.3536987304688,19.906753026547083,83.29191036037197,72.00664933209846,6.70808963962802,-17.87803665935985,-36.39111318419575,19.056531318842797,2.0230217291872448,323.6088868158042,0.8318989824466516
1744177365023,1744177364290,9.10409164428711,1.0707881450653076,2.956930637359619,1744177364237,1.9477423429489136,-0.33857181668281555,0.4292852282524109,1744177364303,-52.087501525878906,-6.937500476837158,2.8312501907348633,1001.3536987304688,19.906753026547083,83.29191036037197,72.00664933209846,6.70808963962802,-17.87803665935985,-67.79923051562045,19.056531318842797,2.0230217291872448,292.2007694843795,0.8318989824466516
1744177365050,1744177364290,9.10409164428711,1.0707881450653076,2.956930637359619,1744177364342,2.305556297302246,0.11438442766666412,0.6143772602081299,1744177364303,-52.087501525878906,-6.937500476837158,2.8312501907348633,1001.3536987304688,19.906753026547083,83.29191036037197,72.00664933209846,6.70808963962802,-17.87803665935985,-67.79923051562045,19.056531318842797,2.388751359012386,292.2007694843795,0.8318989824466516
1744177365114,1744177364428,8.781659126281738,0.5880361795425415,4.875376224517822,1744177364342,2.305556297302246,0.11438442766666412,0.6143772602081299,1744177364303,-52.087501525878906,-6.937500476837158,2.8312501907348633,1001.3536987304688,6.877422741956417,86.16908732283387,60.961967454606736,3.8309126771661295,-28.983673869400224,-67.79923051562045,29.21395506793315,2.388751359012386,292.2007694843795,0.8318989824466516
1744177365156,1744177364428,8.781659126281738,0.5880361795425415,4.875376224517822,1744177364445,1.6759074926376343,-0.14172062277793884,0.3640754222869873,1744177364303,-52.087501525878906,-6.937500476837158,2.8312501907348633,1001.3536987304688,6.877422741956417,86.16908732283387,60.961967454606736,3.8309126771661295,-28.983673869400224,-67.79923051562045,29.21395506793315,1.7208432734891859,292.2007694843795,0.8318989824466516
1744177365165,1744177364428,8.781659126281738,0.5880361795425415,4.875376224517822,1744177364445,1.6759074926376343,-0.14172062277793884,0.3640754222869873,1744177364303,-52.087501525878906,-6.937500476837158,2.8312501907348633,1001.3637084960938,6.877422741956417,86.16908732283387,60.961967454606736,3.8309126771661295,-28.983673869400224,-67.79923051562045,29.21395506793315,1.7208432734891859,292.2007694843795,0.7475749230080708
1744177365186,1744177364428,8.781659126281738,0.5880361795425415,4.875376224517822,1744177364445,1.6759074926376343,-0.14172062277793884,0.3640754222869873,1744177364503,-50.75625228881836,-11.34375,-2.0812501907348633,1001.3637084960938,6.877422741956417,86.16908732283387,60.961967454606736,3.8309126771661295,-28.983673869400224,-100.39649390900611,29.21395506793315,1.7208432734891859,259.6035060909939,0.7475749230080708
1744177365234,1744177364428,8.781659126281738,0.5880361795425415,4.875376224517822,1744177364550,1.0723731517791748,0.4433351159095764,0.0038179049734026194,1744177364503,-50.75625228881836,-11.34375,-2.0812501907348633,1001.3637084960938,6.877422741956417,86.16908732283387,60.961967454606736,3.8309126771661295,-28.983673869400224,-100.39649390900611,29.21395506793315,1.1604071604629749,259.6035060909939,0.7475749230080708
1744177365252,1744177364567,9.095717430114746,1.0115658044815063,5.0087761878967285,1744177364550,1.0723731517791748,0.4433351159095764,0.0038179049734026194,1744177364503,-50.75625228881836,-11.34375,-2.0812501907348633,1001.3637084960938,11.417799251274108,83.65401817593636,61.15956079629223,6.345981824063644,-28.69188352136449,-100.39649390900611,29.326935098634827,1.1604071604629749,259.6035060909939,0.7475749230080708
1744177365289,1744177364567,9.095717430114746,1.0115658044815063,5.0087761878967285,1744177364550,1.0723731517791748,0.4433351159095764,0.0038179049734026194,1744177364603,-50.88750076293945,-10.537500381469727,-0.9750000238418579,1001.3637084960938,11.417799251274108,83.65401817593636,61.15956079629223,6.345981824063644,-28.69188352136449,-95.2863373002169,29.326935098634827,1.1604071604629749,264.7136626997831,0.7475749230080708
1744177365346,1744177364567,9.095717430114746,1.0115658044815063,5.0087761878967285,1744177364550,1.0723731517791748,0.4433351159095764,0.0038179049734026194,1744177364603,-50.88750076293945,-10.537500381469727,-0.9750000238418579,1001.3737182617188,11.417799251274108,83.65401817593636,61.15956079629223,6.345981824063644,-28.69188352136449,-95.2863373002169,29.326935098634827,1.1604071604629749,264.7136626997831,0.6632515460798805
1744177365366,1744177364567,9.095717430114746,1.0115658044815063,5.0087761878967285,1744177364654,0.9749401807785034,0.5471821427345276,0.18432845175266266,1744177364603,-50.88750076293945,-10.537500381469727,-0.9750000238418579,1001.3737182617188,11.417799251274108,83.65401817593636,61.15956079629223,6.345981824063644,-28.69188352136449,-95.2863373002169,29.326935098634827,1.133090301586552,264.7136626997831,0.6632515460798805
1744177365384,1744177364706,10.101301193237305,0.6538388133049011,3.8901314735412598,1744177364654,0.9749401807785034,0.5471821427345276,0.18432845175266266,1744177364603,-50.88750076293945,-10.537500381469727,-0.9750000238418579,1001.3737182617188,9.540886066821148,86.29651507556443,68.93770999004646,3.703484924435568,-21.022151452253627,-95.2863373002169,21.3313247817665,1.133090301586552,264.7136626997831,0.6632515460798805
1744177365453,1744177364706,10.101301193237305,0.6538388133049011,3.8901314735412598,1744177364757,0.401949018239975,0.07024945318698883,0.12660172581672668,1744177364603,-50.88750076293945,-10.537500381469727,-0.9750000238418579,1001.3737182617188,9.540886066821148,86.29651507556443,68.93770999004646,3.703484924435568,-21.022151452253627,-95.2863373002169,21.3313247817665,0.42723061210185337,264.7136626997831,0.6632515460798805
1744177365481,1744177364706,10.101301193237305,0.6538388133049011,3.8901314735412598,1744177364757,0.401949018239975,0.07024945318698883,0.12660172581672668,1744177364603,-50.88750076293945,-10.537500381469727,-0.9750000238418579,1001.3812255859375,9.540886066821148,86.29651507556443,68.93770999004646,3.703484924435568,-21.022151452253627,-95.2863373002169,21.3313247817665,0.42723061210185337,264.7136626997831,0.600009461270723
1744177365494,1744177364706,10.101301193237305,0.6538388133049011,3.8901314735412598,1744177364757,0.401949018239975,0.07024945318698883,0.12660172581672668,1744177364803,-50.64375305175781,-11.662500381469727,0.5437500476837158,1001.3812255859375,9.540886066821148,86.29651507556443,68.93770999004646,3.703484924435568,-21.022151452253627,-87.33058633785886,21.3313247817665,0.42723061210185337,272.66941366214115,0.600009461270723
1744177365554,1744177364844,9.698110580444336,0.9888339638710022,4.334598064422607,1744177364757,0.401949018239975,0.07024945318698883,0.12660172581672668,1744177364803,-50.64375305175781,-11.662500381469727,0.5437500476837158,1001.3812255859375,12.850738223239533,84.1781553040374,65.91760882626028,5.821844695962596,-23.972203666390282,-87.33058633785886,24.6283960178846,0.42723061210185337,272.66941366214115,0.600009461270723
1744177365560,1744177364844,9.698110580444336,0.9888339638710022,4.334598064422607,1744177364862,0.47494736313819885,0.14462223649024963,0.7000510096549988,1744177364803,-50.64375305175781,-11.662500381469727,0.5437500476837158,1001.3812255859375,12.850738223239533,84.1781553040374,65.91760882626028,5.821844695962596,-23.972203666390282,-87.33058633785886,24.6283960178846,0.8582319063973053,272.66941366214115,0.600009461270723
1744177365581,1744177364844,9.698110580444336,0.9888339638710022,4.334598064422607,1744177364862,0.47494736313819885,0.14462223649024963,0.7000510096549988,1744177364903,-50.83125305175781,-15.168750762939453,0.11250000447034836,1001.3812255859375,12.850738223239533,84.1781553040374,65.91760882626028,5.821844695962596,-23.972203666390282,-89.5750699993821,24.6283960178846,0.8582319063973053,270.4249300006179,0.600009461270723
1744177365655,1744177364844,9.698110580444336,0.9888339638710022,4.334598064422607,1744177364862,0.47494736313819885,0.14462223649024963,0.7000510096549988,1744177364903,-50.83125305175781,-15.168750762939453,0.11250000447034836,1001.3724975585938,12.850738223239533,84.1781553040374,65.91760882626028,5.821844695962596,-23.972203666390282,-89.5750699993821,24.6283960178846,0.8582319063973053,270.4249300006179,0.6735348481874814
1744177365655,1744177364844,9.698110580444336,0.9888339638710022,4.334598064422607,1744177364965,0.9776890873908997,0.4923570156097412,0.9046907424926758,1744177364903,-50.83125305175781,-15.168750762939453,0.11250000447034836,1001.3724975585938,12.850738223239533,84.1781553040374,65.91760882626028,5.821844695962596,-23.972203666390282,-89.5750699993821,24.6283960178846,1.4201256007745688,270.4249300006179,0.6735348481874814
1744177365655,1744177364983,9.003593444824219,1.92741858959198,2.8791637420654297,1744177364965,0.9776890873908997,0.4923570156097412,0.9046907424926758,1744177364903,-50.83125305175781,-15.168750762939453,0.11250000447034836,1001.3724975585938,33.799813923928106,77.91694266477063,72.26679431450509,12.083057335229368,-17.36418959876987,-89.5750699993821,21.047679003506023,1.4201256007745688,270.4249300006179,0.6735348481874814
1744177365678,1744177364983,9.003593444824219,1.92741858959198,2.8791637420654297,1744177364965,0.9776890873908997,0.4923570156097412,0.9046907424926758,1744177365003,-47.92500305175781,-19.23750114440918,0.01875000074505806,1001.3724975585938,33.799813923928106,77.91694266477063,72.26679431450509,12.083057335229368,-17.36418959876987,-89.9441561791048,21.047679003506023,1.4201256007745688,270.05584382089523,0.6735348481874814
1744177365770,1744177364983,9.003593444824219,1.92741858959198,2.8791637420654297,1744177365069,1.6725478172302246,0.6731730103492737,1.1184934377670288,1744177365003,-47.92500305175781,-19.23750114440918,0.01875000074505806,1001.3724975585938,33.799813923928106,77.91694266477063,72.26679431450509,12.083057335229368,-17.36418959876987,-89.9441561791048,21.047679003506023,2.1216987705874266,270.05584382089523,0.6735348481874814
1744177365801,1744177364983,9.003593444824219,1.92741858959198,2.8791637420654297,1744177365069,1.6725478172302246,0.6731730103492737,1.1184934377670288,1744177365003,-47.92500305175781,-19.23750114440918,0.01875000074505806,1001.3624877929688,33.799813923928106,77.91694266477063,72.26679431450509,12.083057335229368,-17.36418959876987,-89.9441561791048,21.047679003506023,2.1216987705874266,270.05584382089523,0.7578583083500867
1744177365810,1744177364983,9.003593444824219,1.92741858959198,2.8791637420654297,1744177365069,1.6725478172302246,0.6731730103492737,1.1184934377670288,1744177365103,-46.66875076293945,-24.150001525878906,-0.9187500476837158,1001.3624877929688,33.799813923928106,77.91694266477063,72.26679431450509,12.083057335229368,-17.36418959876987,-92.17868005071881,21.047679003506023,2.1216987705874266,267.8213199492812,0.7578583083500867
1744177365810,1744177365121,8.775676727294922,1.1515458822250366,2.650649309158325,1744177365069,1.6725478172302246,0.6731730103492737,1.1184934377670288,1744177365103,-46.66875076293945,-24.150001525878906,-0.9187500476837158,1001.3624877929688,23.482014336842045,82.52434931005509,73.19332087637935,7.475650689944911,-16.67178532374406,-92.17868005071881,18.227611151399252,2.1216987705874266,267.8213199492812,0.7578583083500867
1744177365889,1744177365121,8.775676727294922,1.1515458822250366,2.650649309158325,1744177365173,0.504421591758728,-0.04169152304530144,0.0769689604640007,1744177365103,-46.66875076293945,-24.150001525878906,-0.9187500476837158,1001.3624877929688,23.482014336842045,82.52434931005509,73.19332087637935,7.475650689944911,-16.67178532374406,-92.17868005071881,18.227611151399252,0.511960492812829,267.8213199492812,0.7578583083500867
1744177365895,1744177365121,8.775676727294922,1.1515458822250366,2.650649309158325,1744177365173,0.504421591758728,-0.04169152304530144,0.0769689604640007,1744177365203,-45.97500228881836,-25.912500381469727,-2.9250001907348633,1001.3624877929688,23.482014336842045,82.52434931005509,73.19332087637935,7.475650689944911,-16.67178532374406,-96.44027987737515,18.227611151399252,0.511960492812829,263.55972012262487,0.7578583083500867
1744177365929,1744177365260,10.381260871887207,1.332802176475525,3.5401811599731445,1744177365173,0.504421591758728,-0.04169152304530144,0.0769689604640007,1744177365203,-45.97500228881836,-25.912500381469727,-2.9250001907348633,1001.3624877929688,20.630278169146823,82.68407974072451,71.16977726499061,7.315920259275495,-18.6876093740068,-96.44027987737515,20.020886295960374,0.511960492812829,263.55972012262487,0.7578583083500867
1744177365960,1744177365260,10.381260871887207,1.332802176475525,3.5401811599731445,1744177365173,0.504421591758728,-0.04169152304530144,0.0769689604640007,1744177365203,-45.97500228881836,-25.912500381469727,-2.9250001907348633,1001.3637084960938,20.630278169146823,82.68407974072451,71.16977726499061,7.315920259275495,-18.6876093740068,-96.44027987737515,20.020886295960374,0.511960492812829,263.55972012262487,0.7475749230080708
1744177365969,1744177365260,10.381260871887207,1.332802176475525,3.5401811599731445,1744177365278,0.0030543238390237093,0.1029307171702385,-0.25091269612312317,1744177365203,-45.97500228881836,-25.912500381469727,-2.9250001907348633,1001.3637084960938,20.630278169146823,82.68407974072451,71.16977726499061,7.315920259275495,-18.6876093740068,-96.44027987737515,20.020886295960374,0.2712217589115372,263.55972012262487,0.7475749230080708
1744177366059,1744177365260,10.381260871887207,1.332802176475525,3.5401811599731445,1744177365278,0.0030543238390237093,0.1029307171702385,-0.25091269612312317,1744177365303,-48.03750228881836,-24.187501907348633,-0.8437500596046448,1001.3637084960938,20.630278169146823,82.68407974072451,71.16977726499061,7.315920259275495,-18.6876093740068,-91.99787984007891,20.020886295960374,0.2712217589115372,268.0021201599211,0.7475749230080708
1744177366068,1744177365260,10.381260871887207,1.332802176475525,3.5401811599731445,1744177365382,-0.3546070158481598,-0.2790125012397766,-0.10125083476305008,1744177365303,-48.03750228881836,-24.187501907348633,-0.8437500596046448,1001.3637084960938,20.630278169146823,82.68407974072451,71.16977726499061,7.315920259275495,-18.6876093740068,-91.99787984007891,20.020886295960374,0.4624346906072552,268.0021201599211,0.7475749230080708
1744177366077,1744177365399,10.105487823486328,2.347957134246826,3.5365917682647705,1744177365382,-0.3546070158481598,-0.2790125012397766,-0.10125083476305008,1744177365303,-48.03750228881836,-24.187501907348633,-0.8437500596046448,1001.3637084960938,33.580339735319484,76.91970599252075,70.71161543116277,13.08029400747926,-18.82358342190066,-91.99787984007891,22.785959623020286,0.4624346906072552,268.0021201599211,0.7475749230080708
1744177366170,1744177365399,10.105487823486328,2.347957134246826,3.5365917682647705,1744177365382,-0.3546070158481598,-0.2790125012397766,-0.10125083476305008,1744177365303,-48.03750228881836,-24.187501907348633,-0.8437500596046448,1001.3637084960938,33.580339735319484,76.91970599252075,70.71161543116277,13.08029400747926,-18.82358342190066,-91.99787984007891,22.785959623020286,0.4624346906072552,268.0021201599211,0.7475749230080708
1744177366178,1744177365399,10.105487823486328,2.347957134246826,3.5365917682647705,1744177365486,-0.37858346104621887,-0.5262600183486938,0.2600756883621216,1744177365303,-48.03750228881836,-24.187501907348633,-0.8437500596046448,1001.3637084960938,33.580339735319484,76.91970599252075,70.71161543116277,13.08029400747926,-18.82358342190066,-91.99787984007891,22.785959623020286,0.6985087025707932,268.0021201599211,0.7475749230080708
1744177366185,1744177365399,10.105487823486328,2.347957134246826,3.5365917682647705,1744177365486,-0.37858346104621887,-0.5262600183486938,0.2600756883621216,1744177365503,-46.03125,-24.95625114440918,-3.843750238418579,1001.3637084960938,33.580339735319484,76.91970599252075,70.71161543116277,13.08029400747926,-18.82358342190066,-98.75586642368157,22.785959623020286,0.6985087025707932,261.2441335763184,0.7475749230080708
1744177366251,1744177365538,8.808578491210938,2.623729944229126,3.070589542388916,1744177365486,-0.37858346104621887,-0.5262600183486938,0.2600756883621216,1744177365503,-46.03125,-24.95625114440918,-3.843750238418579,1001.3637084960938,40.512930848980204,73.41327052019062,70.78191448132179,16.586729479809378,-18.473726598755412,-98.75586642368157,24.632196237482667,0.6985087025707932,261.2441335763184,0.7475749230080708
1744177366270,1744177365538,8.808578491210938,2.623729944229126,3.070589542388916,1744177365486,-0.37858346104621887,-0.5262600183486938,0.2600756883621216,1744177365503,-46.03125,-24.95625114440918,-3.843750238418579,1001.3662109375,40.512930848980204,73.41327052019062,70.78191448132179,16.586729479809378,-18.473726598755412,-98.75586642368157,24.632196237482667,0.6985087025707932,261.2441335763184,0.7264940147900589
1744177366276,1744177365538,8.808578491210938,2.623729944229126,3.070589542388916,1744177365589,-0.37430739402770996,-0.4958694875240326,0.40088000893592834,1744177365503,-46.03125,-24.95625114440918,-3.843750238418579,1001.3662109375,40.512930848980204,73.41327052019062,70.78191448132179,16.586729479809378,-18.473726598755412,-98.75586642368157,24.632196237482667,0.7393898534911282,261.2441335763184,0.7264940147900589
1744177366336,1744177365538,8.808578491210938,2.623729944229126,3.070589542388916,1744177365589,-0.37430739402770996,-0.4958694875240326,0.40088000893592834,1744177365603,-45.22500228881836,-26.137500762939453,-5.606250286102295,1001.3662109375,40.512930848980204,73.41327052019062,70.78191448132179,16.586729479809378,-18.473726598755412,-102.10598464541431,24.632196237482667,0.7393898534911282,257.8940153545857,0.7264940147900589
1744177366336,1744177365677,9.279964447021484,3.4103705883026123,4.5577287673950195,1744177365589,-0.37430739402770996,-0.4958694875240326,0.40088000893592834,1744177365603,-45.22500228881836,-26.137500762939453,-5.606250286102295,1001.3662109375,36.80607570760283,69.82170883947883,63.842662823013576,20.17829116052118,-24.749340190558634,-102.10598464541431,31.52530585407983,0.7393898534911282,257.8940153545857,0.7264940147900589
1744177366377,1744177365677,9.279964447021484,3.4103705883026123,4.5577287673950195,1744177365693,-0.6093376278877258,-0.34116798639297485,0.6971494555473328,1744177365603,-45.22500228881836,-26.137500762939453,-5.606250286102295,1001.3662109375,36.80607570760283,69.82170883947883,63.842662823013576,20.17829116052118,-24.749340190558634,-102.10598464541431,31.52530585407983,0.9867650698465265,257.8940153545857,0.7264940147900589
1744177366417,1744177365677,9.279964447021484,3.4103705883026123,4.5577287673950195,1744177365693,-0.6093376278877258,-0.34116798639297485,0.6971494555473328,1744177365703,-43.743751525878906,-29.212501525878906,-5.25,1001.3662109375,36.80607570760283,69.82170883947883,63.842662823013576,20.17829116052118,-24.749340190558634,-100.1882991504964,31.52530585407983,0.9867650698465265,259.8117008495036,0.7264940147900589
1744177366424,1744177365677,9.279964447021484,3.4103705883026123,4.5577287673950195,1744177365693,-0.6093376278877258,-0.34116798639297485,0.6971494555473328,1744177365703,-43.743751525878906,-29.212501525878906,-5.25,1001.3637084960938,36.80607570760283,69.82170883947883,63.842662823013576,20.17829116052118,-24.749340190558634,-100.1882991504964,31.52530585407983,0.9867650698465265,259.8117008495036,0.7475749230080708
1744177366476,1744177365677,9.279964447021484,3.4103705883026123,4.5577287673950195,1744177365797,-1.0972658395767212,-0.8875865340232849,0.966846227645874,1744177365703,-43.743751525878906,-29.212501525878906,-5.25,1001.3637084960938,36.80607570760283,69.82170883947883,63.842662823013576,20.17829116052118,-24.749340190558634,-100.1882991504964,31.52530585407983,1.7107290276354499,259.8117008495036,0.7475749230080708
1744177366476,1744177365815,9.131011009216309,4.995017051696777,5.5244293212890625,1744177365797,-1.0972658395767212,-0.8875865340232849,0.966846227645874,1744177365703,-43.743751525878906,-29.212501525878906,-5.25,1001.3637084960938,42.118905582229694,61.3196308095109,58.825291654927085,28.6803691904891,-27.95887311696437,-100.1882991504964,39.20269433932287,1.7107290276354499,259.8117008495036,0.7475749230080708
1744177366505,1744177365815,9.131011009216309,4.995017051696777,5.5244293212890625,1744177365797,-1.0972658395767212,-0.8875865340232849,0.966846227645874,1744177365803,-39.88125228881836,-33.48750305175781,-5.625,1001.3637084960938,42.118905582229694,61.3196308095109,58.825291654927085,28.6803691904891,-27.95887311696437,-99.53513730286501,39.20269433932287,1.7107290276354499,260.464862697135,0.7475749230080708
1744177366582,1744177365815,9.131011009216309,4.995017051696777,5.5244293212890625,1744177365797,-1.0972658395767212,-0.8875865340232849,0.966846227645874,1744177365803,-39.88125228881836,-33.48750305175781,-5.625,1001.3524780273438,42.118905582229694,61.3196308095109,58.825291654927085,28.6803691904891,-27.95887311696437,-99.53513730286501,39.20269433932287,1.7107290276354499,260.464862697135,0.8421824510230824
1744177366595,1744177365815,9.131011009216309,4.995017051696777,5.5244293212890625,1744177365901,-1.4701987504959106,-1.34405517578125,1.099861979484558,1744177365803,-39.88125228881836,-33.48750305175781,-5.625,1001.3524780273438,42.118905582229694,61.3196308095109,58.825291654927085,28.6803691904891,-27.95887311696437,-99.53513730286501,39.20269433932287,2.275448319654787,260.464862697135,0.8421824510230824
1744177366620,1744177365815,9.131011009216309,4.995017051696777,5.5244293212890625,1744177365901,-1.4701987504959106,-1.34405517578125,1.099861979484558,1744177365903,-34.61250305175781,-38.55000305175781,-5.793750286102295,1001.3524780273438,42.118905582229694,61.3196308095109,58.825291654927085,28.6803691904891,-27.95887311696437,-98.54711728284619,39.20269433932287,2.275448319654787,261.4528827171538,0.8421824510230824
1744177366683,1744177365953,7.593024253845215,7.378268718719482,5.836094379425049,1744177365901,-1.4701987504959106,-1.34405517578125,1.099861979484558,1744177365903,-34.61250305175781,-38.55000305175781,-5.793750286102295,1001.3524780273438,51.65655806238421,45.82182226800134,52.4536651225157,44.17817773199866,-28.864898603748145,-98.54711728284619,51.09179913623682,2.275448319654787,261.4528827171538,0.8421824510230824
1744177366697,1744177365953,7.593024253845215,7.378268718719482,5.836094379425049,1744177365901,-1.4701987504959106,-1.34405517578125,1.099861979484558,1744177366003,-30.843751907348633,-42.50625228881836,-4.256250381469727,1001.3524780273438,51.65655806238421,45.82182226800134,52.4536651225157,44.17817773199866,-28.864898603748145,-95.71810032145306,51.09179913623682,2.275448319654787,264.28189967854695,0.8421824510230824
1744177366715,1744177365953,7.593024253845215,7.378268718719482,5.836094379425049,1744177366006,-1.884670615196228,-2.0749549865722656,1.2392919063568115,1744177366003,-30.843751907348633,-42.50625228881836,-4.256250381469727,1001.3524780273438,51.65655806238421,45.82182226800134,52.4536651225157,44.17817773199866,-28.864898603748145,-95.71810032145306,51.09179913623682,3.064843544660435,264.28189967854695,0.8421824510230824
1744177366754,1744177365953,7.593024253845215,7.378268718719482,5.836094379425049,1744177366006,-1.884670615196228,-2.0749549865722656,1.2392919063568115,1744177366003,-30.843751907348633,-42.50625228881836,-4.256250381469727,1001.3474731445312,51.65655806238421,45.82182226800134,52.4536651225157,44.17817773199866,-28.864898603748145,-95.71810032145306,51.09179913623682,3.064843544660435,264.28189967854695,0.8843447783034375
1744177366761,1744177366092,4.516452789306641,6.796214580535889,3.5754752159118652,1744177366006,-1.884670615196228,-2.0749549865722656,1.2392919063568115,1744177366003,-30.843751907348633,-42.50625228881836,-4.256250381469727,1001.3474731445312,62.251229782005,33.60619115094048,51.632903829511825,56.39380884905952,-23.661435726502642,-95.71810032145306,59.53898531164046,3.064843544660435,264.28189967854695,0.8843447783034375
1744177366826,1744177366092,4.516452789306641,6.796214580535889,3.5754752159118652,1744177366110,-1.986685037612915,-1.6759074926376343,1.052061915397644,1744177366003,-30.843751907348633,-42.50625228881836,-4.256250381469727,1001.3474731445312,62.251229782005,33.60619115094048,51.632903829511825,56.39380884905952,-23.661435726502642,-95.71810032145306,59.53898531164046,2.804000291794591,264.28189967854695,0.8843447783034375
1744177366887,1744177366092,4.516452789306641,6.796214580535889,3.5754752159118652,1744177366110,-1.986685037612915,-1.6759074926376343,1.052061915397644,1744177366203,-16.818750381469727,-48.35625076293945,3.3375000953674316,1001.3474731445312,62.251229782005,33.60619115094048,51.632903829511825,56.39380884905952,-23.661435726502642,-86.05176392329474,59.53898531164046,2.804000291794591,273.94823607670526,0.8843447783034375
1744177366903,1744177366092,4.516452789306641,6.796214580535889,3.5754752159118652,1744177366214,-1.5862630605697632,-0.48853909969329834,0.8733839392662048,1744177366203,-16.818750381469727,-48.35625076293945,3.3375000953674316,1001.3474731445312,62.251229782005,33.60619115094048,51.632903829511825,56.39380884905952,-23.661435726502642,-86.05176392329474,59.53898531164046,1.8755533729076985,273.94823607670526,0.8843447783034375
1744177366910,1744177366231,1.8837496042251587,6.815357208251953,0.4289134442806244,1744177366214,-1.5862630605697632,-0.48853909969329834,0.8733839392662048,1744177366203,-16.818750381469727,-48.35625076293945,3.3375000953674316,1001.3474731445312,86.39893224070744,15.450680772275817,77.17293007927822,74.54931922772418,-3.471249806761821,-86.05176392329474,74.57837218875834,1.8755533729076985,273.94823607670526,0.8843447783034375
1744177366910,1744177366231,1.8837496042251587,6.815357208251953,0.4289134442806244,1744177366214,-1.5862630605697632,-0.48853909969329834,0.8733839392662048,1744177366203,-16.818750381469727,-48.35625076293945,3.3375000953674316,1001.3487548828125,86.39893224070744,15.450680772275817,77.17293007927822,74.54931922772418,-3.471249806761821,-86.05176392329474,74.57837218875834,1.8755533729076985,273.94823607670526,0.8735470928663769
1744177366984,1744177366231,1.8837496042251587,6.815357208251953,0.4289134442806244,1744177366214,-1.5862630605697632,-0.48853909969329834,0.8733839392662048,1744177366303,-13.537500381469727,-48.03750228881836,9.543750762939453,1001.3487548828125,86.39893224070744,15.450680772275817,77.17293007927822,74.54931922772418,-3.471249806761821,-78.76319786702933,74.57837218875834,1.8755533729076985,281.23680213297064,0.8735470928663769
1744177367034,1744177366231,1.8837496042251587,6.815357208251953,0.4289134442806244,1744177366318,-0.9483675956726074,0.017256930470466614,0.48655378818511963,1744177366303,-13.537500381469727,-48.03750228881836,9.543750762939453,1001.3487548828125,86.39893224070744,15.450680772275817,77.17293007927822,74.54931922772418,-3.471249806761821,-78.76319786702933,74.57837218875834,1.066036344112336,281.23680213297064,0.8735470928663769
1744177367047,1744177366370,1.2335001230239868,8.589634895324707,-0.914058268070221,1744177366318,-0.9483675956726074,0.017256930470466614,0.48655378818511963,1744177366303,-13.537500381469727,-48.03750228881836,9.543750762939453,1001.3487548828125,96.07421957386106,8.17199594060625,126.53948555091641,81.82800405939375,6.012995052782735,-78.76319786702933,81.87326987283372,1.066036344112336,281.23680213297064,0.8735470928663769
1744177367101,1744177366370,1.2335001230239868,8.589634895324707,-0.914058268070221,1744177366318,-0.9483675956726074,0.017256930470466614,0.48655378818511963,1744177366303,-13.537500381469727,-48.03750228881836,9.543750762939453,1001.3512573242188,96.07421957386106,8.17199594060625,126.53948555091641,81.82800405939375,6.012995052782735,-78.76319786702933,81.87326987283372,1.066036344112336,281.23680213297064,0.8524659297478909
1744177367104,1744177366370,1.2335001230239868,8.589634895324707,-0.914058268070221,1744177366421,-0.5068650245666504,0.2075413018465042,0.2620609998703003,1744177366303,-13.537500381469727,-48.03750228881836,9.543750762939453,1001.3512573242188,96.07421957386106,8.17199594060625,126.53948555091641,81.82800405939375,6.012995052782735,-78.76319786702933,81.87326987283372,0.6071750264578694,281.23680213297064,0.8524659297478909
1744177367170,1744177366508,1.1114661693572998,9.279964447021484,-0.5066801905632019,1744177366421,-0.5068650245666504,0.2075413018465042,0.2620609998703003,1744177366303,-13.537500381469727,-48.03750228881836,9.543750762939453,1001.3512573242188,93.12521028294135,6.829811484277565,114.50665312716964,83.17018851572243,3.103076558498954,-78.76319786702933,83.1802502203909,0.6071750264578694,281.23680213297064,0.8524659297478909
1744177367203,1744177366508,1.1114661693572998,9.279964447021484,-0.5066801905632019,1744177366421,-0.5068650245666504,0.2075413018465042,0.2620609998703003,1744177366503,-8.981250762939453,-47.71875,15.168750762939453,1001.3512573242188,93.12521028294135,6.829811484277565,114.50665312716964,83.17018851572243,3.103076558498954,-72.36567350171156,83.1802502203909,0.6071750264578694,287.63432649828843,0.8524659297478909
1744177367209,1744177366508,1.1114661693572998,9.279964447021484,-0.5066801905632019,1744177366526,-0.19532401859760284,0.19837833940982819,-0.0360410213470459,1744177366503,-8.981250762939453,-47.71875,15.168750762939453,1001.3512573242188,93.12521028294135,6.829811484277565,114.50665312716964,83.17018851572243,3.103076558498954,-72.36567350171156,83.1802502203909,0.28072120156457,287.63432649828843,0.8524659297478909
1744177367263,1744177366508,1.1114661693572998,9.279964447021484,-0.5066801905632019,1744177366526,-0.19532401859760284,0.19837833940982819,-0.0360410213470459,1744177366503,-8.981250762939453,-47.71875,15.168750762939453,1001.3512573242188,93.12521028294135,6.829811484277565,114.50665312716964,83.17018851572243,3.103076558498954,-72.36567350171156,83.1802502203909,0.28072120156457,287.63432649828843,0.8524659297478909
1744177367311,1744177366508,1.1114661693572998,9.279964447021484,-0.5066801905632019,1744177366526,-0.19532401859760284,0.19837833940982819,-0.0360410213470459,1744177366603,-10.293750762939453,-47.23125076293945,16.6875,1001.3512573242188,93.12521028294135,6.829811484277565,114.50665312716964,83.17018851572243,3.103076558498954,-70.54093150620717,83.1802502203909,0.28072120156457,289.4590684937928,0.8524659297478909
1744177367318,1744177366508,1.1114661693572998,9.279964447021484,-0.5066801905632019,1744177366629,-0.15225805342197418,0.016340631991624832,-0.04718930274248123,1744177366603,-10.293750762939453,-47.23125076293945,16.6875,1001.3512573242188,93.12521028294135,6.829811484277565,114.50665312716964,83.17018851572243,3.103076558498954,-70.54093150620717,83.1802502203909,0.160238451624621,289.4590684937928,0.8524659297478909
1744177367318,1744177366646,1.4021940231323242,9.631709098815918,-0.3978067636489868,1744177366629,-0.15225805342197418,0.016340631991624832,-0.04718930274248123,1744177366603,-10.293750762939453,-47.23125076293945,16.6875,1001.3512573242188,92.36507368009637,8.282988951004654,105.83880269115743,81.71701104899535,2.3404302403218407,-70.54093150620717,81.72396896691937,0.160238451624621,289.4590684937928,0.8524659297478909
1744177367380,1744177366646,1.4021940231323242,9.631709098815918,-0.3978067636489868,1744177366629,-0.15225805342197418,0.016340631991624832,-0.04718930274248123,1744177366603,-10.293750762939453,-47.23125076293945,16.6875,1001.3487548828125,92.36507368009637,8.282988951004654,105.83880269115743,81.71701104899535,2.3404302403218407,-70.54093150620717,81.72396896691937,0.160238451624621,289.4590684937928,0.8735470928663769
1744177367415,1744177366646,1.4021940231323242,9.631709098815918,-0.3978067636489868,1744177366629,-0.15225805342197418,0.016340631991624832,-0.04718930274248123,1744177366703,-9.33750057220459,-46.70625305175781,16.837501525878906,1001.3487548828125,92.36507368009637,8.282988951004654,105.83880269115743,81.71701104899535,2.3404302403218407,-70.1758780896961,81.72396896691937,0.160238451624621,289.8241219103039,0.8735470928663769
1744177367432,1744177366646,1.4021940231323242,9.631709098815918,-0.3978067636489868,1744177366733,0.05803215503692627,0.006414080038666725,0.18493930995464325,1744177366703,-9.33750057220459,-46.70625305175781,16.837501525878906,1001.3487548828125,92.36507368009637,8.282988951004654,105.83880269115743,81.71701104899535,2.3404302403218407,-70.1758780896961,81.72396896691937,0.19393663864126312,289.8241219103039,0.8735470928663769
1744177367483,1744177366785,0.719641387462616,9.612566947937012,-0.6287141442298889,1744177366733,0.05803215503692627,0.006414080038666725,0.18493930995464325,1744177366703,-9.33750057220459,-46.70625305175781,16.837501525878906,1001.3487548828125,93.74212547442609,4.2814412141551665,131.14206237958928,85.71855878584483,3.7317121268553386,-70.1758780896961,85.72765340017818,0.19393663864126312,289.8241219103039,0.8735470928663769
1744177367517,1744177366785,0.719641387462616,9.612566947937012,-0.6287141442298889,1744177366733,0.05803215503692627,0.006414080038666725,0.18493930995464325,1744177366803,-8.831250190734863,-47.212501525878906,16.59375,1001.3487548828125,93.74212547442609,4.2814412141551665,131.14206237958928,85.71855878584483,3.7317121268553386,-70.6349851219279,85.72765340017818,0.19393663864126312,289.3650148780721,0.8735470928663769
1744177367529,1744177366785,0.719641387462616,9.612566947937012,-0.6287141442298889,1744177366838,0.04825831577181816,0.06475166976451874,0.028863361105322838,1744177366803,-8.831250190734863,-47.212501525878906,16.59375,1001.3487548828125,93.74212547442609,4.2814412141551665,131.14206237958928,85.71855878584483,3.7317121268553386,-70.6349851219279,85.72765340017818,0.08575976558224764,289.3650148780721,0.8735470928663769
1744177367587,1744177366785,0.719641387462616,9.612566947937012,-0.6287141442298889,1744177366838,0.04825831577181816,0.06475166976451874,0.028863361105322838,1744177366803,-8.831250190734863,-47.212501525878906,16.59375,1001.3462524414062,93.74212547442609,4.2814412141551665,131.14206237958928,85.71855878584483,3.7317121268553386,-70.6349851219279,85.72765340017818,0.08575976558224764,289.3650148780721,0.8946282986454535
1744177367591,1744177366924,1.0247262716293335,9.739386558532715,-0.46061834692955017,1744177366838,0.04825831577181816,0.06475166976451874,0.028863361105322838,1744177366803,-8.831250190734863,-47.212501525878906,16.59375,1001.3462524414062,92.70775128571275,6.006257823534893,114.20409809379598,83.99374217646512,2.6929089524037937,-70.6349851219279,84.00039926568525,0.08575976558224764,289.3650148780721,0.8946282986454535
1744177367620,1744177366924,1.0247262716293335,9.739386558532715,-0.46061834692955017,1744177366941,-0.05177079141139984,-0.052687086164951324,-0.04657844081521034,1744177366803,-8.831250190734863,-47.212501525878906,16.59375,1001.3462524414062,92.70775128571275,6.006257823534893,114.20409809379598,83.99374217646512,2.6929089524037937,-70.6349851219279,84.00039926568525,0.08732522568360032,289.3650148780721,0.8946282986454535
1744177367685,1744177366924,1.0247262716293335,9.739386558532715,-0.46061834692955017,1744177366941,-0.05177079141139984,-0.052687086164951324,-0.04657844081521034,1744177367003,-8.287500381469727,-46.76250076293945,16.631250381469727,1001.3462524414062,92.70775128571275,6.006257823534893,114.20409809379598,83.99374217646512,2.6929089524037937,-70.42188873417338,84.00039926568525,0.08732522568360032,289.57811126582664,0.8946282986454535
1744177367725,1744177366924,1.0247262716293335,9.739386558532715,-0.46061834692955017,1744177366941,-0.05177079141139984,-0.052687086164951324,-0.04657844081521034,1744177367003,-8.287500381469727,-46.76250076293945,16.631250381469727,1001.3462524414062,92.70775128571275,6.006257823534893,114.20409809379598,83.99374217646512,2.6929089524037937,-70.42188873417338,84.00039926568525,0.08732522568360032,289.57811126582664,0.8946282986454535
1744177367732,1744177366924,1.0247262716293335,9.739386558532715,-0.46061834692955017,1744177367046,-0.09422589093446732,-0.07055488228797913,0.2704603672027588,1744177367003,-8.287500381469727,-46.76250076293945,16.631250381469727,1001.3462524414062,92.70775128571275,6.006257823534893,114.20409809379598,83.99374217646512,2.6929089524037937,-70.42188873417338,84.00039926568525,0.29496664246066173,289.57811126582664,0.8946282986454535
1744177367732,1744177367063,1.181456208229065,9.70349407196045,-0.2871387302875519,1744177367046,-0.09422589093446732,-0.07055488228797913,0.2704603672027588,1744177367003,-8.287500381469727,-46.76250076293945,16.631250381469727,1001.3462524414062,91.69496037188439,6.941921808923636,103.66020286850366,83.05807819107638,1.682542083001797,-70.42188873417338,83.06108590224842,0.29496664246066173,289.57811126582664,0.8946282986454535
1744177367784,1744177367063,1.181456208229065,9.70349407196045,-0.2871387302875519,1744177367046,-0.09422589093446732,-0.07055488228797913,0.2704603672027588,1744177367103,-9.206250190734863,-47.00625228881836,17.981250762939453,1001.3462524414062,91.69496037188439,6.941921808923636,103.66020286850366,83.05807819107638,1.682542083001797,-69.06670213422599,83.06108590224842,0.29496664246066173,290.933297865774,0.8946282986454535
1744177367850,1744177367063,1.181456208229065,9.70349407196045,-0.2871387302875519,1744177367149,-0.08338304609060287,0.09621120244264603,0.22434009611606598,1744177367103,-9.206250190734863,-47.00625228881836,17.981250762939453,1001.3462524414062,91.69496037188439,6.941921808923636,103.66020286850366,83.05807819107638,1.682542083001797,-69.06670213422599,83.06108590224842,0.25794923255589103,290.933297865774,0.8946282986454535
1744177367873,1744177367063,1.181456208229065,9.70349407196045,-0.2871387302875519,1744177367149,-0.08338304609060287,0.09621120244264603,0.22434009611606598,1744177367103,-9.206250190734863,-47.00625228881836,17.981250762939453,1001.344970703125,91.69496037188439,6.941921808923636,103.66020286850366,83.05807819107638,1.682542083001797,-69.06670213422599,83.06108590224842,0.25794923255589103,290.933297865774,0.9054260059295793
1744177367890,1744177367202,0.3535395562648773,9.7669038772583,-0.8135597109794617,1744177367149,-0.08338304609060287,0.09621120244264603,0.22434009611606598,1744177367103,-9.206250190734863,-47.00625228881836,17.981250762939453,1001.344970703125,94.76160877655491,2.073070909150119,156.51221836748803,87.92692909084988,4.75850664763424,-69.06670213422599,87.93407766137796,0.25794923255589103,290.933297865774,0.9054260059295793
1744177367952,1744177367202,0.3535395562648773,9.7669038772583,-0.8135597109794617,1744177367254,0.0792597085237503,0.06322450190782547,-0.09361502528190613,1744177367103,-9.206250190734863,-47.00625228881836,17.981250762939453,1001.344970703125,94.76160877655491,2.073070909150119,156.51221836748803,87.92692909084988,4.75850664763424,-69.06670213422599,87.93407766137796,0.13799714488095183,290.933297865774,0.9054260059295793
1744177368005,1744177367202,0.3535395562648773,9.7669038772583,-0.8135597109794617,1744177367254,0.0792597085237503,0.06322450190782547,-0.09361502528190613,1744177367303,-6.768750190734863,-47.23125076293945,17.606250762939453,1001.344970703125,94.76160877655491,2.073070909150119,156.51221836748803,87.92692909084988,4.75850664763424,-69.55620586110145,87.93407766137796,0.13799714488095183,290.44379413889857,0.9054260059295793
1744177368029,1744177367340,0.5862415432929993,9.670592308044434,-0.9984052777290344,1744177367254,0.0792597085237503,0.06322450190782547,-0.09361502528190613,1744177367303,-6.768750190734863,-47.23125076293945,17.606250762939453,1001.344970703125,95.8944120185472,3.469085436790546,149.57948451435894,86.53091456320945,5.883686894797205,-69.55620586110145,86.5492117415974,0.13799714488095183,290.44379413889857,0.9054260059295793
1744177368037,1744177367340,0.5862415432929993,9.670592308044434,-0.9984052777290344,1744177367254,0.0792597085237503,0.06322450190782547,-0.09361502528190613,1744177367303,-6.768750190734863,-47.23125076293945,17.606250762939453,1001.34375,95.8944120185472,3.469085436790546,149.57948451435894,86.53091456320945,5.883686894797205,-69.55620586110145,86.5492117415974,0.13799714488095183,290.44379413889857,0.9157095470851206
1744177368038,1744177367340,0.5862415432929993,9.670592308044434,-0.9984052777290344,1744177367358,0.17684535682201385,0.1769980639219284,-0.15958842635154724,1744177367303,-6.768750190734863,-47.23125076293945,17.606250762939453,1001.34375,95.8944120185472,3.469085436790546,149.57948451435894,86.53091456320945,5.883686894797205,-69.55620586110145,86.5492117415974,0.2967676880776943,290.44379413889857,0.9157095470851206
1744177368141,1744177367340,0.5862415432929993,9.670592308044434,-0.9984052777290344,1744177367462,0.12400554865598679,0.001221729558892548,-0.03298669680953026,1744177367303,-6.768750190734863,-47.23125076293945,17.606250762939453,1001.34375,95.8944120185472,3.469085436790546,149.57948451435894,86.53091456320945,5.883686894797205,-69.55620586110145,86.5492117415974,0.1283237736625262,290.44379413889857,0.9157095470851206
1744177368179,1744177367478,1.1455638408660889,9.791430473327637,-0.24107688665390015,1744177367462,0.12400554865598679,0.001221729558892548,-0.03298669680953026,1744177367303,-6.768750190734863,-47.23125076293945,17.606250762939453,1001.34375,91.41040658901917,6.6730729294694315,101.88413458341937,83.32692707053057,1.4008554282102035,-69.55620586110145,83.32893054880007,0.1283237736625262,290.44379413889857,0.9157095470851206
1744177368186,1744177367478,1.1455638408660889,9.791430473327637,-0.24107688665390015,1744177367462,0.12400554865598679,0.001221729558892548,-0.03298669680953026,1744177367303,-6.768750190734863,-47.23125076293945,17.606250762939453,1001.34375,91.41040658901917,6.6730729294694315,101.88413458341937,83.32692707053057,1.4008554282102035,-69.55620586110145,83.32893054880007,0.1283237736625262,290.44379413889857,0.9157095470851206
1744177368186,1744177367478,1.1455638408660889,9.791430473327637,-0.24107688665390015,1744177367462,0.12400554865598679,0.001221729558892548,-0.03298669680953026,1744177367503,-5.850000381469727,-48.562503814697266,15.375000953674316,1001.34375,91.41040658901917,6.6730729294694315,101.88413458341937,83.32692707053057,1.4008554282102035,-72.43209251643576,83.32893054880007,0.1283237736625262,287.5679074835642,0.9157095470851206
1744177368255,1744177367478,1.1455638408660889,9.791430473327637,-0.24107688665390015,1744177367565,0.12736530601978302,-0.01435532234609127,0.10338886082172394,1744177367503,-5.850000381469727,-48.562503814697266,15.375000953674316,1001.34375,91.41040658901917,6.6730729294694315,101.88413458341937,83.32692707053057,1.4008554282102035,-72.43209251643576,83.32893054880007,0.16467317024696818,287.5679074835642,0.9157095470851206
1744177368278,1744177367478,1.1455638408660889,9.791430473327637,-0.24107688665390015,1744177367565,0.12736530601978302,-0.01435532234609127,0.10338886082172394,1744177367603,-6.900000095367432,-48.281253814697266,15.506250381469727,1001.34375,91.41040658901917,6.6730729294694315,101.88413458341937,83.32692707053057,1.4008554282102035,-72.19479792130281,83.32893054880007,0.16467317024696818,287.8052020786972,0.9157095470851206
1744177368289,1744177367618,0.8464609980583191,9.833304405212402,-0.08075776696205139,1744177367565,0.12736530601978302,-0.01435532234609127,0.10338886082172394,1744177367603,-6.900000095367432,-48.281253814697266,15.506250381469727,1001.34375,90.47054123356236,4.919951600722083,95.44988636590334,85.08004839927791,0.46880759805447114,-72.19479792130281,85.08021349721515,0.16467317024696818,287.8052020786972,0.9157095470851206
1744177368369,1744177367618,0.8464609980583191,9.833304405212402,-0.08075776696205139,1744177367565,0.12736530601978302,-0.01435532234609127,0.10338886082172394,1744177367603,-6.900000095367432,-48.281253814697266,15.506250381469727,1001.3399658203125,90.47054123356236,4.919951600722083,95.44988636590334,85.08004839927791,0.46880759805447114,-72.19479792130281,85.08021349721515,0.16467317024696818,287.8052020786972,0.9475885891636349
1744177368369,1744177367618,0.8464609980583191,9.833304405212402,-0.08075776696205139,1744177367669,0.1533270627260208,-0.03405570983886719,0.06536252796649933,1744177367603,-6.900000095367432,-48.281253814697266,15.506250381469727,1001.3399658203125,90.47054123356236,4.919951600722083,95.44988636590334,85.08004839927791,0.46880759805447114,-72.19479792130281,85.08021349721515,0.17012124969853015,287.8052020786972,0.9475885891636349
1744177368381,1744177367618,0.8464609980583191,9.833304405212402,-0.08075776696205139,1744177367669,0.1533270627260208,-0.03405570983886719,0.06536252796649933,1744177367703,-6.243750095367432,-48.91875076293945,14.418750762939453,1001.3399658203125,90.47054123356236,4.919951600722083,95.44988636590334,85.08004839927791,0.46880759805447114,-73.57717385343068,85.08021349721515,0.17012124969853015,286.4228261465693,0.9475885891636349
1744177368461,1744177367756,0.5491527915000916,9.642477035522461,-0.02153540402650833,1744177367669,0.1533270627260208,-0.03405570983886719,0.06536252796649933,1744177367703,-6.243750095367432,-48.91875076293945,14.418750762939453,1001.3399658203125,90.12796356213588,3.259555152439984,92.24574261155165,86.74044484756003,0.1277565436381695,-73.57717385343068,86.74045295937582,0.17012124969853015,286.4228261465693,0.9475885891636349
1744177368463,1744177367756,0.5491527915000916,9.642477035522461,-0.02153540402650833,1744177367774,0.1101083755493164,0.06566796451807022,0.09285144507884979,1744177367703,-6.243750095367432,-48.91875076293945,14.418750762939453,1001.3399658203125,90.12796356213588,3.259555152439984,92.24574261155165,86.74044484756003,0.1277565436381695,-73.57717385343068,86.74045295937582,0.15829569414006966,286.4228261465693,0.9475885891636349
1744177368486,1744177367756,0.5491527915000916,9.642477035522461,-0.02153540402650833,1744177367774,0.1101083755493164,0.06566796451807022,0.09285144507884979,1744177367803,-6.375000476837158,-48.750003814697266,14.325000762939453,1001.3399658203125,90.12796356213588,3.259555152439984,92.24574261155165,86.74044484756003,0.1277565436381695,-73.62477803202891,86.74045295937582,0.15829569414006966,286.3752219679711,0.9475885891636349
1744177368564,1744177367756,0.5491527915000916,9.642477035522461,-0.02153540402650833,1744177367774,0.1101083755493164,0.06566796451807022,0.09285144507884979,1744177367803,-6.375000476837158,-48.750003814697266,14.325000762939453,1001.3374633789062,90.12796356213588,3.259555152439984,92.24574261155165,86.74044484756003,0.1277565436381695,-73.62477803202891,86.74045295937582,0.15829569414006966,286.3752219679711,0.9686699447666269
1744177368574,1744177367756,0.5491527915000916,9.642477035522461,-0.02153540402650833,1744177367877,0.10720676928758621,0.13881902396678925,0.029016077518463135,1744177367803,-6.375000476837158,-48.750003814697266,14.325000762939453,1001.3374633789062,90.12796356213588,3.259555152439984,92.24574261155165,86.74044484756003,0.1277565436381695,-73.62477803202891,86.74045295937582,0.1777806107277484,286.3752219679711,0.9686699447666269
1744177368575,1744177367895,0.4815555512905121,9.747162818908691,0.31465616822242737,1744177367877,0.10720676928758621,0.13881902396678925,0.029016077518463135,1744177367803,-6.375000476837158,-48.750003814697266,14.325000762939453,1001.3374633789062,88.15102998699416,2.8283804924958167,56.838751199082694,87.17161950750419,-1.8467191914085703,-73.62477803202891,87.17308971758676,0.1777806107277484,286.3752219679711,0.9686699447666269
1744177368661,1744177367895,0.4815555512905121,9.747162818908691,0.31465616822242737,1744177367877,0.10720676928758621,0.13881902396678925,0.029016077518463135,1744177367803,-6.375000476837158,-48.750003814697266,14.325000762939453,1001.3362426757812,88.15102998699416,2.8283804924958167,56.838751199082694,87.17161950750419,-1.8467191914085703,-73.62477803202891,87.17308971758676,0.1777806107277484,286.3752219679711,0.9789535483430578
1744177368695,1744177367895,0.4815555512905121,9.747162818908691,0.31465616822242737,1744177367982,0.1233946830034256,0.11972949653863907,-0.03634645417332649,1744177367803,-6.375000476837158,-48.750003814697266,14.325000762939453,1001.3362426757812,88.15102998699416,2.8283804924958167,56.838751199082694,87.17161950750419,-1.8467191914085703,-73.62477803202891,87.17308971758676,0.17573407428807197,286.3752219679711,0.9789535483430578
1744177368709,1744177367895,0.4815555512905121,9.747162818908691,0.31465616822242737,1744177367982,0.1233946830034256,0.11972949653863907,-0.03634645417332649,1744177368003,-4.481250286102295,-49.20000076293945,12.468750953674316,1001.3362426757812,88.15102998699416,2.8283804924958167,56.838751199082694,87.17161950750419,-1.8467191914085703,-75.7789478056882,87.17308971758676,0.17573407428807197,284.2210521943118,0.9789535483430578
1744177368709,1744177368033,0.6352944374084473,9.698110580444336,0.4707878530025482,1744177367982,0.1233946830034256,0.11972949653863907,-0.03634645417332649,1744177368003,-4.481250286102295,-49.20000076293945,12.468750953674316,1001.3362426757812,87.22079903305146,3.7479215757831055,53.459535510020096,86.2520784242169,-2.77326636542379,-75.7789478056882,86.25647417012041,0.17573407428807197,284.2210521943118,0.9789535483430578
1744177368793,1744177368033,0.6352944374084473,9.698110580444336,0.4707878530025482,1744177368085,0.11698060482740402,0.07712167501449585,-0.01695149764418602,1744177368003,-4.481250286102295,-49.20000076293945,12.468750953674316,1001.3362426757812,87.22079903305146,3.7479215757831055,53.459535510020096,86.2520784242169,-2.77326636542379,-75.7789478056882,86.25647417012041,0.14113669946264018,284.2210521943118,0.9789535483430578
1744177368794,1744177368033,0.6352944374084473,9.698110580444336,0.4707878530025482,1744177368085,0.11698060482740402,0.07712167501449585,-0.01695149764418602,1744177368103,-6.712500095367432,-48.88125228881836,13.687500953674316,1001.3362426757812,87.22079903305146,3.7479215757831055,53.459535510020096,86.2520784242169,-2.77326636542379,-74.35693801069644,86.25647417012041,0.14113669946264018,285.64306198930353,0.9789535483430578
1744177368891,1744177368033,0.6352944374084473,9.698110580444336,0.4707878530025482,1744177368085,0.11698060482740402,0.07712167501449585,-0.01695149764418602,1744177368103,-6.712500095367432,-48.88125228881836,13.687500953674316,1001.3362426757812,87.22079903305146,3.7479215757831055,53.459535510020096,86.2520784242169,-2.77326636542379,-74.35693801069644,86.25647417012041,0.14113669946264018,285.64306198930353,0.9789535483430578
1744177368895,1744177368172,0.5880361795425415,9.714262008666992,0.22851456701755524,1744177368085,0.11698060482740402,0.07712167501449585,-0.01695149764418602,1744177368103,-6.712500095367432,-48.88125228881836,13.687500953674316,1001.3362426757812,88.65244462191369,3.464074699594268,68.76355974271421,86.53592530040574,-1.3450941388246764,-74.35693801069644,86.53688101188237,0.14113669946264018,285.64306198930353,0.9789535483430578
1744177368904,1744177368172,0.5880361795425415,9.714262008666992,0.22851456701755524,1744177368189,0.2842048406600952,0.09040798991918564,-0.07681624591350555,1744177368103,-6.712500095367432,-48.88125228881836,13.687500953674316,1001.3362426757812,88.65244462191369,3.464074699594268,68.76355974271421,86.53592530040574,-1.3450941388246764,-74.35693801069644,86.53688101188237,0.30797196582173164,285.64306198930353,0.9789535483430578
1744177368904,1744177368172,0.5880361795425415,9.714262008666992,0.22851456701755524,1744177368189,0.2842048406600952,0.09040798991918564,-0.07681624591350555,1744177368203,-6.131250381469727,-49.875003814697266,12.093750953674316,1001.3362426757812,88.65244462191369,3.464074699594268,68.76355974271421,86.53592530040574,-1.3450941388246764,-76.36992270208873,86.53688101188237,0.30797196582173164,283.63007729791127,0.9789535483430578
1744177368993,1744177368172,0.5880361795425415,9.714262008666992,0.22851456701755524,1744177368293,0.7079922556877136,0.23457208275794983,-0.14508038759231567,1744177368203,-6.131250381469727,-49.875003814697266,12.093750953674316,1001.3362426757812,88.65244462191369,3.464074699594268,68.76355974271421,86.53592530040574,-1.3450941388246764,-76.36992270208873,86.53688101188237,0.7598193304905554,283.63007729791127,0.9789535483430578
1744177368993,1744177368311,0.6897311210632324,9.382855415344238,0.4127618968486786,1744177368293,0.7079922556877136,0.23457208275794983,-0.14508038759231567,1744177368203,-6.131250381469727,-49.875003814697266,12.093750953674316,1001.3362426757812,87.48112108233504,4.204235095796817,59.102058972299744,85.79576490420318,-2.512109463135419,-76.36992270208873,85.79981251353378,0.7598193304905554,283.63007729791127,0.9789535483430578
1744177368993,1744177368311,0.6897311210632324,9.382855415344238,0.4127618968486786,1744177368293,0.7079922556877136,0.23457208275794983,-0.14508038759231567,1744177368203,-6.131250381469727,-49.875003814697266,12.093750953674316,1001.3362426757812,87.48112108233504,4.204235095796817,59.102058972299744,85.79576490420318,-2.512109463135419,-76.36992270208873,85.79981251353378,0.7598193304905554,283.63007729791127,0.9789535483430578
1744177369000,1744177368311,0.6897311210632324,9.382855415344238,0.4127618968486786,1744177368293,0.7079922556877136,0.23457208275794983,-0.14508038759231567,1744177368303,-5.850000381469727,-50.55000305175781,8.981250762939453,1001.3362426757812,87.48112108233504,4.204235095796817,59.102058972299744,85.79576490420318,-2.512109463135419,-79.92535329392054,85.79981251353378,0.7598193304905554,280.0746467060795,0.9789535483430578
1744177369081,1744177368311,0.6897311210632324,9.382855415344238,0.4127618968486786,1744177368398,1.6629266738891602,0.08109229803085327,-0.2877173125743866,1744177368303,-5.850000381469727,-50.55000305175781,8.981250762939453,1001.3362426757812,87.48112108233504,4.204235095796817,59.102058972299744,85.79576490420318,-2.512109463135419,-79.92535329392054,85.79981251353378,1.689580520569238,280.0746467060795,0.9789535483430578
1744177369171,1744177368449,1.0426725149154663,9.254241943359375,2.5842485427856445,1744177368398,1.6629266738891602,0.08109229803085327,-0.2877173125743866,1744177368303,-5.850000381469727,-50.55000305175781,8.981250762939453,1001.3362426757812,74.39760056619748,6.428387214689075,21.97270728907187,83.57161278531093,-15.509036291631789,-79.92535329392054,83.80661481524659,1.689580520569238,280.0746467060795,0.9789535483430578
1744177369176,1744177368449,1.0426725149154663,9.254241943359375,2.5842485427856445,1744177368398,1.6629266738891602,0.08109229803085327,-0.2877173125743866,1744177368303,-5.850000381469727,-50.55000305175781,8.981250762939453,1001.3324584960938,74.39760056619748,6.428387214689075,21.97270728907187,83.57161278531093,-15.509036291631789,-79.92535329392054,83.80661481524659,1.689580520569238,280.0746467060795,1.0108327839494613
1744177369181,1744177368449,1.0426725149154663,9.254241943359375,2.5842485427856445,1744177368502,2.050978422164917,0.10338886082172394,-0.5566505193710327,1744177368303,-5.850000381469727,-50.55000305175781,8.981250762939453,1001.3324584960938,74.39760056619748,6.428387214689075,21.97270728907187,83.57161278531093,-15.509036291631789,-79.92535329392054,83.80661481524659,2.127689250206464,280.0746467060795,1.0108327839494613
1744177369189,1744177368449,1.0426725149154663,9.254241943359375,2.5842485427856445,1744177368502,2.050978422164917,0.10338886082172394,-0.5566505193710327,1744177368504,-11.175000190734863,-50.531253814697266,-5.456250190734863,1001.3324584960938,74.39760056619748,6.428387214689075,21.97270728907187,83.57161278531093,-15.509036291631789,-96.16279129725302,83.80661481524659,2.127689250206464,263.837208702747,1.0108327839494613
1744177369261,1744177368588,1.6462619304656982,7.540382385253906,5.209773063659668,1744177368502,2.050978422164917,0.10338886082172394,-0.5566505193710327,1744177368504,-11.175000190734863,-50.531253814697266,-5.456250190734863,1001.3324584960938,55.35877307893937,12.315904151664668,17.536272614648244,77.68409584833533,-34.01997295514708,-96.16279129725302,79.81695788032846,2.127689250206464,263.837208702747,1.0108327839494613
1744177369298,1744177368588,1.6462619304656982,7.540382385253906,5.209773063659668,1744177368605,2.0182971954345703,0.4618137776851654,-0.06566796451807022,1744177368504,-11.175000190734863,-50.531253814697266,-5.456250190734863,1001.3324584960938,55.35877307893937,12.315904151664668,17.536272614648244,77.68409584833533,-34.01997295514708,-96.16279129725302,79.81695788032846,2.0714989297421424,263.837208702747,1.0108327839494613
1744177369321,1744177368588,1.6462619304656982,7.540382385253906,5.209773063659668,1744177368605,2.0182971954345703,0.4618137776851654,-0.06566796451807022,1744177368504,-11.175000190734863,-50.531253814697266,-5.456250190734863,1001.3324584960938,55.35877307893937,12.315904151664668,17.536272614648244,77.68409584833533,-34.01997295514708,-96.16279129725302,79.81695788032846,2.0714989297421424,263.837208702747,1.0108327839494613
1744177369386,1744177368588,1.6462619304656982,7.540382385253906,5.209773063659668,1744177368605,2.0182971954345703,0.4618137776851654,-0.06566796451807022,1744177368703,-14.156250953674316,-44.73750305175781,-22.106250762939453,1001.3324584960938,55.35877307893937,12.315904151664668,17.536272614648244,77.68409584833533,-34.01997295514708,-116.29547050963203,79.81695788032846,2.0714989297421424,243.70452949036797,1.0108327839494613
1744177369462,1744177368727,1.9112670421600342,5.985645771026611,6.589235305786133,1744177368605,2.0182971954345703,0.4618137776851654,-0.06566796451807022,1744177368703,-14.156250953674316,-44.73750305175781,-22.106250762939453,1001.3324584960938,42.25193344443367,17.708720009539007,16.175277485718883,72.29127999046099,-46.36108849810869,-116.29547050963203,77.88253080273415,2.0714989297421424,243.70452949036797,1.0108327839494613
1744177369493,1744177368727,1.9112670421600342,5.985645771026611,6.589235305786133,1744177368605,2.0182971954345703,0.4618137776851654,-0.06566796451807022,1744177368703,-14.156250953674316,-44.73750305175781,-22.106250762939453,1001.3374633789062,42.25193344443367,17.708720009539007,16.175277485718883,72.29127999046099,-46.36108849810869,-116.29547050963203,77.88253080273415,2.0714989297421424,243.70452949036797,0.9686699447666269
1744177369502,1744177368727,1.9112670421600342,5.985645771026611,6.589235305786133,1744177368814,2.098015069961548,0.3029889166355133,-0.5761982202529907,1744177368703,-14.156250953674316,-44.73750305175781,-22.106250762939453,1001.3374633789062,42.25193344443367,17.708720009539007,16.175277485718883,72.29127999046099,-46.36108849810869,-116.29547050963203,77.88253080273415,2.1966961342917766,243.70452949036797,0.9686699447666269
1744177369567,1744177368866,2.486740827560425,4.118646144866943,8.675776481628418,1744177368814,2.098015069961548,0.3029889166355133,-0.5761982202529907,1744177368703,-14.156250953674316,-44.73750305175781,-22.106250762939453,1001.3374633789062,25.395066614443646,31.12258315276269,15.993909379642911,58.87741684723731,-60.989469999091696,-116.29547050963203,75.48301424033751,2.1966961342917766,243.70452949036797,0.9686699447666269
1744177369606,1744177368866,2.486740827560425,4.118646144866943,8.675776481628418,1744177368814,2.098015069961548,0.3029889166355133,-0.5761982202529907,1744177368903,-19.462501525878906,-31.818750381469727,-34.85625076293945,1001.3374633789062,25.395066614443646,31.12258315276269,15.993909379642911,58.87741684723731,-60.989469999091696,-137.60840944048448,75.48301424033751,2.1966961342917766,222.39159055951552,0.9686699447666269
1744177369621,1744177368866,2.486740827560425,4.118646144866943,8.675776481628418,1744177368918,2.000734806060791,-0.5844448804855347,-0.45158177614212036,1744177368903,-19.462501525878906,-31.818750381469727,-34.85625076293945,1001.3374633789062,25.395066614443646,31.12258315276269,15.993909379642911,58.87741684723731,-60.989469999091696,-137.60840944048448,75.48301424033751,2.1327075943627465,222.39159055951552,0.9686699447666269
1744177369663,1744177368866,2.486740827560425,4.118646144866943,8.675776481628418,1744177368918,2.000734806060791,-0.5844448804855347,-0.45158177614212036,1744177368903,-19.462501525878906,-31.818750381469727,-34.85625076293945,1001.3374633789062,25.395066614443646,31.12258315276269,15.993909379642911,58.87741684723731,-60.989469999091696,-137.60840944048448,75.48301424033751,2.1327075943627465,222.39159055951552,0.9686699447666269
1744177369671,1744177369004,1.8215361833572388,0.9020941257476807,9.617950439453125,1744177368918,2.000734806060791,-0.5844448804855347,-0.45158177614212036,1744177368903,-19.462501525878906,-31.818750381469727,-34.85625076293945,1001.3374633789062,5.35825370554683,63.65363354085626,10.724187796259876,26.34636645914374,-78.0666079412173,-137.60840944048448,79.32159409514536,2.1327075943627465,222.39159055951552,0.9686699447666269
1744177369707,1744177369004,1.8215361833572388,0.9020941257476807,9.617950439453125,1744177368918,2.000734806060791,-0.5844448804855347,-0.45158177614212036,1744177369003,-18.67500114440918,-23.681251525878906,-38.66250228881836,1001.3374633789062,5.35825370554683,63.65363354085626,10.724187796259876,26.34636645914374,-78.0666079412173,-148.51202535310696,79.32159409514536,2.1327075943627465,211.48797464689304,0.9686699447666269
1744177369717,1744177369004,1.8215361833572388,0.9020941257476807,9.617950439453125,1744177369021,1.530063509941101,-0.3104720115661621,0.09193515032529831,1744177369003,-18.67500114440918,-23.681251525878906,-38.66250228881836,1001.3374633789062,5.35825370554683,63.65363354085626,10.724187796259876,26.34636645914374,-78.0666079412173,-148.51202535310696,79.32159409514536,1.563949898904871,211.48797464689304,0.9686699447666269
1744177369794,1744177369004,1.8215361833572388,0.9020941257476807,9.617950439453125,1744177369021,1.530063509941101,-0.3104720115661621,0.09193515032529831,1744177369003,-18.67500114440918,-23.681251525878906,-38.66250228881836,1001.3399658203125,5.35825370554683,63.65363354085626,10.724187796259876,26.34636645914374,-78.0666079412173,-148.51202535310696,79.32159409514536,1.563949898904871,211.48797464689304,0.9475885891636349
1744177369804,1744177369004,1.8215361833572388,0.9020941257476807,9.617950439453125,1744177369125,0.5555815100669861,-0.08338304609060287,0.023518294095993042,1744177369003,-18.67500114440918,-23.681251525878906,-38.66250228881836,1001.3399658203125,5.35825370554683,63.65363354085626,10.724187796259876,26.34636645914374,-78.0666079412173,-148.51202535310696,79.32159409514536,0.5622958801741711,211.48797464689304,0.9475885891636349
1744177369814,1744177369142,1.6917256116867065,0.15194423496723175,10.170692443847656,1744177369125,0.5555815100669861,-0.08338304609060287,0.023518294095993042,1744177369003,-18.67500114440918,-23.681251525878906,-38.66250228881836,1001.3399658203125,0.8559019802129241,84.8676863607187,9.443741174815301,5.1323136392813185,-80.51893312364683,-148.51202535310696,80.55729352826552,0.5622958801741711,211.48797464689304,0.9475885891636349
1744177369885,1744177369142,1.6917256116867065,0.15194423496723175,10.170692443847656,1744177369125,0.5555815100669861,-0.08338304609060287,0.023518294095993042,1744177369203,-16.125,-17.08125114440918,-41.88750076293945,1001.3399658203125,0.8559019802129241,84.8676863607187,9.443741174815301,5.1323136392813185,-80.51893312364683,-157.8149181762099,80.55729352826552,0.5622958801741711,202.1850818237901,0.9475885891636349
1744177369935,1744177369142,1.6917256116867065,0.15194423496723175,10.170692443847656,1744177369229,0.003970621153712273,-0.1870773434638977,-0.16355904936790466,1744177369203,-16.125,-17.08125114440918,-41.88750076293945,1001.3399658203125,0.8559019802129241,84.8676863607187,9.443741174815301,5.1323136392813185,-80.51893312364683,-157.8149181762099,80.55729352826552,0.24852617749442035,202.1850818237901,0.9475885891636349
1744177369944,1744177369142,1.6917256116867065,0.15194423496723175,10.170692443847656,1744177369229,0.003970621153712273,-0.1870773434638977,-0.16355904936790466,1744177369203,-16.125,-17.08125114440918,-41.88750076293945,1001.34375,0.8559019802129241,84.8676863607187,9.443741174815301,5.1323136392813185,-80.51893312364683,-157.8149181762099,80.55729352826552,0.24852617749442035,202.1850818237901,0.9157095470851206
1744177369957,1744177369282,1.4608181715011597,-0.07477571070194244,9.313464164733887,1744177369229,0.003970621153712273,-0.1870773434638977,-0.16355904936790466,1744177369203,-16.125,-17.08125114440918,-41.88750076293945,1001.34375,-0.4600050532548892,92.93027339142655,8.914222161286117,-2.930273391426543,-81.07429489383509,-157.8149181762099,81.08606052211614,0.24852617749442035,202.1850818237901,0.9157095470851206
1744177370031,1744177369282,1.4608181715011597,-0.07477571070194244,9.313464164733887,1744177369229,0.003970621153712273,-0.1870773434638977,-0.16355904936790466,1744177369303,-15.675000190734863,-15.937500953674316,-41.28750228881836,1001.34375,-0.4600050532548892,92.93027339142655,8.914222161286117,-2.930273391426543,-81.07429489383509,-158.8927775487514,81.08606052211614,0.24852617749442035,201.1072224512486,0.9157095470851206
1744177370092,1744177369420,1.3615161180496216,-0.19740787148475647,9.769296646118164,1744177369229,0.003970621153712273,-0.1870773434638977,-0.16355904936790466,1744177369303,-15.675000190734863,-15.937500953674316,-41.28750228881836,1001.34375,-1.1576164801062863,98.24989405547693,7.934027942376543,-8.249894055476933,-81.98408231671816,-158.8927775487514,82.06757076397302,0.24852617749442035,201.1072224512486,0.9157095470851206
1744177370102,1744177369420,1.3615161180496216,-0.19740787148475647,9.769296646118164,1744177369229,0.003970621153712273,-0.1870773434638977,-0.16355904936790466,1744177369403,-14.981250762939453,-15.843750953674316,-41.75625228881836,1001.34375,-1.1576164801062863,98.24989405547693,7.934027942376543,-8.249894055476933,-81.98408231671816,-159.22154084861506,82.06757076397302,0.24852617749442035,200.77845915138494,0.9157095470851206
1744177370112,1744177369420,1.3615161180496216,-0.19740787148475647,9.769296646118164,1744177369229,0.003970621153712273,-0.1870773434638977,-0.16355904936790466,1744177369403,-14.981250762939453,-15.843750953674316,-41.75625228881836,1001.344970703125,-1.1576164801062863,98.24989405547693,7.934027942376543,-8.249894055476933,-81.98408231671816,-159.22154084861506,82.06757076397302,0.24852617749442035,200.77845915138494,0.9054260059295793
1744177370180,1744177369420,1.3615161180496216,-0.19740787148475647,9.769296646118164,1744177369438,-0.05513054504990578,-0.06520981341600418,-0.11927134543657303,1744177369403,-14.981250762939453,-15.843750953674316,-41.75625228881836,1001.344970703125,-1.1576164801062863,98.24989405547693,7.934027942376543,-8.249894055476933,-81.98408231671816,-159.22154084861506,82.06757076397302,0.14668793612802689,200.77845915138494,0.9054260059295793
1744177370231,1744177369420,1.3615161180496216,-0.19740787148475647,9.769296646118164,1744177369541,0.017256930470466614,-0.05742128938436508,-0.06612611562013626,1744177369403,-14.981250762939453,-15.843750953674316,-41.75625228881836,1001.344970703125,-1.1576164801062863,98.24989405547693,7.934027942376543,-8.249894055476933,-81.98408231671816,-159.22154084861506,82.06757076397302,0.08926180196944909,200.77845915138494,0.9054260059295793
1744177370245,1744177369559,1.2705888748168945,-0.1136590763926506,9.630513191223145,1744177369541,0.017256930470466614,-0.05742128938436508,-0.06612611562013626,1744177369403,-14.981250762939453,-15.843750953674316,-41.75625228881836,1001.344970703125,-0.6761719674954471,95.11172282392897,7.515834513078411,-5.1117228239289565,-82.4544996925313,-159.22154084861506,82.48468287722659,0.08926180196944909,200.77845915138494,0.9054260059295793
1744177370257,1744177369559,1.2705888748168945,-0.1136590763926506,9.630513191223145,1744177369541,0.017256930470466614,-0.05742128938436508,-0.06612611562013626,1744177369403,-14.981250762939453,-15.843750953674316,-41.75625228881836,1001.3462524414062,-0.6761719674954471,95.11172282392897,7.515834513078411,-5.1117228239289565,-82.4544996925313,-159.22154084861506,82.48468287722659,0.08926180196944909,200.77845915138494,0.8946282986454535
1744177370317,1744177369559,1.2705888748168945,-0.1136590763926506,9.630513191223145,1744177369541,0.017256930470466614,-0.05742128938436508,-0.06612611562013626,1744177369603,-15.018750190734863,-15.581250190734863,-41.41875076293945,1001.3462524414062,-0.6761719674954471,95.11172282392897,7.515834513078411,-5.1117228239289565,-82.4544996925313,-159.38428661368266,82.48468287722659,0.08926180196944909,200.61571338631734,0.8946282986454535
1744177370371,1744177369559,1.2705888748168945,-0.1136590763926506,9.630513191223145,1744177369645,-0.01802051067352295,-0.006414080038666725,-0.02458730712532997,1744177369603,-15.018750190734863,-15.581250190734863,-41.41875076293945,1001.3462524414062,-0.6761719674954471,95.11172282392897,7.515834513078411,-5.1117228239289565,-82.4544996925313,-159.38428661368266,82.48468287722659,0.03115148310036425,200.61571338631734,0.8946282986454535
1744177370378,1744177369698,1.2735798358917236,-0.14775680005550385,9.732208251953125,1744177369645,-0.01802051067352295,-0.006414080038666725,-0.02458730712532997,1744177369603,-15.018750190734863,-15.581250190734863,-41.41875076293945,1001.3462524414062,-0.8698119119208363,96.61769403047911,7.455495760425575,-6.617694030479111,-82.49506491945931,-159.38428661368266,82.54535367632104,0.03115148310036425,200.61571338631734,0.8946282986454535
1744177370424,1744177369698,1.2735798358917236,-0.14775680005550385,9.732208251953125,1744177369645,-0.01802051067352295,-0.006414080038666725,-0.02458730712532997,1744177369603,-15.018750190734863,-15.581250190734863,-41.41875076293945,1001.3462524414062,-0.8698119119208363,96.61769403047911,7.455495760425575,-6.617694030479111,-82.49506491945931,-159.38428661368266,82.54535367632104,0.03115148310036425,200.61571338631734,0.8946282986454535
1744177370482,1744177369698,1.2735798358917236,-0.14775680005550385,9.732208251953125,1744177369750,-0.025809036567807198,-0.013744457624852657,0.028099779039621353,1744177369603,-15.018750190734863,-15.581250190734863,-41.41875076293945,1001.3462524414062,-0.8698119119208363,96.61769403047911,7.455495760425575,-6.617694030479111,-82.49506491945931,-159.38428661368266,82.54535367632104,0.04055384156939171,200.61571338631734,0.8946282986454535
1744177370486,1744177369698,1.2735798358917236,-0.14775680005550385,9.732208251953125,1744177369750,-0.025809036567807198,-0.013744457624852657,0.028099779039621353,1744177369803,-15.318750381469727,-15.412500381469727,-41.400001525878906,1001.3462524414062,-0.8698119119208363,96.61769403047911,7.455495760425575,-6.617694030479111,-82.49506491945931,-159.58057657722128,82.54535367632104,0.04055384156939171,200.41942342277872,0.8946282986454535
1744177370541,1744177369836,1.3040883541107178,-0.16450655460357666,9.631111145019531,1744177369750,-0.025809036567807198,-0.013744457624852657,0.028099779039621353,1744177369803,-15.318750381469727,-15.412500381469727,-41.400001525878906,1001.3462524414062,-0.9785594476896489,97.18970233088334,7.711164431611171,-7.189702330883327,-82.22846772160165,-159.58057657722128,82.2899466672163,0.04055384156939171,200.41942342277872,0.8946282986454535
1744177370589,1744177369836,1.3040883541107178,-0.16450655460357666,9.631111145019531,1744177369853,0.02153298258781433,-0.05039634555578232,0.08124501258134842,1744177369803,-15.318750381469727,-15.412500381469727,-41.400001525878906,1001.3462524414062,-0.9785594476896489,97.18970233088334,7.711164431611171,-7.189702330883327,-82.22846772160165,-159.58057657722128,82.2899466672163,0.09800108700340215,200.41942342277872,0.8946282986454535
1744177370593,1744177369836,1.3040883541107178,-0.16450655460357666,9.631111145019531,1744177369853,0.02153298258781433,-0.05039634555578232,0.08124501258134842,1744177369803,-15.318750381469727,-15.412500381469727,-41.400001525878906,1001.344970703125,-0.9785594476896489,97.18970233088334,7.711164431611171,-7.189702330883327,-82.22846772160165,-159.58057657722128,82.2899466672163,0.09800108700340215,200.41942342277872,0.9054260059295793
1744177370644,1744177369836,1.3040883541107178,-0.16450655460357666,9.631111145019531,1744177369957,0.026878049597144127,-0.043371398001909256,0.05238165333867073,1744177369803,-15.318750381469727,-15.412500381469727,-41.400001525878906,1001.344970703125,-0.9785594476896489,97.18970233088334,7.711164431611171,-7.189702330883327,-82.22846772160165,-159.58057657722128,82.2899466672163,0.0731255449297934,200.41942342277872,0.9054260059295793
1744177370692,1744177369975,1.072582721710205,-0.10408778488636017,9.65085220336914,1744177369957,0.026878049597144127,-0.043371398001909256,0.05238165333867073,1744177369803,-15.318750381469727,-15.412500381469727,-41.400001525878906,1001.344970703125,-0.6179308749034346,95.54285865257924,6.341750575007426,-5.542858652579225,-83.62870194734668,-159.58057657722128,83.65861523613809,0.0731255449297934,200.41942342277872,0.9054260059295793
1744177370715,1744177369975,1.072582721710205,-0.10408778488636017,9.65085220336914,1744177369957,0.026878049597144127,-0.043371398001909256,0.05238165333867073,1744177370003,-13.93125057220459,-15.768750190734863,-41.66250228881836,1001.344970703125,-0.6179308749034346,95.54285865257924,6.341750575007426,-5.542858652579225,-83.62870194734668,-159.26895548056794,83.65861523613809,0.0731255449297934,200.73104451943206,0.9054260059295793
1744177370758,1744177369975,1.072582721710205,-0.10408778488636017,9.65085220336914,1744177369957,0.026878049597144127,-0.043371398001909256,0.05238165333867073,1744177370003,-13.93125057220459,-15.768750190734863,-41.66250228881836,1001.344970703125,-0.6179308749034346,95.54285865257924,6.341750575007426,-5.542858652579225,-83.62870194734668,-159.26895548056794,83.65861523613809,0.0731255449297934,200.73104451943206,0.9054260059295793
1744177370771,1744177369975,1.072582721710205,-0.10408778488636017,9.65085220336914,1744177370061,0.011300998739898205,-0.010690134018659592,0.04657844081521034,1744177370003,-13.93125057220459,-15.768750190734863,-41.66250228881836,1001.344970703125,-0.6179308749034346,95.54285865257924,6.341750575007426,-5.542858652579225,-83.62870194734668,-159.26895548056794,83.65861523613809,0.04910746060052522,200.73104451943206,0.9054260059295793
1744177370838,1744177370113,1.1276177167892456,-0.12382857501506805,9.68913745880127,1744177370061,0.011300998739898205,-0.010690134018659592,0.04657844081521034,1744177370003,-13.93125057220459,-15.768750190734863,-41.66250228881836,1001.344970703125,-0.7322084681962401,96.2667868980411,6.638196354390279,-6.266786898041097,-83.32225730521392,-159.26895548056794,83.362340857366,0.04910746060052522,200.73104451943206,0.9054260059295793
1744177370879,1744177370113,1.1276177167892456,-0.12382857501506805,9.68913745880127,1744177370166,-0.007177661173045635,-0.004886918235570192,0.04734202101826668,1744177370003,-13.93125057220459,-15.768750190734863,-41.66250228881836,1001.344970703125,-0.7322084681962401,96.2667868980411,6.638196354390279,-6.266786898041097,-83.32225730521392,-159.26895548056794,83.362340857366,0.048131774783922096,200.73104451943206,0.9054260059295793
1744177370900,1744177370113,1.1276177167892456,-0.12382857501506805,9.68913745880127,1744177370166,-0.007177661173045635,-0.004886918235570192,0.04734202101826668,1744177370203,-13.781250953674316,-15.52500057220459,-41.70000076293945,1001.344970703125,-0.7322084681962401,96.2667868980411,6.638196354390279,-6.266786898041097,-83.32225730521392,-159.57959224482752,83.362340857366,0.048131774783922096,200.42040775517248,0.9054260059295793
1744177370917,1744177370113,1.1276177167892456,-0.12382857501506805,9.68913745880127,1744177370166,-0.007177661173045635,-0.004886918235570192,0.04734202101826668,1744177370203,-13.781250953674316,-15.52500057220459,-41.70000076293945,1001.344970703125,-0.7322084681962401,96.2667868980411,6.638196354390279,-6.266786898041097,-83.32225730521392,-159.57959224482752,83.362340857366,0.048131774783922096,200.42040775517248,0.9054260059295793
1744177370930,1744177370252,1.1252248287200928,-0.21355941891670227,9.644271850585938,1744177370166,-0.007177661173045635,-0.004886918235570192,0.04734202101826668,1744177370203,-13.781250953674316,-15.52500057220459,-41.70000076293945,1001.344970703125,-1.2685306064594073,100.74650113478374,6.654775421470712,-10.74650113478373,-83.22752213259548,-159.57959224482752,83.34684091153636,0.048131774783922096,200.42040775517248,0.9054260059295793
1744177370982,1744177370252,1.1252248287200928,-0.21355941891670227,9.644271850585938,1744177370269,0.004428769461810589,0.052687086164951324,-0.009926552884280682,1744177370203,-13.781250953674316,-15.52500057220459,-41.70000076293945,1001.344970703125,-1.2685306064594073,100.74650113478374,6.654775421470712,-10.74650113478373,-83.22752213259548,-159.57959224482752,83.34684091153636,0.05379664952079537,200.42040775517248,0.9054260059295793
1744177370992,1744177370252,1.1252248287200928,-0.21355941891670227,9.644271850585938,1744177370269,0.004428769461810589,0.052687086164951324,-0.009926552884280682,1744177370303,-15.956250190734863,-15.881250381469727,-41.26875305175781,1001.344970703125,-1.2685306064594073,100.74650113478374,6.654775421470712,-10.74650113478373,-83.22752213259548,-158.95202431382143,83.34684091153636,0.05379664952079537,201.04797568617857,0.9054260059295793
1744177371052,1744177370252,1.1252248287200928,-0.21355941891670227,9.644271850585938,1744177370373,-0.0565049909055233,0.041386090219020844,-0.08903354406356812,1744177370303,-15.956250190734863,-15.881250381469727,-41.26875305175781,1001.344970703125,-1.2685306064594073,100.74650113478374,6.654775421470712,-10.74650113478373,-83.22752213259548,-158.95202431382143,83.34684091153636,0.11328104179150865,201.04797568617857,0.9054260059295793
1744177371054,1744177370391,1.074377417564392,-0.3475574851036072,9.954740524291992,1744177370373,-0.0565049909055233,0.041386090219020844,-0.08903354406356812,1744177370303,-15.956250190734863,-15.881250381469727,-41.26875305175781,1001.344970703125,-1.9995992402398228,107.92621999942025,6.159873306567414,-17.92621999942025,-83.5284317908475,-158.95202431382143,83.84384880796546,0.11328104179150865,201.04797568617857,0.9054260059295793
1744177371064,1744177370391,1.074377417564392,-0.3475574851036072,9.954740524291992,1744177370373,-0.0565049909055233,0.041386090219020844,-0.08903354406356812,1744177370303,-15.956250190734863,-15.881250381469727,-41.26875305175781,1001.3462524414062,-1.9995992402398228,107.92621999942025,6.159873306567414,-17.92621999942025,-83.5284317908475,-158.95202431382143,83.84384880796546,0.11328104179150865,201.04797568617857,0.8946282986454535
1744177371126,1744177370391,1.074377417564392,-0.3475574851036072,9.954740524291992,1744177370373,-0.0565049909055233,0.041386090219020844,-0.08903354406356812,1744177370403,-14.737500190734863,-15.937500953674316,-41.34375,1001.3462524414062,-1.9995992402398228,107.92621999942025,6.159873306567414,-17.92621999942025,-83.5284317908475,-158.9189698469441,83.84384880796546,0.11328104179150865,201.0810301530559,0.8946282986454535
1744177371193,1744177370391,1.074377417564392,-0.3475574851036072,9.954740524291992,1744177370477,-0.15027274191379547,0.016035201027989388,-0.1328630894422531,1744177370403,-14.737500190734863,-15.937500953674316,-41.34375,1001.3462524414062,-1.9995992402398228,107.92621999942025,6.159873306567414,-17.92621999942025,-83.5284317908475,-158.9189698469441,83.84384880796546,0.2012253094678658,201.0810301530559,0.8946282986454535
1744177371205,1744177370529,1.6707884073257446,0.5916253924369812,9.585049629211426,1744177370477,-0.15027274191379547,0.016035201027989388,-0.1328630894422531,1744177370403,-14.737500190734863,-15.937500953674316,-41.34375,1001.3462524414062,3.532030555601517,70.50096940779378,9.887988466618177,19.49903059220622,-79.52335427834937,-158.9189698469441,80.1304239485807,0.2012253094678658,201.0810301530559,0.8946282986454535
1744177371217,1744177370529,1.6707884073257446,0.5916253924369812,9.585049629211426,1744177370477,-0.15027274191379547,0.016035201027989388,-0.1328630894422531,1744177370403,-14.737500190734863,-15.937500953674316,-41.34375,1001.3512573242188,3.532030555601517,70.50096940779378,9.887988466618177,19.49903059220622,-79.52335427834937,-158.9189698469441,80.1304239485807,0.2012253094678658,201.0810301530559,0.8524659297478909
1744177371291,1744177370529,1.6707884073257446,0.5916253924369812,9.585049629211426,1744177370581,-0.002290742937475443,-0.09285144507884979,-0.0691804364323616,1744177370403,-14.737500190734863,-15.937500953674316,-41.34375,1001.3512573242188,3.532030555601517,70.50096940779378,9.887988466618177,19.49903059220622,-79.52335427834937,-158.9189698469441,80.1304239485807,0.11581265535945663,201.0810301530559,0.8524659297478909
1744177371306,1744177370529,1.6707884073257446,0.5916253924369812,9.585049629211426,1744177370581,-0.002290742937475443,-0.09285144507884979,-0.0691804364323616,1744177370603,-15.037500381469727,-16.875,-41.00625228881836,1001.3512573242188,3.532030555601517,70.50096940779378,9.887988466618177,19.49903059220622,-79.52335427834937,-157.63172609807683,80.1304239485807,0.11581265535945663,202.36827390192317,0.8524659297478909
1744177371343,1744177370668,0.8566305041313171,-0.1657029688358307,9.640084266662598,1744177370581,-0.002290742937475443,-0.09285144507884979,-0.0691804364323616,1744177370603,-15.037500381469727,-16.875,-41.00625228881836,1001.3512573242188,-0.9847575632489871,100.94784222145113,5.078040016937805,-10.947842221451117,-84.8283347659461,-157.63172609807683,84.92270607556134,0.11581265535945663,202.36827390192317,0.8524659297478909
1744177371375,1744177370668,0.8566305041313171,-0.1657029688358307,9.640084266662598,1744177370685,0.13393209874629974,-0.07254019379615784,-0.1614210158586502,1744177370603,-15.037500381469727,-16.875,-41.00625228881836,1001.3512573242188,-0.9847575632489871,100.94784222145113,5.078040016937805,-10.947842221451117,-84.8283347659461,-157.63172609807683,84.92270607556134,0.22193834988890793,202.36827390192317,0.8524659297478909
1744177371385,1744177370668,0.8566305041313171,-0.1657029688358307,9.640084266662598,1744177370685,0.13393209874629974,-0.07254019379615784,-0.1614210158586502,1744177370603,-15.037500381469727,-16.875,-41.00625228881836,1001.35498046875,-0.9847575632489871,100.94784222145113,5.078040016937805,-10.947842221451117,-84.8283347659461,-157.63172609807683,84.92270607556134,0.22193834988890793,202.36827390192317,0.8211013513688692
1744177371385,1744177370668,0.8566305041313171,-0.1657029688358307,9.640084266662598,1744177370685,0.13393209874629974,-0.07254019379615784,-0.1614210158586502,1744177370703,-14.77500057220459,-16.443750381469727,-41.34375,1001.35498046875,-0.9847575632489871,100.94784222145113,5.078040016937805,-10.947842221451117,-84.8283347659461,-158.31067963075358,84.92270607556134,0.22193834988890793,201.68932036924642,0.8211013513688692
1744177371479,1744177370668,0.8566305041313171,-0.1657029688358307,9.640084266662598,1744177370790,0.08872810751199722,-0.025503603741526604,-0.09758564829826355,1744177370703,-14.77500057220459,-16.443750381469727,-41.34375,1001.35498046875,-0.9847575632489871,100.94784222145113,5.078040016937805,-10.947842221451117,-84.8283347659461,-158.31067963075358,84.92270607556134,0.13433566027030103,201.68932036924642,0.8211013513688692
1744177371486,1744177370806,1.2418749332427979,-0.5748756527900696,9.592825889587402,1744177370790,0.08872810751199722,-0.025503603741526604,-0.09758564829826355,1744177370703,-14.77500057220459,-16.443750381469727,-41.34375,1001.35498046875,-3.4295007000572473,114.83986455747063,7.376412209455947,-24.83986455747062,-81.88116256800079,-158.31067963075358,82.63665266807514,0.13433566027030103,201.68932036924642,0.8211013513688692
1744177371545,1744177370806,1.2418749332427979,-0.5748756527900696,9.592825889587402,1744177370790,0.08872810751199722,-0.025503603741526604,-0.09758564829826355,1744177370703,-14.77500057220459,-16.443750381469727,-41.34375,1001.3536987304688,-3.4295007000572473,114.83986455747063,7.376412209455947,-24.83986455747062,-81.88116256800079,-158.31067963075358,82.63665266807514,0.13433566027030103,201.68932036924642,0.8318989824466516
1744177371596,1744177370806,1.2418749332427979,-0.5748756527900696,9.592825889587402,1744177370893,-0.0154243353754282,0.0062613640911877155,-0.16829325258731842,1744177370703,-14.77500057220459,-16.443750381469727,-41.34375,1001.3536987304688,-3.4295007000572473,114.83986455747063,7.376412209455947,-24.83986455747062,-81.88116256800079,-158.31067963075358,82.63665266807514,0.16911455782538373,201.68932036924642,0.8318989824466516
1744177371613,1744177370806,1.2418749332427979,-0.5748756527900696,9.592825889587402,1744177370893,-0.0154243353754282,0.0062613640911877155,-0.16829325258731842,1744177370903,-14.718750953674316,-15.300000190734863,-41.75625228881836,1001.3536987304688,-3.4295007000572473,114.83986455747063,7.376412209455947,-24.83986455747062,-81.88116256800079,-159.87654970606218,82.63665266807514,0.16911455782538373,200.12345029393782,0.8318989824466516
1744177371637,1744177370945,1.1832507848739624,-0.43549370765686035,9.372686386108398,1744177370893,-0.0154243353754282,0.0062613640911877155,-0.16829325258731842,1744177370903,-14.718750953674316,-15.300000190734863,-41.75625228881836,1001.3536987304688,-2.6602851378015995,110.20606386627888,7.19521724763422,-20.206063866278882,-82.33835932061514,-159.87654970606218,82.81245599105273,0.16911455782538373,200.12345029393782,0.8318989824466516
1744177371697,1744177370945,1.1832507848739624,-0.43549370765686035,9.372686386108398,1744177370997,-0.012522728182375431,0.06627883017063141,-0.05696314200758934,1744177370903,-14.718750953674316,-15.300000190734863,-41.75625228881836,1001.3536987304688,-2.6602851378015995,110.20606386627888,7.19521724763422,-20.206063866278882,-82.33835932061514,-159.87654970606218,82.81245599105273,0.0882864745999853,200.12345029393782,0.8318989824466516
1744177371700,1744177370945,1.1832507848739624,-0.43549370765686035,9.372686386108398,1744177370997,-0.012522728182375431,0.06627883017063141,-0.05696314200758934,1744177371003,-15.375000953674316,-15.693750381469727,-41.75625228881836,1001.3536987304688,-2.6602851378015995,110.20606386627888,7.19521724763422,-20.206063866278882,-82.33835932061514,-159.4016748160354,82.81245599105273,0.0882864745999853,200.5983251839646,0.8318989824466516
1744177371701,1744177370945,1.1832507848739624,-0.43549370765686035,9.372686386108398,1744177370997,-0.012522728182375431,0.06627883017063141,-0.05696314200758934,1744177371003,-15.375000953674316,-15.693750381469727,-41.75625228881836,1001.3524780273438,-2.6602851378015995,110.20606386627888,7.19521724763422,-20.206063866278882,-82.33835932061514,-159.4016748160354,82.81245599105273,0.0882864745999853,200.5983251839646,0.8421824510230824
1744177371758,1744177371084,1.293320655822754,-0.1501496136188507,9.432506561279297,1744177370997,-0.012522728182375431,0.06627883017063141,-0.05696314200758934,1744177371003,-15.375000953674316,-15.693750381469727,-41.75625228881836,1001.3524780273438,-0.9119752601931712,96.62217651344928,7.807321596012669,-6.622176513449255,-82.14089282804935,-159.4016748160354,82.19365518112787,0.0882864745999853,200.5983251839646,0.8421824510230824
1744177371788,1744177371084,1.293320655822754,-0.1501496136188507,9.432506561279297,1744177371101,0.005955931730568409,0.019700389355421066,0.033139415085315704,1744177371003,-15.375000953674316,-15.693750381469727,-41.75625228881836,1001.3524780273438,-0.9119752601931712,96.62217651344928,7.807321596012669,-6.622176513449255,-82.14089282804935,-159.4016748160354,82.19365518112787,0.039010246035256296,200.5983251839646,0.8421824510230824
1744177371799,1744177371084,1.293320655822754,-0.1501496136188507,9.432506561279297,1744177371101,0.005955931730568409,0.019700389355421066,0.033139415085315704,1744177371103,-17.137500762939453,-14.231250762939453,-40.29375076293945,1001.3524780273438,-0.9119752601931712,96.62217651344928,7.807321596012669,-6.622176513449255,-82.14089282804935,-160.5474140573422,82.19365518112787,0.039010246035256296,199.4525859426578,0.8421824510230824
1744177371879,1744177371084,1.293320655822754,-0.1501496136188507,9.432506561279297,1744177371101,0.005955931730568409,0.019700389355421066,0.033139415085315704,1744177371103,-17.137500762939453,-14.231250762939453,-40.29375076293945,1001.3512573242188,-0.9119752601931712,96.62217651344928,7.807321596012669,-6.622176513449255,-82.14089282804935,-160.5474140573422,82.19365518112787,0.039010246035256296,199.4525859426578,0.8524659297478909
1744177371888,1744177371084,1.293320655822754,-0.1501496136188507,9.432506561279297,1744177371101,0.005955931730568409,0.019700389355421066,0.033139415085315704,1744177371203,-14.700000762939453,-15.506250381469727,-42.09375,1001.3512573242188,-0.9119752601931712,96.62217651344928,7.807321596012669,-6.622176513449255,-82.14089282804935,-159.7775055554267,82.19365518112787,0.039010246035256296,200.2224944445733,0.8524659297478909
1744177371897,1744177371084,1.293320655822754,-0.1501496136188507,9.432506561279297,1744177371205,-0.005803215317428112,-0.032070402055978775,0.056657709181308746,1744177371203,-14.700000762939453,-15.506250381469727,-42.09375,1001.3512573242188,-0.9119752601931712,96.62217651344928,7.807321596012669,-6.622176513449255,-82.14089282804935,-159.7775055554267,82.19365518112787,0.06536271112588826,200.2224944445733,0.8524659297478909
1744177371901,1744177371223,1.0761719942092896,-0.2638086974620819,9.879366874694824,1744177371205,-0.005803215317428112,-0.032070402055978775,0.056657709181308746,1744177371203,-14.700000762939453,-15.506250381469727,-42.09375,1001.3512573242188,-1.529605497799753,103.77366145645992,6.216789914050303,-13.773661456459903,-83.6006513024962,-159.7775055554267,83.78540800566226,0.06536271112588826,200.2224944445733,0.8524659297478909
1744177371998,1744177371223,1.0761719942092896,-0.2638086974620819,9.879366874694824,1744177371205,-0.005803215317428112,-0.032070402055978775,0.056657709181308746,1744177371303,-15.43125057220459,-15.05625057220459,-41.4375,1001.3512573242188,-1.529605497799753,103.77366145645992,6.216789914050303,-13.773661456459903,-83.6006513024962,-160.03146550093095,83.78540800566226,0.06536271112588826,199.96853449906905,0.8524659297478909
1744177372035,1744177371223,1.0761719942092896,-0.2638086974620819,9.879366874694824,1744177371310,-0.012675444595515728,-0.047494735568761826,-0.019242240116000175,1744177371303,-15.43125057220459,-15.05625057220459,-41.4375,1001.3512573242188,-1.529605497799753,103.77366145645992,6.216789914050303,-13.773661456459903,-83.6006513024962,-160.03146550093095,83.78540800566226,0.052789019759059794,199.96853449906905,0.8524659297478909
1744177372048,1744177371223,1.0761719942092896,-0.2638086974620819,9.879366874694824,1744177371310,-0.012675444595515728,-0.047494735568761826,-0.019242240116000175,1744177371303,-15.43125057220459,-15.05625057220459,-41.4375,1001.344970703125,-1.529605497799753,103.77366145645992,6.216789914050303,-13.773661456459903,-83.6006513024962,-160.03146550093095,83.78540800566226,0.052789019759059794,199.96853449906905,0.9054260059295793
1744177372048,1744177371361,0.8859425783157349,-0.22073788940906525,9.66819953918457,1744177371310,-0.012675444595515728,-0.047494735568761826,-0.019242240116000175,1744177371303,-15.43125057220459,-15.05625057220459,-41.4375,1001.344970703125,-1.30791183168608,103.99072017083627,5.235659850648344,-13.99072017083627,-84.60520590243787,-160.03146550093095,84.76569663390136,0.052789019759059794,199.96853449906905,0.9054260059295793
1744177372104,1744177371361,0.8859425783157349,-0.22073788940906525,9.66819953918457,1744177371413,0.03848448023200035,-0.0256563201546669,-0.045967575162649155,1744177371303,-15.43125057220459,-15.05625057220459,-41.4375,1001.344970703125,-1.30791183168608,103.99072017083627,5.235659850648344,-13.99072017083627,-84.60520590243787,-160.03146550093095,84.76569663390136,0.06520981482062184,199.96853449906905,0.9054260059295793
1744177372176,1744177371500,1.038485050201416,-0.18005990982055664,9.725028991699219,1744177371413,0.03848448023200035,-0.0256563201546669,-0.045967575162649155,1744177371303,-15.43125057220459,-15.05625057220459,-41.4375,1001.344970703125,-1.060716041113009,99.83655460842469,6.095219153029533,-9.836554608424677,-83.8145385719305,-160.03146550093095,83.9058174660359,0.06520981482062184,199.96853449906905,0.9054260059295793
1744177372203,1744177371500,1.038485050201416,-0.18005990982055664,9.725028991699219,1744177371413,0.03848448023200035,-0.0256563201546669,-0.045967575162649155,1744177371303,-15.43125057220459,-15.05625057220459,-41.4375,1001.3424682617188,-1.060716041113009,99.83655460842469,6.095219153029533,-9.836554608424677,-83.8145385719305,-160.03146550093095,83.9058174660359,0.06520981482062184,199.96853449906905,0.9265072762163118
1744177372216,1744177371500,1.038485050201416,-0.18005990982055664,9.725028991699219,1744177371413,0.03848448023200035,-0.0256563201546669,-0.045967575162649155,1744177371503,-14.943750381469727,-14.49375057220459,-41.8125,1001.3424682617188,-1.060716041113009,99.83655460842469,6.095219153029533,-9.836554608424677,-83.8145385719305,-160.88180209714923,83.9058174660359,0.06520981482062184,199.11819790285077,0.9265072762163118
1744177372216,1744177371500,1.038485050201416,-0.18005990982055664,9.725028991699219,1744177371517,0.10109812021255493,-0.004428769461810589,-0.0639880821108818,1744177371503,-14.943750381469727,-14.49375057220459,-41.8125,1001.3424682617188,-1.060716041113009,99.83655460842469,6.095219153029533,-9.836554608424677,-83.8145385719305,-160.88180209714923,83.9058174660359,0.11972852025180561,199.11819790285077,0.9265072762163118
1744177372282,1744177371500,1.038485050201416,-0.18005990982055664,9.725028991699219,1744177371517,0.10109812021255493,-0.004428769461810589,-0.0639880821108818,1744177371603,-15.487500190734863,-14.137500762939453,-41.36250305175781,1001.3424682617188,-1.060716041113009,99.83655460842469,6.095219153029533,-9.836554608424677,-83.8145385719305,-161.12982337216215,83.9058174660359,0.11972852025180561,198.87017662783785,0.9265072762163118
1744177372325,1744177371500,1.038485050201416,-0.18005990982055664,9.725028991699219,1744177371621,0.021685699000954628,-0.042913250625133514,-0.034208428114652634,1744177371603,-15.487500190734863,-14.137500762939453,-41.36250305175781,1001.3424682617188,-1.060716041113009,99.83655460842469,6.095219153029533,-9.836554608424677,-83.8145385719305,-161.12982337216215,83.9058174660359,0.05900875506609916,198.87017662783785,0.9265072762163118
1744177372337,1744177371638,0.9732806086540222,-0.3487538993358612,9.600603103637695,1744177371621,0.021685699000954628,-0.042913250625133514,-0.034208428114652634,1744177371603,-15.487500190734863,-14.137500762939453,-41.36250305175781,1001.3424682617188,-2.0804259701624903,109.71403442514892,5.788699159689084,-19.714034425148906,-83.85356761883452,-161.12982337216215,84.21509055102065,0.05900875506609916,198.87017662783785,0.9265072762163118
1744177372384,1744177371638,0.9732806086540222,-0.3487538993358612,9.600603103637695,1744177371621,0.021685699000954628,-0.042913250625133514,-0.034208428114652634,1744177371603,-15.487500190734863,-14.137500762939453,-41.36250305175781,1001.3399658203125,-2.0804259701624903,109.71403442514892,5.788699159689084,-19.714034425148906,-83.85356761883452,-161.12982337216215,84.21509055102065,0.05900875506609916,198.87017662783785,0.9475885891636349
1744177372395,1744177371638,0.9732806086540222,-0.3487538993358612,9.600603103637695,1744177371621,0.021685699000954628,-0.042913250625133514,-0.034208428114652634,1744177371703,-16.200000762939453,-14.062500953674316,-41.75625228881836,1001.3399658203125,-2.0804259701624903,109.71403442514892,5.788699159689084,-19.714034425148906,-83.85356761883452,-161.38771294598763,84.21509055102065,0.05900875506609916,198.61228705401237,0.9475885891636349
1744177372417,1744177371638,0.9732806086540222,-0.3487538993358612,9.600603103637695,1744177371725,0.04734202101826668,-0.0010690133785828948,-0.030085090547800064,1744177371703,-16.200000762939453,-14.062500953674316,-41.75625228881836,1001.3399658203125,-2.0804259701624903,109.71403442514892,5.788699159689084,-19.714034425148906,-83.85356761883452,-161.38771294598763,84.21509055102065,0.056102784395847254,198.61228705401237,0.9475885891636349
1744177372476,1744177371777,1.0839486122131348,-0.49710890650749207,10.040284156799316,1744177371725,0.04734202101826668,-0.0010690133785828948,-0.030085090547800064,1744177371703,-16.200000762939453,-14.062500953674316,-41.75625228881836,1001.3399658203125,-2.8344818139734955,114.63662987229667,6.16178440069419,-24.636629872296638,-83.22660987754271,-161.38771294598763,83.84569630159586,0.056102784395847254,198.61228705401237,0.9475885891636349
1744177372531,1744177371777,1.0839486122131348,-0.49710890650749207,10.040284156799316,1744177371725,0.04734202101826668,-0.0010690133785828948,-0.030085090547800064,1744177371703,-16.200000762939453,-14.062500953674316,-41.75625228881836,1001.3424682617188,-2.8344818139734955,114.63662987229667,6.16178440069419,-24.636629872296638,-83.22660987754271,-161.38771294598763,83.84569630159586,0.056102784395847254,198.61228705401237,0.9265072762163118
1744177372538,1744177371777,1.0839486122131348,-0.49710890650749207,10.040284156799316,1744177371830,-0.10277800261974335,0.003512472379952669,0.014660755172371864,1744177371703,-16.200000762939453,-14.062500953674316,-41.75625228881836,1001.3424682617188,-2.8344818139734955,114.63662987229667,6.16178440069419,-24.636629872296638,-83.22660987754271,-161.38771294598763,83.84569630159586,0.10387777927424194,198.61228705401237,0.9265072762163118
1744177372617,1744177371916,0.8656035661697388,-0.18723836541175842,9.69930648803711,1744177371830,-0.10277800261974335,0.003512472379952669,0.014660755172371864,1744177371703,-16.200000762939453,-14.062500953674316,-41.75625228881836,1001.3424682617188,-1.105917809446915,102.20558043304305,5.099786228629439,-12.205580433043039,-84.78291211111016,-161.38771294598763,84.9011587312352,0.10387777927424194,198.61228705401237,0.9265072762163118
1744177372617,1744177371916,0.8656035661697388,-0.18723836541175842,9.69930648803711,1744177371830,-0.10277800261974335,0.003512472379952669,0.014660755172371864,1744177371903,-15.61875057220459,-14.512500762939453,-41.26875305175781,1001.3424682617188,-1.105917809446915,102.20558043304305,5.099786228629439,-12.205580433043039,-84.78291211111016,-160.62535145235518,84.9011587312352,0.10387777927424194,199.37464854764482,0.9265072762163118
1744177372641,1744177371916,0.8656035661697388,-0.18723836541175842,9.69930648803711,1744177371933,-0.10140355676412582,0.04718930274248123,0.013286309316754341,1744177371903,-15.61875057220459,-14.512500762939453,-41.26875305175781,1001.3424682617188,-1.105917809446915,102.20558043304305,5.099786228629439,-12.205580433043039,-84.78291211111016,-160.62535145235518,84.9011587312352,0.11263231167385897,199.37464854764482,0.9265072762163118
1744177372684,1744177371916,0.8656035661697388,-0.18723836541175842,9.69930648803711,1744177371933,-0.10140355676412582,0.04718930274248123,0.013286309316754341,1744177371903,-15.61875057220459,-14.512500762939453,-41.26875305175781,1001.34375,-1.105917809446915,102.20558043304305,5.099786228629439,-12.205580433043039,-84.78291211111016,-160.62535145235518,84.9011587312352,0.11263231167385897,199.37464854764482,0.9157095470851206
1744177372692,1744177371916,0.8656035661697388,-0.18723836541175842,9.69930648803711,1744177371933,-0.10140355676412582,0.04718930274248123,0.013286309316754341,1744177372003,-18.450000762939453,-14.40000057220459,-40.48125076293945,1001.34375,-1.105917809446915,102.20558043304305,5.099786228629439,-12.205580433043039,-84.78291211111016,-160.41849744537637,84.9011587312352,0.11263231167385897,199.58150255462363,0.9157095470851206
1744177372718,1744177371916,0.8656035661697388,-0.18723836541175842,9.69930648803711,1744177372037,-0.10170898586511612,0.053145237267017365,0.016035201027989388,1744177372003,-18.450000762939453,-14.40000057220459,-40.48125076293945,1001.34375,-1.105917809446915,102.20558043304305,5.099786228629439,-12.205580433043039,-84.78291211111016,-160.41849744537637,84.9011587312352,0.11587174686646436,199.58150255462363,0.9157095470851206
1744177372725,1744177372055,0.8602197170257568,0.20877377688884735,8.883354187011719,1744177372037,-0.10170898586511612,0.053145237267017365,0.016035201027989388,1744177372003,-18.450000762939453,-14.40000057220459,-40.48125076293945,1001.34375,1.3462994351753361,76.3581807375891,5.530992489768234,13.641819262410905,-84.30948275715326,-160.41849744537637,84.4705248779216,0.11587174686646436,199.58150255462363,0.9157095470851206
1744177372796,1744177372055,0.8602197170257568,0.20877377688884735,8.883354187011719,1744177372037,-0.10170898586511612,0.053145237267017365,0.016035201027989388,1744177372103,-16.200000762939453,-15.656250953674316,-41.212501525878906,1001.34375,1.3462994351753361,76.3581807375891,5.530992489768234,13.641819262410905,-84.30948275715326,-159.1986754700618,84.4705248779216,0.11587174686646436,200.8013245299382,0.9157095470851206
1744177372824,1744177372055,0.8602197170257568,0.20877377688884735,8.883354187011719,1744177372037,-0.10170898586511612,0.053145237267017365,0.016035201027989388,1744177372103,-16.200000762939453,-15.656250953674316,-41.212501525878906,1001.3362426757812,1.3462994351753361,76.3581807375891,5.530992489768234,13.641819262410905,-84.30948275715326,-159.1986754700618,84.4705248779216,0.11587174686646436,200.8013245299382,0.9789535483430578
1744177372837,1744177372055,0.8602197170257568,0.20877377688884735,8.883354187011719,1744177372141,0.07376192510128021,0.2695440948009491,0.2435823380947113,1744177372103,-16.200000762939453,-15.656250953674316,-41.212501525878906,1001.3362426757812,1.3462994351753361,76.3581807375891,5.530992489768234,13.641819262410905,-84.30948275715326,-159.1986754700618,84.4705248779216,0.3707117425553123,200.8013245299382,0.9789535483430578
1744177372885,1744177372194,1.1599208116531372,0.5383850932121277,8.547760963439941,1744177372141,0.07376192510128021,0.2695440948009491,0.2435823380947113,1744177372103,-16.200000762939453,-15.656250953674316,-41.212501525878906,1001.3362426757812,3.6040430331500914,65.10130948199088,7.727765157332116,24.89869051800913,-81.49142944223011,-159.1986754700618,82.28733394635417,0.3707117425553123,200.8013245299382,0.9789535483430578
1744177372893,1744177372194,1.1599208116531372,0.5383850932121277,8.547760963439941,1744177372141,0.07376192510128021,0.2695440948009491,0.2435823380947113,1744177372203,-16.012500762939453,-15.187500953674316,-41.36250305175781,1001.3362426757812,3.6040430331500914,65.10130948199088,7.727765157332116,24.89869051800913,-81.49142944223011,-159.8377538220486,82.28733394635417,0.3707117425553123,200.1622461779514,0.9789535483430578
1744177372925,1744177372194,1.1599208116531372,0.5383850932121277,8.547760963439941,1744177372245,-0.1104138121008873,0.32528549432754517,0.49373146891593933,1744177372203,-16.012500762939453,-15.187500953674316,-41.36250305175781,1001.3362426757812,3.6040430331500914,65.10130948199088,7.727765157332116,24.89869051800913,-81.49142944223011,-159.8377538220486,82.28733394635417,0.6014753744921372,200.1622461779514,0.9789535483430578
1744177372990,1744177372194,1.1599208116531372,0.5383850932121277,8.547760963439941,1744177372245,-0.1104138121008873,0.32528549432754517,0.49373146891593933,1744177372203,-16.012500762939453,-15.187500953674316,-41.36250305175781,1001.3299560546875,3.6040430331500914,65.10130948199088,7.727765157332116,24.89869051800913,-81.49142944223011,-159.8377538220486,82.28733394635417,0.6014753744921372,200.1622461779514,1.0319142675293036
1744177373043,1744177372332,1.5720844268798828,1.0827522277832031,9.522237777709961,1744177372245,-0.1104138121008873,0.32528549432754517,0.49373146891593933,1744177372203,-16.012500762939453,-15.187500953674316,-41.36250305175781,1001.3299560546875,6.487111625368295,55.44338952903351,9.374745830739965,34.5566104709665,-78.6644572149222,-159.8377538220486,80.68422233372871,0.6014753744921372,200.1622461779514,1.0319142675293036
1744177373050,1744177372332,1.5720844268798828,1.0827522277832031,9.522237777709961,1744177372349,0.18356487154960632,0.5213730931282043,0.01359174121171236,1744177372203,-16.012500762939453,-15.187500953674316,-41.36250305175781,1001.3299560546875,6.487111625368295,55.44338952903351,9.374745830739965,34.5566104709665,-78.6644572149222,-159.8377538220486,80.68422233372871,0.5529111137735078,200.1622461779514,1.0319142675293036
1744177373082,1744177372332,1.5720844268798828,1.0827522277832031,9.522237777709961,1744177372349,0.18356487154960632,0.5213730931282043,0.01359174121171236,1744177372403,-19.387500762939453,-16.256250381469727,-40.89375305175781,1001.3299560546875,6.487111625368295,55.44338952903351,9.374745830739965,34.5566104709665,-78.6644572149222,-158.3209891536916,80.68422233372871,0.5529111137735078,201.6790108463084,1.0319142675293036
1744177373141,1744177372332,1.5720844268798828,1.0827522277832031,9.522237777709961,1744177372453,0.1308777779340744,0.37094762921333313,0.4943423271179199,1744177372403,-19.387500762939453,-16.256250381469727,-40.89375305175781,1001.3299560546875,6.487111625368295,55.44338952903351,9.374745830739965,34.5566104709665,-78.6644572149222,-158.3209891536916,80.68422233372871,0.6317479503380394,201.6790108463084,1.0319142675293036
1744177373149,1744177372470,2.963510751724243,1.5469598770141602,10.281360626220703,1744177372453,0.1308777779340744,0.37094762921333313,0.4943423271179199,1744177372403,-19.387500762939453,-16.256250381469727,-40.89375305175781,1001.3299560546875,8.556683596595096,62.43533068938149,16.07915598221261,27.564669310618516,-71.98811360412236,-158.3209891536916,74.09071331831629,0.6317479503380394,201.6790108463084,1.0319142675293036
1744177373175,1744177372470,2.963510751724243,1.5469598770141602,10.281360626220703,1744177372453,0.1308777779340744,0.37094762921333313,0.4943423271179199,1744177372403,-19.387500762939453,-16.256250381469727,-40.89375305175781,1001.3299560546875,8.556683596595096,62.43533068938149,16.07915598221261,27.564669310618516,-71.98811360412236,-158.3209891536916,74.09071331831629,0.6317479503380394,201.6790108463084,1.0319142675293036
1744177373234,1744177372470,2.963510751724243,1.5469598770141602,10.281360626220703,1744177372453,0.1308777779340744,0.37094762921333313,0.4943423271179199,1744177372503,-20.887500762939453,-16.42500114440918,-40.53750228881836,1001.3299560546875,8.556683596595096,62.43533068938149,16.07915598221261,27.564669310618516,-71.98811360412236,-157.9431737242396,74.09071331831629,0.6317479503380394,202.0568262757604,1.0319142675293036
1744177373249,1744177372470,2.963510751724243,1.5469598770141602,10.281360626220703,1744177372557,0.1695149689912796,0.14630211889743805,0.4734202027320862,1744177372503,-20.887500762939453,-16.42500114440918,-40.53750228881836,1001.3299560546875,8.556683596595096,62.43533068938149,16.07915598221261,27.564669310618516,-71.98811360412236,-157.9431737242396,74.09071331831629,0.5237044233734179,202.0568262757604,1.0319142675293036
1744177373269,1744177372609,3.4576287269592285,1.5451651811599731,10.395618438720703,1744177372557,0.1695149689912796,0.14630211889743805,0.4734202027320862,1744177372503,-20.887500762939453,-16.42500114440918,-40.53750228881836,1001.3299560546875,8.45432962365983,65.92081042247317,18.397353740118504,24.079189577526837,-69.98304463642985,-157.9431737242396,71.78930429918749,0.5237044233734179,202.0568262757604,1.0319142675293036
1744177373336,1744177372609,3.4576287269592285,1.5451651811599731,10.395618438720703,1744177372557,0.1695149689912796,0.14630211889743805,0.4734202027320862,1744177372503,-20.887500762939453,-16.42500114440918,-40.53750228881836,1001.3324584960938,8.45432962365983,65.92081042247317,18.397353740118504,24.079189577526837,-69.98304463642985,-157.9431737242396,71.78930429918749,0.5237044233734179,202.0568262757604,1.0108327839494613
1744177373382,1744177372609,3.4576287269592285,1.5451651811599731,10.395618438720703,1744177372661,0.3026835024356842,-0.05283980444073677,0.7481566667556763,1744177372503,-20.887500762939453,-16.42500114440918,-40.53750228881836,1001.3324584960938,8.45432962365983,65.92081042247317,18.397353740118504,24.079189577526837,-69.98304463642985,-157.9431737242396,71.78930429918749,0.8087940068960898,202.0568262757604,1.0108327839494613
1744177373409,1744177372609,3.4576287269592285,1.5451651811599731,10.395618438720703,1744177372661,0.3026835024356842,-0.05283980444073677,0.7481566667556763,1744177372703,-19.59375,-16.293750762939453,-41.0625,1001.3324584960938,8.45432962365983,65.92081042247317,18.397353740118504,24.079189577526837,-69.98304463642985,-158.35664028720194,71.78930429918749,0.8087940068960898,201.64335971279806,1.0108327839494613
1744177373456,1744177372748,4.082753658294678,-0.2949153780937195,11.034502029418945,1744177372661,0.3026835024356842,-0.05283980444073677,0.7481566667556763,1744177372703,-19.59375,-16.293750762939453,-41.0625,1001.3324584960938,-1.5309603282092845,94.13155198414921,20.304418480967758,-4.131551984149205,-69.64701266548379,-158.35664028720194,69.70223802848803,0.8087940068960898,201.64335971279806,1.0108327839494613
1744177373483,1744177372748,4.082753658294678,-0.2949153780937195,11.034502029418945,1744177372765,0.4127918779850006,-0.24999640882015228,0.8825469017028809,1744177372703,-19.59375,-16.293750762939453,-41.0625,1001.3324584960938,-1.5309603282092845,94.13155198414921,20.304418480967758,-4.131551984149205,-69.64701266548379,-158.35664028720194,69.70223802848803,1.0058749289343636,201.64335971279806,1.0108327839494613
1744177373483,1744177372748,4.082753658294678,-0.2949153780937195,11.034502029418945,1744177372765,0.4127918779850006,-0.24999640882015228,0.8825469017028809,1744177372703,-19.59375,-16.293750762939453,-41.0625,1001.3374633789062,-1.5309603282092845,94.13155198414921,20.304418480967758,-4.131551984149205,-69.64701266548379,-158.35664028720194,69.70223802848803,1.0058749289343636,201.64335971279806,0.9686699447666269
1744177373545,1744177372748,4.082753658294678,-0.2949153780937195,11.034502029418945,1744177372765,0.4127918779850006,-0.24999640882015228,0.8825469017028809,1744177372803,-17.700000762939453,-16.03125,-42.01875305175781,1001.3374633789062,-1.5309603282092845,94.13155198414921,20.304418480967758,-4.131551984149205,-69.64701266548379,-159.11684284137917,69.70223802848803,1.0058749289343636,200.88315715862083,0.9686699447666269
1744177373548,1744177372748,4.082753658294678,-0.2949153780937195,11.034502029418945,1744177372869,0.17638720571994781,-0.5968148708343506,0.5140427350997925,1744177372803,-17.700000762939453,-16.03125,-42.01875305175781,1001.3374633789062,-1.5309603282092845,94.13155198414921,20.304418480967758,-4.131551984149205,-69.64701266548379,-159.11684284137917,69.70223802848803,0.8071805063922128,200.88315715862083,0.9686699447666269
1744177373555,1744177372887,3.5162527561187744,-2.283350944519043,11.965310096740723,1744177372869,0.17638720571994781,-0.5968148708343506,0.5140427350997925,1744177372803,-17.700000762939453,-16.03125,-42.01875305175781,1001.3374633789062,-10.803908637896276,122.99850665504346,16.376511233933908,-32.99850665504345,-70.68981593607977,-159.11684284137917,73.89860322421185,0.8071805063922128,200.88315715862083,0.9686699447666269
1744177373624,1744177372887,3.5162527561187744,-2.283350944519043,11.965310096740723,1744177372869,0.17638720571994781,-0.5968148708343506,0.5140427350997925,1744177372803,-17.700000762939453,-16.03125,-42.01875305175781,1001.34375,-10.803908637896276,122.99850665504346,16.376511233933908,-32.99850665504345,-70.68981593607977,-159.11684284137917,73.89860322421185,0.8071805063922128,200.88315715862083,0.9157095470851206
1744177373677,1744177372887,3.5162527561187744,-2.283350944519043,11.965310096740723,1744177372973,-0.38927358388900757,-1.1045962572097778,0.23075416684150696,1744177372803,-17.700000762939453,-16.03125,-42.01875305175781,1001.34375,-10.803908637896276,122.99850665504346,16.376511233933908,-32.99850665504345,-70.68981593607977,-159.11684284137917,73.89860322421185,1.1936977423411506,200.88315715862083,0.9157095470851206
1744177373707,1744177372887,3.5162527561187744,-2.283350944519043,11.965310096740723,1744177372973,-0.38927358388900757,-1.1045962572097778,0.23075416684150696,1744177373003,-6.937500476837158,-16.931251525878906,-42.86250305175781,1001.34375,-10.803908637896276,122.99850665504346,16.376511233933908,-32.99850665504345,-70.68981593607977,-158.44532928215622,73.89860322421185,1.1936977423411506,201.55467071784378,0.9157095470851206
1744177373716,1744177373025,1.3028919696807861,-1.007378339767456,11.964113235473633,1744177372973,-0.38927358388900757,-1.1045962572097778,0.23075416684150696,1744177373003,-6.937500476837158,-16.931251525878906,-42.86250305175781,1001.34375,-4.8129520519173425,127.71070754338858,6.215019382004847,-37.71070754338858,-82.16221746960818,-158.44532928215622,83.8067246851808,1.1936977423411506,201.55467071784378,0.9157095470851206
1744177373767,1744177373025,1.3028919696807861,-1.007378339767456,11.964113235473633,1744177373077,-0.34895649552345276,-1.35657799243927,0.129197895526886,1744177373003,-6.937500476837158,-16.931251525878906,-42.86250305175781,1001.34375,-4.8129520519173425,127.71070754338858,6.215019382004847,-37.71070754338858,-82.16221746960818,-158.44532928215622,83.8067246851808,1.4066863835081171,201.55467071784378,0.9157095470851206
1744177373788,1744177373025,1.3028919696807861,-1.007378339767456,11.964113235473633,1744177373077,-0.34895649552345276,-1.35657799243927,0.129197895526886,1744177373003,-6.937500476837158,-16.931251525878906,-42.86250305175781,1001.3487548828125,-4.8129520519173425,127.71070754338858,6.215019382004847,-37.71070754338858,-82.16221746960818,-158.44532928215622,83.8067246851808,1.4066863835081171,201.55467071784378,0.8735470928663769
1744177373796,1744177373025,1.3028919696807861,-1.007378339767456,11.964113235473633,1744177373077,-0.34895649552345276,-1.35657799243927,0.129197895526886,1744177373103,-0.375,-18.618751525878906,-42.46875,1001.3487548828125,-4.8129520519173425,127.71070754338858,6.215019382004847,-37.71070754338858,-82.16221746960818,-156.32684382163634,83.8067246851808,1.4066863835081171,203.67315617836366,0.8735470928663769
1744177373855,1744177373164,-0.5862415432929993,-1.0444670915603638,10.308877944946289,1744177373077,-0.34895649552345276,-1.35657799243927,0.129197895526886,1744177373103,-0.375,-18.618751525878906,-42.46875,1001.3487548828125,-5.785308561770877,-150.69524649102053,-3.254770127450664,-119.30475350897949,-83.372764950757,-156.32684382163634,93.23822761353088,1.4066863835081171,203.67315617836366,0.8735470928663769
1744177373916,1744177373164,-0.5862415432929993,-1.0444670915603638,10.308877944946289,1744177373181,-0.5545125007629395,-0.9505056142807007,0.08139773458242416,1744177373103,-0.375,-18.618751525878906,-42.46875,1001.3487548828125,-5.785308561770877,-150.69524649102053,-3.254770127450664,-119.30475350897949,-83.372764950757,-156.32684382163634,93.23822761353088,1.1034358284361858,203.67315617836366,0.8735470928663769
1744177373961,1744177373164,-0.5862415432929993,-1.0444670915603638,10.308877944946289,1744177373181,-0.5545125007629395,-0.9505056142807007,0.08139773458242416,1744177373103,-0.375,-18.618751525878906,-42.46875,1001.3487548828125,-5.785308561770877,-150.69524649102053,-3.254770127450664,-119.30475350897949,-83.372764950757,-156.32684382163634,93.23822761353088,1.1034358284361858,203.67315617836366,0.8735470928663769
1744177373975,1744177373164,-0.5862415432929993,-1.0444670915603638,10.308877944946289,1744177373285,0.15958842635154724,-0.5277871489524841,0.3228420317173004,1744177373103,-0.375,-18.618751525878906,-42.46875,1001.3487548828125,-5.785308561770877,-150.69524649102053,-3.254770127450664,-119.30475350897949,-83.372764950757,-156.32684382163634,93.23822761353088,0.6389481339421137,203.67315617836366,0.8735470928663769
1744177373975,1744177373303,-1.0498509407043457,-0.7106683254241943,6.636493682861328,1744177373285,0.15958842635154724,-0.5277871489524841,0.3228420317173004,1744177373103,-0.375,-18.618751525878906,-42.46875,1001.3487548828125,-6.112221072212674,-124.09497781748874,-8.989333880015543,-145.9050221825113,-79.18509428535945,-156.32684382163634,98.93905933515879,0.6389481339421137,203.67315617836366,0.8735470928663769
1744177374071,1744177373303,-1.0498509407043457,-0.7106683254241943,6.636493682861328,1744177373285,0.15958842635154724,-0.5277871489524841,0.3228420317173004,1744177373303,7.837500095367432,-21.48750114440918,-39.13125228881836,1001.3487548828125,-6.112221072212674,-124.09497781748874,-8.989333880015543,-145.9050221825113,-79.18509428535945,-151.22821465483221,98.93905933515879,0.6389481339421137,208.77178534516779,0.8735470928663769
1744177374097,1744177373303,-1.0498509407043457,-0.7106683254241943,6.636493682861328,1744177373389,0.2834412455558777,-0.33765551447868347,0.2360992431640625,1744177373303,7.837500095367432,-21.48750114440918,-39.13125228881836,1001.3487548828125,-6.112221072212674,-124.09497781748874,-8.989333880015543,-145.9050221825113,-79.18509428535945,-151.22821465483221,98.93905933515879,0.5000930301081739,208.77178534516779,0.8735470928663769
1744177374125,1744177373303,-1.0498509407043457,-0.7106683254241943,6.636493682861328,1744177373389,0.2834412455558777,-0.33765551447868347,0.2360992431640625,1744177373303,7.837500095367432,-21.48750114440918,-39.13125228881836,1001.344970703125,-6.112221072212674,-124.09497781748874,-8.989333880015543,-145.9050221825113,-79.18509428535945,-151.22821465483221,98.93905933515879,0.5000930301081739,208.77178534516779,0.9054260059295793
1744177374182,1744177373441,-1.937588095664978,-0.6149554252624512,5.835496425628662,1744177373389,0.2834412455558777,-0.33765551447868347,0.2360992431640625,1744177373303,7.837500095367432,-21.48750114440918,-39.13125228881836,1001.344970703125,-6.0157320623035915,-107.60849702740589,-18.36796415789193,-162.39150297259414,-70.79387009506141,-151.22821465483221,108.2735523125999,0.5000930301081739,208.77178534516779,0.9054260059295793
1744177374198,1744177373441,-1.937588095664978,-0.6149554252624512,5.835496425628662,1744177373493,0.43661558628082275,-0.10384701192378998,-0.12736530601978302,1744177373303,7.837500095367432,-21.48750114440918,-39.13125228881836,1001.344970703125,-6.0157320623035915,-107.60849702740589,-18.36796415789193,-162.39150297259414,-70.79387009506141,-151.22821465483221,108.2735523125999,0.46651826678744246,208.77178534516779,0.9054260059295793
1744177374206,1744177373441,-1.937588095664978,-0.6149554252624512,5.835496425628662,1744177373493,0.43661558628082275,-0.10384701192378998,-0.12736530601978302,1744177373503,11.700000762939453,-18.168750762939453,-39.86250305175781,1001.344970703125,-6.0157320623035915,-107.60849702740589,-18.36796415789193,-162.39150297259414,-70.79387009506141,-155.49718949637955,108.2735523125999,0.46651826678744246,204.50281050362045,0.9054260059295793
1744177374270,1744177373579,-2.2157537937164307,0.09152546525001526,8.48853874206543,1744177373493,0.43661558628082275,-0.10384701192378998,-0.12736530601978302,1744177373503,11.700000762939453,-18.168750762939453,-39.86250305175781,1001.344970703125,0.6177529292967102,-87.63464541255212,-14.629420318254574,177.63464541255212,-75.35864016520668,-155.49718949637955,104.62860648321602,0.46651826678744246,204.50281050362045,0.9054260059295793
1744177374275,1744177373579,-2.2157537937164307,0.09152546525001526,8.48853874206543,1744177373493,0.43661558628082275,-0.10384701192378998,-0.12736530601978302,1744177373503,11.700000762939453,-18.168750762939453,-39.86250305175781,1001.3374633789062,0.6177529292967102,-87.63464541255212,-14.629420318254574,177.63464541255212,-75.35864016520668,-155.49718949637955,104.62860648321602,0.46651826678744246,204.50281050362045,0.9686699447666269
1744177374282,1744177373579,-2.2157537937164307,0.09152546525001526,8.48853874206543,1744177373597,0.28588470816612244,-0.07620538026094437,-0.13591741025447845,1744177373503,11.700000762939453,-18.168750762939453,-39.86250305175781,1001.3374633789062,0.6177529292967102,-87.63464541255212,-14.629420318254574,177.63464541255212,-75.35864016520668,-155.49718949637955,104.62860648321602,0.32559310305076844,204.50281050362045,0.9686699447666269
1744177374366,1744177373579,-2.2157537937164307,0.09152546525001526,8.48853874206543,1744177373597,0.28588470816612244,-0.07620538026094437,-0.13591741025447845,1744177373603,11.662500381469727,-16.23750114440918,-39.75,1001.3374633789062,0.6177529292967102,-87.63464541255212,-14.629420318254574,177.63464541255212,-75.35864016520668,-157.78044698123887,104.62860648321602,0.32559310305076844,202.21955301876113,0.9686699447666269
1744177374385,1744177373579,-2.2157537937164307,0.09152546525001526,8.48853874206543,1744177373701,0.02367101050913334,-0.08765909820795059,-0.044440411031246185,1744177373603,11.662500381469727,-16.23750114440918,-39.75,1001.3374633789062,0.6177529292967102,-87.63464541255212,-14.629420318254574,177.63464541255212,-75.35864016520668,-157.78044698123887,104.62860648321602,0.10109097076287642,202.21955301876113,0.9686699447666269
1744177374397,1744177373579,-2.2157537937164307,0.09152546525001526,8.48853874206543,1744177373701,0.02367101050913334,-0.08765909820795059,-0.044440411031246185,1744177373703,11.68125057220459,-15.956250190734863,-40.42500305175781,1001.3374633789062,0.6177529292967102,-87.63464541255212,-14.629420318254574,177.63464541255212,-75.35864016520668,-158.46023546229836,104.62860648321602,0.10109097076287642,201.53976453770164,0.9686699447666269
1744177374398,1744177373718,-2.324627161026001,-0.6556333899497986,8.921639442443848,1744177373701,0.02367101050913334,-0.08765909820795059,-0.044440411031246185,1744177373703,11.68125057220459,-15.956250190734863,-40.42500305175781,1001.3374633789062,-4.202996718996172,-105.75047317991346,-14.604294877674198,-164.24952682008654,-74.85169003218964,-158.46023546229836,104.56669154773012,0.10109097076287642,201.53976453770164,0.9686699447666269
1744177374480,1744177373718,-2.324627161026001,-0.6556333899497986,8.921639442443848,1744177373701,0.02367101050913334,-0.08765909820795059,-0.044440411031246185,1744177373703,11.68125057220459,-15.956250190734863,-40.42500305175781,1001.324951171875,-4.202996718996172,-105.75047317991346,-14.604294877674198,-164.24952682008654,-74.85169003218964,-158.46023546229836,104.56669154773012,0.10109097076287642,201.53976453770164,1.0740773626658384
1744177374517,1744177373718,-2.324627161026001,-0.6556333899497986,8.921639442443848,1744177373805,-0.09834922850131989,-0.08842267841100693,-0.04917461425065994,1744177373703,11.68125057220459,-15.956250190734863,-40.42500305175781,1001.324951171875,-4.202996718996172,-105.75047317991346,-14.604294877674198,-164.24952682008654,-74.85169003218964,-158.46023546229836,104.56669154773012,0.14110026042102966,201.53976453770164,1.0740773626658384
1744177374534,1744177373857,-2.92283296585083,0.01375873014330864,8.914461135864258,1744177373805,-0.09834922850131989,-0.08842267841100693,-0.04917461425065994,1744177373703,11.68125057220459,-15.956250190734863,-40.42500305175781,1001.324951171875,0.08843120528518247,-89.73029202995698,-18.153047260700625,179.73029202995698,-71.84676480643417,-158.46023546229836,108.15302705738334,0.14110026042102966,201.53976453770164,1.0740773626658384
1744177374586,1744177373857,-2.92283296585083,0.01375873014330864,8.914461135864258,1744177373805,-0.09834922850131989,-0.08842267841100693,-0.04917461425065994,1744177373703,11.68125057220459,-15.956250190734863,-40.42500305175781,1001.3150024414062,0.08843120528518247,-89.73029202995698,-18.153047260700625,179.73029202995698,-71.84676480643417,-158.46023546229836,108.15302705738334,0.14110026042102966,201.53976453770164,1.1578898755910383
1744177374592,1744177373857,-2.92283296585083,0.01375873014330864,8.914461135864258,1744177373805,-0.09834922850131989,-0.08842267841100693,-0.04917461425065994,1744177373903,13.481250762939453,-16.837501525878906,-40.125,1001.3150024414062,0.08843120528518247,-89.73029202995698,-18.153047260700625,179.73029202995698,-71.84676480643417,-157.2358020746252,108.15302705738334,0.14110026042102966,202.7641979253748,1.1578898755910383
1744177374607,1744177373857,-2.92283296585083,0.01375873014330864,8.914461135864258,1744177373909,0.046425722539424896,0.00946840364485979,0.05543597787618637,1744177373903,13.481250762939453,-16.837501525878906,-40.125,1001.3150024414062,0.08843120528518247,-89.73029202995698,-18.153047260700625,179.73029202995698,-71.84676480643417,-157.2358020746252,108.15302705738334,0.07292561980524186,202.7641979253748,1.1578898755910383
1744177374689,1744177373996,-2.7601208686828613,-0.4414757788181305,9.346364974975586,1744177373909,0.046425722539424896,0.00946840364485979,0.05543597787618637,1744177373903,13.481250762939453,-16.837501525878906,-40.125,1001.3150024414062,-2.7043574722608734,-99.08737119916407,-16.452655979167226,-170.91262880083596,-73.34972622119571,-157.2358020746252,106.43532171963491,0.07292561980524186,202.7641979253748,1.1578898755910383
1744177374737,1744177373996,-2.7601208686828613,-0.4414757788181305,9.346364974975586,1744177374013,-0.01435532234609127,-0.004123337101191282,0.08109229803085327,1744177373903,13.481250762939453,-16.837501525878906,-40.125,1001.3150024414062,-2.7043574722608734,-99.08737119916407,-16.452655979167226,-170.91262880083596,-73.34972622119571,-157.2358020746252,106.43532171963491,0.08245627925412943,202.7641979253748,1.1578898755910383
1744177374740,1744177373996,-2.7601208686828613,-0.4414757788181305,9.346364974975586,1744177374013,-0.01435532234609127,-0.004123337101191282,0.08109229803085327,1744177373903,13.481250762939453,-16.837501525878906,-40.125,1001.3099975585938,-2.7043574722608734,-99.08737119916407,-16.452655979167226,-170.91262880083596,-73.34972622119571,-157.2358020746252,106.43532171963491,0.08245627925412943,202.7641979253748,1.2000534805678942
1744177374799,1744177373996,-2.7601208686828613,-0.4414757788181305,9.346364974975586,1744177374013,-0.01435532234609127,-0.004123337101191282,0.08109229803085327,1744177374103,12.825000762939453,-16.61250114440918,-40.181251525878906,1001.3099975585938,-2.7043574722608734,-99.08737119916407,-16.452655979167226,-170.91262880083596,-73.34972622119571,-157.5378846316772,106.43532171963491,0.08245627925412943,202.4621153683228,1.2000534805678942
1744177374810,1744177373996,-2.7601208686828613,-0.4414757788181305,9.346364974975586,1744177374117,0.036804601550102234,-0.03497200831770897,0.005192350596189499,1744177374103,12.825000762939453,-16.61250114440918,-40.181251525878906,1001.3099975585938,-2.7043574722608734,-99.08737119916407,-16.452655979167226,-170.91262880083596,-73.34972622119571,-157.5378846316772,106.43532171963491,0.05103509151308972,202.4621153683228,1.2000534805678942
1744177374816,1744177374134,-2.8277182579040527,-0.31345975399017334,9.22433090209961,1744177374117,0.036804601550102234,-0.03497200831770897,0.005192350596189499,1744177374103,12.825000762939453,-16.61250114440918,-40.181251525878906,1001.3099975585938,-1.946267188496949,-96.32555702265121,-17.042918708995302,-173.6744429773488,-72.85878849446645,-157.5378846316772,107.033656240179,0.05103509151308972,202.4621153683228,1.2000534805678942
1744177374890,1744177374134,-2.8277182579040527,-0.31345975399017334,9.22433090209961,1744177374117,0.036804601550102234,-0.03497200831770897,0.005192350596189499,1744177374203,13.36875057220459,-15.731250762939453,-39.78750228881836,1001.3099975585938,-1.946267188496949,-96.32555702265121,-17.042918708995302,-173.6744429773488,-72.85878849446645,-158.42706386071401,107.033656240179,0.05103509151308972,201.57293613928599,1.2000534805678942
1744177374903,1744177374134,-2.8277182579040527,-0.31345975399017334,9.22433090209961,1744177374117,0.036804601550102234,-0.03497200831770897,0.005192350596189499,1744177374203,13.36875057220459,-15.731250762939453,-39.78750228881836,1001.3062133789062,-1.946267188496949,-96.32555702265121,-17.042918708995302,-173.6744429773488,-72.85878849446645,-158.42706386071401,107.033656240179,0.05103509151308972,201.57293613928599,1.231933392749216
1744177374914,1744177374134,-2.8277182579040527,-0.31345975399017334,9.22433090209961,1744177374221,0.13454297184944153,-0.01649334840476513,-0.04535670951008797,1744177374203,13.36875057220459,-15.731250762939453,-39.78750228881836,1001.3062133789062,-1.946267188496949,-96.32555702265121,-17.042918708995302,-173.6744429773488,-72.85878849446645,-158.42706386071401,107.033656240179,0.14293730413458583,201.57293613928599,1.231933392749216
1744177374990,1744177374273,-2.847458839416504,-0.32303106784820557,9.372088432312012,1744177374221,0.13454297184944153,-0.01649334840476513,-0.04535670951008797,1744177374203,13.36875057220459,-15.731250762939453,-39.78750228881836,1001.3062133789062,-1.9740523053779837,-96.47227076062583,-16.900003695253137,-173.5277292393742,-72.99782813921502,-158.42706386071401,106.89054526153727,0.14293730413458583,201.57293613928599,1.231933392749216
1744177375058,1744177374273,-2.847458839416504,-0.32303106784820557,9.372088432312012,1744177374325,-0.005039634648710489,-0.017104214057326317,0.187382772564888,1744177374203,13.36875057220459,-15.731250762939453,-39.78750228881836,1001.3062133789062,-1.9740523053779837,-96.47227076062583,-16.900003695253137,-173.5277292393742,-72.99782813921502,-158.42706386071401,106.89054526153727,0.18822926316068886,201.57293613928599,1.231933392749216
1744177375080,1744177374273,-2.847458839416504,-0.32303106784820557,9.372088432312012,1744177374325,-0.005039634648710489,-0.017104214057326317,0.187382772564888,1744177374203,13.36875057220459,-15.731250762939453,-39.78750228881836,1001.302490234375,-1.9740523053779837,-96.47227076062583,-16.900003695253137,-173.5277292393742,-72.99782813921502,-158.42706386071401,106.89054526153727,0.18822926316068886,201.57293613928599,1.2632992079999117
1744177375095,1744177374411,-2.9174489974975586,-1.1611171960830688,9.070592880249023,1744177374325,-0.005039634648710489,-0.017104214057326317,0.187382772564888,1744177374203,13.36875057220459,-15.731250762939453,-39.78750228881836,1001.302490234375,-7.294701619574287,-111.70208927639493,-17.829773398285738,-158.29791072360507,-70.90540469004546,-158.42706386071401,107.69449791924654,0.18822926316068886,201.57293613928599,1.2632992079999117
1744177375096,1744177374411,-2.9174489974975586,-1.1611171960830688,9.070592880249023,1744177374325,-0.005039634648710489,-0.017104214057326317,0.187382772564888,1744177374403,14.175000190734863,-15.037500381469727,-40.38750076293945,1001.302490234375,-7.294701619574287,-111.70208927639493,-17.829773398285738,-158.29791072360507,-70.90540469004546,-159.578163898148,107.69449791924654,0.18822926316068886,200.421836101852,1.2632992079999117
1744177375149,1744177374411,-2.9174489974975586,-1.1611171960830688,9.070592880249023,1744177374428,0.014049889519810677,0.033597562462091446,-0.012217295356094837,1744177374403,14.175000190734863,-15.037500381469727,-40.38750076293945,1001.302490234375,-7.294701619574287,-111.70208927639493,-17.829773398285738,-158.29791072360507,-70.90540469004546,-159.578163898148,107.69449791924654,0.03841168968857109,200.421836101852,1.2632992079999117
1744177375208,1744177374411,-2.9174489974975586,-1.1611171960830688,9.070592880249023,1744177374428,0.014049889519810677,0.033597562462091446,-0.012217295356094837,1744177374503,13.18125057220459,-15.581250190734863,-39.84375,1001.302490234375,-7.294701619574287,-111.70208927639493,-17.829773398285738,-158.29791072360507,-70.90540469004546,-158.64157803475703,107.69449791924654,0.03841168968857109,201.35842196524297,1.2632992079999117
1744177375212,1744177374411,-2.9174489974975586,-1.1611171960830688,9.070592880249023,1744177374533,-0.09987638890743256,0.04841103404760361,-0.0054977829568088055,1744177374503,13.18125057220459,-15.581250190734863,-39.84375,1001.302490234375,-7.294701619574287,-111.70208927639493,-17.829773398285738,-158.29791072360507,-70.90540469004546,-158.64157803475703,107.69449791924654,0.11112671549266238,201.35842196524297,1.2632992079999117
1744177375221,1744177374550,-2.8636105060577393,-0.5964110493659973,9.554540634155273,1744177374533,-0.09987638890743256,0.04841103404760361,-0.0054977829568088055,1744177374503,13.18125057220459,-15.581250190734863,-39.84375,1001.302490234375,-3.5718678214237998,-101.76494321246668,-16.68410446227299,-168.23505678753335,-72.97837883988295,-158.64157803475703,106.6534909307388,0.11112671549266238,201.35842196524297,1.2632992079999117
1744177375271,1744177374550,-2.8636105060577393,-0.5964110493659973,9.554540634155273,1744177374533,-0.09987638890743256,0.04841103404760361,-0.0054977829568088055,1744177374503,13.18125057220459,-15.581250190734863,-39.84375,1001.2999877929688,-3.5718678214237998,-101.76494321246668,-16.68410446227299,-168.23505678753335,-72.97837883988295,-158.64157803475703,106.6534909307388,0.11112671549266238,201.35842196524297,1.2843812024634582
1744177375325,1744177374550,-2.8636105060577393,-0.5964110493659973,9.554540634155273,1744177374533,-0.09987638890743256,0.04841103404760361,-0.0054977829568088055,1744177374603,13.068750381469727,-15.468750953674316,-39.20625305175781,1001.2999877929688,-3.5718678214237998,-101.76494321246668,-16.68410446227299,-168.23505678753335,-72.97837883988295,-158.46838308924927,106.6534909307388,0.11112671549266238,201.53161691075073,1.2843812024634582
1744177375330,1744177374550,-2.8636105060577393,-0.5964110493659973,9.554540634155273,1744177374637,-0.000610864779446274,0.030390523374080658,-0.030543239787220955,1744177374603,13.068750381469727,-15.468750953674316,-39.20625305175781,1001.2999877929688,-3.5718678214237998,-101.76494321246668,-16.68410446227299,-168.23505678753335,-72.97837883988295,-158.46838308924927,106.6534909307388,0.04309114251709959,201.53161691075073,1.2843812024634582
1744177375353,1744177374689,-2.5010979175567627,-0.8787640929222107,9.540184020996094,1744177374637,-0.000610864779446274,0.030390523374080658,-0.030543239787220955,1744177374603,13.068750381469727,-15.468750953674316,-39.20625305175781,1001.2999877929688,-5.26277017920495,-109.35899335447866,-14.690320795646603,-160.64100664552134,-74.4706868200178,-158.46838308924927,104.63105634546119,0.04309114251709959,201.53161691075073,1.2843812024634582
1744177375417,1744177374689,-2.5010979175567627,-0.8787640929222107,9.540184020996094,1744177374637,-0.000610864779446274,0.030390523374080658,-0.030543239787220955,1744177374603,13.068750381469727,-15.468750953674316,-39.20625305175781,1001.2987060546875,-5.26277017920495,-109.35899335447866,-14.690320795646603,-160.64100664552134,-74.4706868200178,-158.46838308924927,104.63105634546119,0.04309114251709959,201.53161691075073,1.2951793137140444
1744177375473,1744177374689,-2.5010979175567627,-0.8787640929222107,9.540184020996094,1744177374741,-0.011759147047996521,-0.005345067009329796,-0.09132428467273712,1744177374603,13.068750381469727,-15.468750953674316,-39.20625305175781,1001.2987060546875,-5.26277017920495,-109.35899335447866,-14.690320795646603,-160.64100664552134,-74.4706868200178,-158.46838308924927,104.63105634546119,0.09223324916545964,201.53161691075073,1.2951793137140444
1744177375508,1744177374689,-2.5010979175567627,-0.8787640929222107,9.540184020996094,1744177374741,-0.011759147047996521,-0.005345067009329796,-0.09132428467273712,1744177374803,12.750000953674316,-15.562500953674316,-39.993751525878906,1001.2987060546875,-5.26277017920495,-109.35899335447866,-14.690320795646603,-160.64100664552134,-74.4706868200178,-158.73782853947105,104.63105634546119,0.09223324916545964,201.26217146052895,1.2951793137140444
1744177375518,1744177374827,-2.6596224308013916,-0.6789634227752686,9.545567512512207,1744177374741,-0.011759147047996521,-0.005345067009329796,-0.09132428467273712,1744177374803,12.750000953674316,-15.562500953674316,-39.993751525878906,1001.2987060546875,-4.068519963817908,-104.32091770858989,-15.569103125214228,-165.67908229141014,-73.9569033028428,-158.73782853947105,105.53176395741733,0.09223324916545964,201.26217146052895,1.2951793137140444
1744177375537,1744177374827,-2.6596224308013916,-0.6789634227752686,9.545567512512207,1744177374845,-0.024281874299049377,-0.08353576064109802,-0.14981459081172943,1744177374803,12.750000953674316,-15.562500953674316,-39.993751525878906,1001.2987060546875,-4.068519963817908,-104.32091770858989,-15.569103125214228,-165.67908229141014,-73.9569033028428,-158.73782853947105,105.53176395741733,0.17324042353171382,201.26217146052895,1.2951793137140444
1744177375545,1744177374827,-2.6596224308013916,-0.6789634227752686,9.545567512512207,1744177374845,-0.024281874299049377,-0.08353576064109802,-0.14981459081172943,1744177374803,12.750000953674316,-15.562500953674316,-39.993751525878906,1001.2962036132812,-4.068519963817908,-104.32091770858989,-15.569103125214228,-165.67908229141014,-73.9569033028428,-158.73782853947105,105.53176395741733,0.17324042353171382,201.26217146052895,1.3162613726901684
1744177375630,1744177374827,-2.6596224308013916,-0.6789634227752686,9.545567512512207,1744177374949,-0.08109229803085327,-0.10629047453403473,-0.12186752259731293,1744177374803,12.750000953674316,-15.562500953674316,-39.993751525878906,1001.2962036132812,-4.068519963817908,-104.32091770858989,-15.569103125214228,-165.67908229141014,-73.9569033028428,-158.73782853947105,105.53176395741733,0.18090140640857824,201.26217146052895,1.3162613726901684
1744177375686,1744177374967,-2.943171739578247,-0.7292127013206482,9.301499366760254,1744177374949,-0.08109229803085327,-0.10629047453403473,-0.12186752259731293,1744177374803,12.750000953674316,-15.562500953674316,-39.993751525878906,1001.2962036132812,-4.482667349194091,-103.9156157024788,-17.55836430806272,-166.0843842975212,-71.94473328751842,-158.73782853947105,107.50793977976622,0.18090140640857824,201.26217146052895,1.3162613726901684
1744177375691,1744177374967,-2.943171739578247,-0.7292127013206482,9.301499366760254,1744177374949,-0.08109229803085327,-0.10629047453403473,-0.12186752259731293,1744177375003,13.200000762939453,-17.08125114440918,-39.88125228881836,1001.2962036132812,-4.482667349194091,-103.9156157024788,-17.55836430806272,-166.0843842975212,-71.94473328751842,-156.81441479809652,107.50793977976622,0.18090140640857824,203.18558520190348,1.3162613726901684
1744177375713,1744177374967,-2.943171739578247,-0.7292127013206482,9.301499366760254,1744177374949,-0.08109229803085327,-0.10629047453403473,-0.12186752259731293,1744177375003,13.200000762939453,-17.08125114440918,-39.88125228881836,1001.2949829101562,-4.482667349194091,-103.9156157024788,-17.55836430806272,-166.0843842975212,-71.94473328751842,-156.81441479809652,107.50793977976622,0.18090140640857824,203.18558520190348,1.3265453193821664
1744177375768,1744177374967,-2.943171739578247,-0.7292127013206482,9.301499366760254,1744177375053,-0.052687086164951324,-0.07391463965177536,-0.21441353857517242,1744177375003,13.200000762939453,-17.08125114440918,-39.88125228881836,1001.2949829101562,-4.482667349194091,-103.9156157024788,-17.55836430806272,-166.0843842975212,-71.94473328751842,-156.81441479809652,107.50793977976622,0.23283571145280046,203.18558520190348,1.3265453193821664
1744177375769,1744177375105,-3.0113673210144043,-0.8602197170257568,9.242277145385742,1744177375053,-0.052687086164951324,-0.07391463965177536,-0.21441353857517242,1744177375003,13.200000762939453,-17.08125114440918,-39.88125228881836,1001.2949829101562,-5.317452811377319,-105.94238882168135,-18.04691772565214,-164.05761117831867,-71.28062336489134,-156.81441479809652,107.97425895138758,0.23283571145280046,203.18558520190348,1.3265453193821664
1744177375835,1744177375105,-3.0113673210144043,-0.8602197170257568,9.242277145385742,1744177375157,-0.06994401663541794,-0.10186170041561127,-0.3686569035053253,1744177375003,13.200000762939453,-17.08125114440918,-39.88125228881836,1001.2949829101562,-5.317452811377319,-105.94238882168135,-18.04691772565214,-164.05761117831867,-71.28062336489134,-156.81441479809652,107.97425895138758,0.3888134308081321,203.18558520190348,1.3265453193821664
1744177375883,1744177375105,-3.0113673210144043,-0.8602197170257568,9.242277145385742,1744177375157,-0.06994401663541794,-0.10186170041561127,-0.3686569035053253,1744177375003,13.200000762939453,-17.08125114440918,-39.88125228881836,1001.293701171875,-5.317452811377319,-105.94238882168135,-18.04691772565214,-164.05761117831867,-71.28062336489134,-156.81441479809652,107.97425895138758,0.3888134308081321,203.18558520190348,1.3373434743318047
1744177375891,1744177375105,-3.0113673210144043,-0.8602197170257568,9.242277145385742,1744177375157,-0.06994401663541794,-0.10186170041561127,-0.3686569035053253,1744177375203,12.787500381469727,-18.58125114440918,-39.54375076293945,1001.293701171875,-5.317452811377319,-105.94238882168135,-18.04691772565214,-164.05761117831867,-71.28062336489134,-154.83159268111757,107.97425895138758,0.3888134308081321,205.16840731888243,1.3373434743318047
1744177375942,1744177375243,-3.1866414546966553,-0.615553617477417,9.072985649108887,1744177375157,-0.06994401663541794,-0.10186170041561127,-0.3686569035053253,1744177375203,12.787500381469727,-18.58125114440918,-39.54375076293945,1001.293701171875,-3.8812648932516547,-100.93299220077974,-19.352449215115794,-169.06700779922028,-70.31707342277177,-154.83159268111757,109.3113529719292,0.3888134308081321,205.16840731888243,1.3373434743318047
1744177375948,1744177375243,-3.1866414546966553,-0.615553617477417,9.072985649108887,1744177375260,-0.1980729103088379,-0.1207985132932663,-0.3845393657684326,1744177375203,12.787500381469727,-18.58125114440918,-39.54375076293945,1001.293701171875,-3.8812648932516547,-100.93299220077974,-19.352449215115794,-169.06700779922028,-70.31707342277177,-154.83159268111757,109.3113529719292,0.4491054246362036,205.16840731888243,1.3373434743318047
1744177376002,1744177375243,-3.1866414546966553,-0.615553617477417,9.072985649108887,1744177375260,-0.1980729103088379,-0.1207985132932663,-0.3845393657684326,1744177375303,12.300000190734863,-18.918750762939453,-38.625,1001.293701171875,-3.8812648932516547,-100.93299220077974,-19.352449215115794,-169.06700779922028,-70.31707342277177,-153.9041171349488,109.3113529719292,0.4491054246362036,206.0958828650512,1.3373434743318047
1744177376042,1744177375243,-3.1866414546966553,-0.615553617477417,9.072985649108887,1744177375260,-0.1980729103088379,-0.1207985132932663,-0.3845393657684326,1744177375303,12.300000190734863,-18.918750762939453,-38.625,1001.2911987304688,-3.8812648932516547,-100.93299220077974,-19.352449215115794,-169.06700779922028,-70.31707342277177,-153.9041171349488,109.3113529719292,0.4491054246362036,206.0958828650512,1.3584256186340316
1744177376048,1744177375243,-3.1866414546966553,-0.615553617477417,9.072985649108887,1744177375365,-0.08521563559770584,-0.13103049993515015,-0.5045742988586426,1744177375303,12.300000190734863,-18.918750762939453,-38.625,1001.2911987304688,-3.8812648932516547,-100.93299220077974,-19.352449215115794,-169.06700779922028,-70.31707342277177,-153.9041171349488,109.3113529719292,0.5282290407884321,206.0958828650512,1.3584256186340316
1744177376048,1744177375382,-3.1142587661743164,-0.3535395562648773,8.836095809936523,1744177375365,-0.08521563559770584,-0.13103049993515015,-0.5045742988586426,1744177375303,12.300000190734863,-18.918750762939453,-38.625,1001.2911987304688,-2.2912297518461333,-96.47665313688731,-19.414872112998825,-173.52334686311272,-70.46983530957809,-153.9041171349488,109.40051032762153,0.5282290407884321,206.0958828650512,1.3584256186340316
1744177376136,1744177375382,-3.1142587661743164,-0.3535395562648773,8.836095809936523,1744177375365,-0.08521563559770584,-0.13103049993515015,-0.5045742988586426,1744177375403,9.956250190734863,-20.193750381469727,-37.875,1001.2911987304688,-2.2912297518461333,-96.47665313688731,-19.414872112998825,-173.52334686311272,-70.46983530957809,-151.9348740829955,109.40051032762153,0.5282290407884321,208.0651259170045,1.3584256186340316
1744177376185,1744177375382,-3.1142587661743164,-0.3535395562648773,8.836095809936523,1744177375469,0.07284562289714813,-0.1432477980852127,-0.5374082922935486,1744177375403,9.956250190734863,-20.193750381469727,-37.875,1001.2911987304688,-2.2912297518461333,-96.47665313688731,-19.414872112998825,-173.52334686311272,-70.46983530957809,-151.9348740829955,109.40051032762153,0.5609225339183688,208.0651259170045,1.3584256186340316
1744177376188,1744177375382,-3.1142587661743164,-0.3535395562648773,8.836095809936523,1744177375469,0.07284562289714813,-0.1432477980852127,-0.5374082922935486,1744177375403,9.956250190734863,-20.193750381469727,-37.875,1001.2887573242188,-2.2912297518461333,-96.47665313688731,-19.414872112998825,-173.52334686311272,-70.46983530957809,-151.9348740829955,109.40051032762153,0.5609225339183688,208.0651259170045,1.3789936054106633
1744177376188,1744177375521,-3.3092737197875977,-0.12622138857841492,8.1553373336792,1744177375469,0.07284562289714813,-0.1432477980852127,-0.5374082922935486,1744177375403,9.956250190734863,-20.193750381469727,-37.875,1001.2887573242188,-0.8867046431409228,-92.18430070378375,-22.08633594512209,-177.81569929621628,-67.89915018661215,-151.9348740829955,112.08394540215511,0.5609225339183688,208.0651259170045,1.3789936054106633
1744177376190,1744177375521,-3.3092737197875977,-0.12622138857841492,8.1553373336792,1744177375469,0.07284562289714813,-0.1432477980852127,-0.5374082922935486,1744177375503,12.281250953674316,-21.337501525878906,-39.09375,1001.2887573242188,-0.8867046431409228,-92.18430070378375,-22.08633594512209,-177.81569929621628,-67.89915018661215,-151.37413807257897,112.08394540215511,0.5609225339183688,208.62586192742103,1.3789936054106633
1744177376255,1744177375521,-3.3092737197875977,-0.12622138857841492,8.1553373336792,1744177375572,0.0015271619195118546,-0.018784092739224434,-0.6519454121589661,1744177375503,12.281250953674316,-21.337501525878906,-39.09375,1001.2887573242188,-0.8867046431409228,-92.18430070378375,-22.08633594512209,-177.81569929621628,-67.89915018661215,-151.37413807257897,112.08394540215511,0.6522177510607085,208.62586192742103,1.3789936054106633
1744177376323,1744177375660,-3.2829527854919434,1.0277173519134521,7.926823139190674,1744177375572,0.0015271619195118546,-0.018784092739224434,-0.6519454121589661,1744177375503,12.281250953674316,-21.337501525878906,-39.09375,1001.2887573242188,7.387224633582176,-72.61744592384048,-22.49725532265082,162.61744592384048,-66.54028616731993,-151.37413807257897,112.3289303616907,0.6522177510607085,208.62586192742103,1.3789936054106633
1744177376361,1744177375660,-3.2829527854919434,1.0277173519134521,7.926823139190674,1744177375572,0.0015271619195118546,-0.018784092739224434,-0.6519454121589661,1744177375503,12.281250953674316,-21.337501525878906,-39.09375,1001.2862548828125,7.387224633582176,-72.61744592384048,-22.49725532265082,162.61744592384048,-66.54028616731993,-151.37413807257897,112.3289303616907,0.6522177510607085,208.62586192742103,1.4000758340005315
1744177376369,1744177375660,-3.2829527854919434,1.0277173519134521,7.926823139190674,1744177375677,-0.01847865991294384,0.10583232343196869,-0.6155989766120911,1744177375503,12.281250953674316,-21.337501525878906,-39.09375,1001.2862548828125,7.387224633582176,-72.61744592384048,-22.49725532265082,162.61744592384048,-66.54028616731993,-151.37413807257897,112.3289303616907,0.6249032257566294,208.62586192742103,1.4000758340005315
1744177376424,1744177375660,-3.2829527854919434,1.0277173519134521,7.926823139190674,1744177375677,-0.01847865991294384,0.10583232343196869,-0.6155989766120911,1744177375703,8.625,-22.650001525878906,-39.48750305175781,1001.2862548828125,7.387224633582176,-72.61744592384048,-22.49725532265082,162.61744592384048,-66.54028616731993,-150.16145064792934,112.3289303616907,0.6249032257566294,209.83854935207066,1.4000758340005315
1744177376461,1744177375660,-3.2829527854919434,1.0277173519134521,7.926823139190674,1744177375781,-0.6991347670555115,0.11392628401517868,-0.5346593856811523,1744177375703,8.625,-22.650001525878906,-39.48750305175781,1001.2862548828125,7.387224633582176,-72.61744592384048,-22.49725532265082,162.61744592384048,-66.54028616731993,-150.16145064792934,112.3289303616907,0.8874848051613158,209.83854935207066,1.4000758340005315
1744177376474,1744177375799,-2.5501506328582764,1.8041882514953613,8.355138778686523,1744177375781,-0.6991347670555115,0.11392628401517868,-0.5346593856811523,1744177375703,8.625,-22.650001525878906,-39.48750305175781,1001.2862548828125,12.185214887630767,-54.72124189680706,-16.973207190485336,144.72124189680707,-69.50012298252085,-150.16145064792934,106.61210178578864,0.8874848051613158,209.83854935207066,1.4000758340005315
1744177376563,1744177375799,-2.5501506328582764,1.8041882514953613,8.355138778686523,1744177375781,-0.6991347670555115,0.11392628401517868,-0.5346593856811523,1744177375703,8.625,-22.650001525878906,-39.48750305175781,1001.2837524414062,12.185214887630767,-54.72124189680706,-16.973207190485336,144.72124189680707,-69.50012298252085,-150.16145064792934,106.61210178578864,0.8874848051613158,209.83854935207066,1.4211581052509903
1744177376572,1744177375799,-2.5501506328582764,1.8041882514953613,8.355138778686523,1744177375885,-0.9619593024253845,0.17547090351581573,-0.667064368724823,1744177375703,8.625,-22.650001525878906,-39.48750305175781,1001.2837524414062,12.185214887630767,-54.72124189680706,-16.973207190485336,144.72124189680707,-69.50012298252085,-150.16145064792934,106.61210178578864,1.183693629925259,209.83854935207066,1.4211581052509903
1744177376593,1744177375799,-2.5501506328582764,1.8041882514953613,8.355138778686523,1744177375885,-0.9619593024253845,0.17547090351581573,-0.667064368724823,1744177375903,5.8125,-29.962501525878906,-37.51875305175781,1001.2837524414062,12.185214887630767,-54.72124189680706,-16.973207190485336,144.72124189680707,-69.50012298252085,-141.3891125637878,106.61210178578864,1.183693629925259,218.6108874362122,1.4211581052509903
1744177376660,1744177375937,-2.0548365116119385,3.228515863418579,7.833503246307373,1744177375885,-0.9619593024253845,0.17547090351581573,-0.667064368724823,1744177375903,5.8125,-29.962501525878906,-37.51875305175781,1001.2837524414062,22.398617132626374,-32.475315246375956,-14.698326179286502,122.47531524637598,-63.96272213907712,-141.3891125637878,103.6323745363376,1.183693629925259,218.6108874362122,1.4211581052509903
1744177376678,1744177375937,-2.0548365116119385,3.228515863418579,7.833503246307373,1744177375885,-0.9619593024253845,0.17547090351581573,-0.667064368724823,1744177375903,5.8125,-29.962501525878906,-37.51875305175781,1001.282470703125,22.398617132626374,-32.475315246375956,-14.698326179286502,122.47531524637598,-63.96272213907712,-141.3891125637878,103.6323745363376,1.183693629925259,218.6108874362122,1.4319563582638806
1744177376689,1744177375937,-2.0548365116119385,3.228515863418579,7.833503246307373,1744177375988,-0.9205732345581055,0.2075413018465042,-0.8568905591964722,1744177375903,5.8125,-29.962501525878906,-37.51875305175781,1001.282470703125,22.398617132626374,-32.475315246375956,-14.698326179286502,122.47531524637598,-63.96272213907712,-141.3891125637878,103.6323745363376,1.274672468753035,218.6108874362122,1.4319563582638806
1744177376773,1744177376076,-1.5152549743652344,4.533202648162842,7.194021224975586,1744177375988,-0.9205732345581055,0.2075413018465042,-0.8568905591964722,1744177375903,5.8125,-29.962501525878906,-37.51875305175781,1001.282470703125,32.21645367253135,-18.482568518374855,-11.894180855625628,108.48256851837486,-56.39975295710967,-141.3891125637878,100.10398411807196,1.274672468753035,218.6108874362122,1.4319563582638806
1744177376788,1744177376076,-1.5152549743652344,4.533202648162842,7.194021224975586,1744177376093,-0.8112284541130066,0.2903134822845459,-0.8449786901473999,1744177375903,5.8125,-29.962501525878906,-37.51875305175781,1001.282470703125,32.21645367253135,-18.482568518374855,-11.894180855625628,108.48256851837486,-56.39975295710967,-141.3891125637878,100.10398411807196,1.2067984544081805,218.6108874362122,1.4319563582638806
1744177376793,1744177376076,-1.5152549743652344,4.533202648162842,7.194021224975586,1744177376093,-0.8112284541130066,0.2903134822845459,-0.8449786901473999,1744177376103,-2.4562501907348633,-37.23750305175781,-32.53125,1001.282470703125,32.21645367253135,-18.482568518374855,-11.894180855625628,108.48256851837486,-56.39975295710967,-131.14095773053285,100.10398411807196,1.2067984544081805,228.85904226946715,1.4319563582638806
1744177376878,1744177376076,-1.5152549743652344,4.533202648162842,7.194021224975586,1744177376093,-0.8112284541130066,0.2903134822845459,-0.8449786901473999,1744177376103,-2.4562501907348633,-37.23750305175781,-32.53125,1001.2837524414062,32.21645367253135,-18.482568518374855,-11.894180855625628,108.48256851837486,-56.39975295710967,-131.14095773053285,100.10398411807196,1.2067984544081805,228.85904226946715,1.4211581052509903
1744177376879,1744177376076,-1.5152549743652344,4.533202648162842,7.194021224975586,1744177376196,-1.0034980773925781,0.40515607595443726,-0.7867938280105591,1744177376103,-2.4562501907348633,-37.23750305175781,-32.53125,1001.2837524414062,32.21645367253135,-18.482568518374855,-11.894180855625628,108.48256851837486,-56.39975295710967,-131.14095773053285,100.10398411807196,1.3379851886358487,228.85904226946715,1.4211581052509903
1744177376879,1744177376214,-0.22971096634864807,5.484349727630615,6.616752624511719,1744177376196,-1.0034980773925781,0.40515607595443726,-0.7867938280105591,1744177376103,-2.4562501907348633,-37.23750305175781,-32.53125,1001.2837524414062,39.65391624193486,-2.398421156722778,-1.9883144903349763,92.39842115672279,-50.321410640434294,-131.14095773053285,91.53107958794035,1.3379851886358487,228.85904226946715,1.4211581052509903
1744177376906,1744177376214,-0.22971096634864807,5.484349727630615,6.616752624511719,1744177376196,-1.0034980773925781,0.40515607595443726,-0.7867938280105591,1744177376203,-5.418750286102295,-40.66875076293945,-30.150001525878906,1001.2837524414062,39.65391624193486,-2.398421156722778,-1.9883144903349763,92.39842115672279,-50.321410640434294,-126.55159190743065,91.53107958794035,1.3379851886358487,233.44840809256937,1.4211581052509903
1744177376982,1744177376214,-0.22971096634864807,5.484349727630615,6.616752624511719,1744177376196,-1.0034980773925781,0.40515607595443726,-0.7867938280105591,1744177376203,-5.418750286102295,-40.66875076293945,-30.150001525878906,1001.2862548828125,39.65391624193486,-2.398421156722778,-1.9883144903349763,92.39842115672279,-50.321410640434294,-126.55159190743065,91.53107958794035,1.3379851886358487,233.44840809256937,1.4000758340005315
1744177377004,1744177376214,-0.22971096634864807,5.484349727630615,6.616752624511719,1744177376301,-1.1346813440322876,0.6282744407653809,-1.059086799621582,1744177376203,-5.418750286102295,-40.66875076293945,-30.150001525878906,1001.2862548828125,39.65391624193486,-2.398421156722778,-1.9883144903349763,92.39842115672279,-50.321410640434294,-126.55159190743065,91.53107958794035,1.674483614296257,233.44840809256937,1.4000758340005315
1744177377023,1744177376214,-0.22971096634864807,5.484349727630615,6.616752624511719,1744177376301,-1.1346813440322876,0.6282744407653809,-1.059086799621582,1744177376303,-10.18125057220459,-43.23750305175781,-26.137500762939453,1001.2862548828125,39.65391624193486,-2.398421156722778,-1.9883144903349763,92.39842115672279,-50.321410640434294,-121.15337931465278,91.53107958794035,1.674483614296257,238.8466206853472,1.4000758340005315
1744177377099,1744177376353,2.3264217376708984,8.259425163269043,6.70289421081543,1744177376301,-1.1346813440322876,0.6282744407653809,-1.059086799621582,1744177376303,-10.18125057220459,-43.23750305175781,-26.137500762939453,1001.2862548828125,50.939119863371566,15.73086783679343,19.140721830957908,74.26913216320658,-37.99514350579503,-121.15337931465278,77.66314158346913,1.674483614296257,238.8466206853472,1.4000758340005315
1744177377100,1744177376353,2.3264217376708984,8.259425163269043,6.70289421081543,1744177376404,-0.8895718455314636,0.5048797130584717,-0.8691078424453735,1744177376303,-10.18125057220459,-43.23750305175781,-26.137500762939453,1001.2862548828125,50.939119863371566,15.73086783679343,19.140721830957908,74.26913216320658,-37.99514350579503,-121.15337931465278,77.66314158346913,1.342233226686149,238.8466206853472,1.4000758340005315
1744177377135,1744177376353,2.3264217376708984,8.259425163269043,6.70289421081543,1744177376404,-0.8895718455314636,0.5048797130584717,-0.8691078424453735,1744177376303,-10.18125057220459,-43.23750305175781,-26.137500762939453,1001.2911987304688,50.939119863371566,15.73086783679343,19.140721830957908,74.26913216320658,-37.99514350579503,-121.15337931465278,77.66314158346913,1.342233226686149,238.8466206853472,1.3584256186340316
1744177377190,1744177376492,3.061018466949463,10.6624174118042,6.932007312774658,1744177376404,-0.8895718455314636,0.5048797130584717,-0.8691078424453735,1744177376303,-10.18125057220459,-43.23750305175781,-26.137500762939453,1001.2911987304688,56.97070817907851,16.0179703486329,23.825174431326154,73.9820296513671,-32.00098793748091,-121.15337931465278,76.46691092189856,1.342233226686149,238.8466206853472,1.3584256186340316
1744177377194,1744177376492,3.061018466949463,10.6624174118042,6.932007312774658,1744177376404,-0.8895718455314636,0.5048797130584717,-0.8691078424453735,1744177376503,-21,-44.32500076293945,-17.887500762939453,1001.2911987304688,56.97070817907851,16.0179703486329,23.825174431326154,73.9820296513671,-32.00098793748091,-111.97670247699364,76.46691092189856,1.342233226686149,248.02329752300636,1.3584256186340316
1744177377194,1744177376492,3.061018466949463,10.6624174118042,6.932007312774658,1744177376509,-0.49220430850982666,0.34956738352775574,-0.5212203860282898,1744177376503,-21,-44.32500076293945,-17.887500762939453,1001.2911987304688,56.97070817907851,16.0179703486329,23.825174431326154,73.9820296513671,-32.00098793748091,-111.97670247699364,76.46691092189856,0.7975795432140653,248.02329752300636,1.3584256186340316
1744177377307,1744177376492,3.061018466949463,10.6624174118042,6.932007312774658,1744177376509,-0.49220430850982666,0.34956738352775574,-0.5212203860282898,1744177376603,-22.6875,-44.53125,-16.05000114440918,1001.2911987304688,56.97070817907851,16.0179703486329,23.825174431326154,73.9820296513671,-32.00098793748091,-109.82023150048992,76.46691092189856,0.7975795432140653,250.1797684995101,1.3584256186340316
1744177377307,1744177376492,3.061018466949463,10.6624174118042,6.932007312774658,1744177376613,-0.0591011680662632,0.000610864779446274,-0.008552107028663158,1744177376603,-22.6875,-44.53125,-16.05000114440918,1001.2911987304688,56.97070817907851,16.0179703486329,23.825174431326154,73.9820296513671,-32.00098793748091,-109.82023150048992,76.46691092189856,0.05971984391477565,250.1797684995101,1.3584256186340316
1744177377318,1744177376630,2.352144718170166,9.134002685546875,6.443273067474365,1744177376613,-0.0591011680662632,0.000610864779446274,-0.008552107028663158,1744177376603,-22.6875,-44.53125,-16.05000114440918,1001.2911987304688,54.800238904745534,14.440782975373455,20.054828905512647,75.55921702462655,-34.338122338503226,-109.82023150048992,78.11674332801347,0.05971984391477565,250.1797684995101,1.3584256186340316
1744177377318,1744177376630,2.352144718170166,9.134002685546875,6.443273067474365,1744177376613,-0.0591011680662632,0.000610864779446274,-0.008552107028663158,1744177376603,-22.6875,-44.53125,-16.05000114440918,1001.2962036132812,54.800238904745534,14.440782975373455,20.054828905512647,75.55921702462655,-34.338122338503226,-109.82023150048992,78.11674332801347,0.05971984391477565,250.1797684995101,1.3162613726901684
1744177377389,1744177376630,2.352144718170166,9.134002685546875,6.443273067474365,1744177376613,-0.0591011680662632,0.000610864779446274,-0.008552107028663158,1744177376703,-22.3125,-44.08125305175781,-16.106250762939453,1001.2962036132812,54.800238904745534,14.440782975373455,20.054828905512647,75.55921702462655,-34.338122338503226,-110.07111199077835,78.11674332801347,0.05971984391477565,249.92888800922165,1.3162613726901684
1744177377448,1744177376630,2.352144718170166,9.134002685546875,6.443273067474365,1744177376717,0.037262752652168274,-0.03756818547844887,0.16844595968723297,1744177376703,-22.3125,-44.08125305175781,-16.106250762939453,1001.2962036132812,54.800238904745534,14.440782975373455,20.054828905512647,75.55921702462655,-34.338122338503226,-110.07111199077835,78.11674332801347,0.17656138487878012,249.92888800922165,1.3162613726901684
1744177377452,1744177376769,1.9674984216690063,7.568498134613037,5.31984281539917,1744177376717,0.037262752652168274,-0.03756818547844887,0.16844595968723297,1744177376703,-22.3125,-44.08125305175781,-16.106250762939453,1001.2962036132812,54.89689265533612,14.572010229031484,20.296483321719833,75.42798977096852,-34.22676009599418,-110.07111199077835,77.9933874031267,0.17656138487878012,249.92888800922165,1.3162613726901684
1744177377470,1744177376769,1.9674984216690063,7.568498134613037,5.31984281539917,1744177376717,0.037262752652168274,-0.03756818547844887,0.16844595968723297,1744177376703,-22.3125,-44.08125305175781,-16.106250762939453,1001.3062133789062,54.89689265533612,14.572010229031484,20.296483321719833,75.42798977096852,-34.22676009599418,-110.07111199077835,77.9933874031267,0.17656138487878012,249.92888800922165,1.231933392749216
1744177377529,1744177376769,1.9674984216690063,7.568498134613037,5.31984281539917,1744177376821,0.029626941308379173,0.09896009415388107,0.10338886082172394,1744177376703,-22.3125,-44.08125305175781,-16.106250762939453,1001.3062133789062,54.89689265533612,14.572010229031484,20.296483321719833,75.42798977096852,-34.22676009599418,-110.07111199077835,77.9933874031267,0.1461509918825355,249.92888800922165,1.231933392749216
1744177377583,1744177376908,1.9962122440338135,7.511070251464844,5.591428279876709,1744177376821,0.029626941308379173,0.09896009415388107,0.10338886082172394,1744177376703,-22.3125,-44.08125305175781,-16.106250762939453,1001.3062133789062,53.3350822897949,14.883407178037823,19.64722208528315,75.11659282196219,-35.73312389011242,-110.07111199077835,77.96557580967529,0.1461509918825355,249.92888800922165,1.231933392749216
1744177377595,1744177376908,1.9962122440338135,7.511070251464844,5.591428279876709,1744177376821,0.029626941308379173,0.09896009415388107,0.10338886082172394,1744177376903,-20.850000381469727,-45,-16.162500381469727,1001.3062133789062,53.3350822897949,14.883407178037823,19.64722208528315,75.11659282196219,-35.73312389011242,-109.75659707671562,77.96557580967529,0.1461509918825355,250.24340292328438,1.231933392749216
1744177377605,1744177376908,1.9962122440338135,7.511070251464844,5.591428279876709,1744177376925,-0.04367683082818985,0.12751802802085876,0.1366809904575348,1744177376903,-20.850000381469727,-45,-16.162500381469727,1001.3062133789062,53.3350822897949,14.883407178037823,19.64722208528315,75.11659282196219,-35.73312389011242,-109.75659707671562,77.96557580967529,0.1919640752171498,250.24340292328438,1.231933392749216
1744177377680,1744177376908,1.9962122440338135,7.511070251464844,5.591428279876709,1744177376925,-0.04367683082818985,0.12751802802085876,0.1366809904575348,1744177376903,-20.850000381469727,-45,-16.162500381469727,1001.3162231445312,53.3350822897949,14.883407178037823,19.64722208528315,75.11659282196219,-35.73312389011242,-109.75659707671562,77.96557580967529,0.1919640752171498,250.24340292328438,1.147606095382635
1744177377714,1744177376908,1.9962122440338135,7.511070251464844,5.591428279876709,1744177376925,-0.04367683082818985,0.12751802802085876,0.1366809904575348,1744177377003,-21.900001525878906,-44.71875,-14.793750762939453,1001.3162231445312,53.3350822897949,14.883407178037823,19.64722208528315,75.11659282196219,-35.73312389011242,-108.30512565236586,77.96557580967529,0.1919640752171498,251.69487434763414,1.147606095382635
1744177377720,1744177376908,1.9962122440338135,7.511070251464844,5.591428279876709,1744177377028,0.03695731982588768,0.21991132199764252,0.04306596517562866,1744177377003,-21.900001525878906,-44.71875,-14.793750762939453,1001.3162231445312,53.3350822897949,14.883407178037823,19.64722208528315,75.11659282196219,-35.73312389011242,-108.30512565236586,77.96557580967529,0.2271156321964039,251.69487434763414,1.147606095382635
1744177377721,1744177377046,1.9142581224441528,7.539783954620361,5.590830326080322,1744177377028,0.03695731982588768,0.21991132199764252,0.04306596517562866,1744177377003,-21.900001525878906,-44.71875,-14.793750762939453,1001.3162231445312,53.44267035923429,14.245694837687381,18.90081693012545,75.75430516231262,-35.705134252272444,-108.30512565236586,78.47327293401626,0.2271156321964039,251.69487434763414,1.147606095382635
1744177377782,1744177377046,1.9142581224441528,7.539783954620361,5.590830326080322,1744177377028,0.03695731982588768,0.21991132199764252,0.04306596517562866,1744177377003,-21.900001525878906,-44.71875,-14.793750762939453,1001.3224487304688,53.44267035923429,14.245694837687381,18.90081693012545,75.75430516231262,-35.705134252272444,-108.30512565236586,78.47327293401626,0.2271156321964039,251.69487434763414,1.0951589742274526
1744177377848,1744177377046,1.9142581224441528,7.539783954620361,5.590830326080322,1744177377132,0.12095122784376144,0.212733656167984,-0.08826996386051178,1744177377003,-21.900001525878906,-44.71875,-14.793750762939453,1001.3224487304688,53.44267035923429,14.245694837687381,18.90081693012545,75.75430516231262,-35.705134252272444,-108.30512565236586,78.47327293401626,0.26014687102374995,251.69487434763414,1.0951589742274526
1744177377882,1744177377184,2.435295343399048,7.6474609375,6.123831272125244,1744177377132,0.12095122784376144,0.212733656167984,-0.08826996386051178,1744177377003,-21.900001525878906,-44.71875,-14.793750762939453,1001.3224487304688,51.313419573929245,17.663813703587575,21.686484970615577,72.33618629641244,-37.34410604150475,-108.30512565236586,76.04085525892438,0.26014687102374995,251.69487434763414,1.0951589742274526
1744177377893,1744177377184,2.435295343399048,7.6474609375,6.123831272125244,1744177377132,0.12095122784376144,0.212733656167984,-0.08826996386051178,1744177377203,-21.76875114440918,-45.01875305175781,-15.487500190734863,1001.3224487304688,51.313419573929245,17.663813703587575,21.686484970615577,72.33618629641244,-37.34410604150475,-108.98441101319284,76.04085525892438,0.26014687102374995,251.01558898680716,1.0951589742274526
1744177377972,1744177377184,2.435295343399048,7.6474609375,6.123831272125244,1744177377237,-0.009926552884280682,0.03145953640341759,0.054214250296354294,1744177377203,-21.76875114440918,-45.01875305175781,-15.487500190734863,1001.3224487304688,51.313419573929245,17.663813703587575,21.686484970615577,72.33618629641244,-37.34410604150475,-108.98441101319284,76.04085525892438,0.06346198718979834,251.01558898680716,1.0951589742274526
1744177377973,1744177377184,2.435295343399048,7.6474609375,6.123831272125244,1744177377237,-0.009926552884280682,0.03145953640341759,0.054214250296354294,1744177377203,-21.76875114440918,-45.01875305175781,-15.487500190734863,1001.324951171875,51.313419573929245,17.663813703587575,21.686484970615577,72.33618629641244,-37.34410604150475,-108.98441101319284,76.04085525892438,0.06346198718979834,251.01558898680716,1.0740773626658384
1744177377989,1744177377184,2.435295343399048,7.6474609375,6.123831272125244,1744177377237,-0.009926552884280682,0.03145953640341759,0.054214250296354294,1744177377303,-21.806251525878906,-44.587501525878906,-14.943750381469727,1001.324951171875,51.313419573929245,17.663813703587575,21.686484970615577,72.33618629641244,-37.34410604150475,-108.52886425301571,76.04085525892438,0.06346198718979834,251.4711357469843,1.0740773626658384
1744177378029,1744177377324,2.053041934967041,7.506284713745117,5.781059741973877,1744177377237,-0.009926552884280682,0.03145953640341759,0.054214250296354294,1744177377303,-21.806251525878906,-44.587501525878906,-14.943750381469727,1001.324951171875,52.39788072109266,15.296838399656256,19.551601749692697,74.70316160034375,-36.60781759015875,-108.52886425301571,77.77344950782478,0.06346198718979834,251.4711357469843,1.0740773626658384
1744177378048,1744177377324,2.053041934967041,7.506284713745117,5.781059741973877,1744177377341,-0.022754713892936707,0.009926552884280682,0.037720900028944016,1744177377303,-21.806251525878906,-44.587501525878906,-14.943750381469727,1001.324951171875,52.39788072109266,15.296838399656256,19.551601749692697,74.70316160034375,-36.60781759015875,-108.52886425301571,77.77344950782478,0.045157277990457045,251.4711357469843,1.0740773626658384
1744177378098,1744177377324,2.053041934967041,7.506284713745117,5.781059741973877,1744177377341,-0.022754713892936707,0.009926552884280682,0.037720900028944016,1744177377403,-22.70625114440918,-45.07500076293945,-14.718750953674316,1001.324951171875,52.39788072109266,15.296838399656256,19.551601749692697,74.70316160034375,-36.60781759015875,-108.08388572544045,77.77344950782478,0.045157277990457045,251.91611427455956,1.0740773626658384
1744177378109,1744177377324,2.053041934967041,7.506284713745117,5.781059741973877,1744177377341,-0.022754713892936707,0.009926552884280682,0.037720900028944016,1744177377403,-22.70625114440918,-45.07500076293945,-14.718750953674316,1001.3262329101562,52.39788072109266,15.296838399656256,19.551601749692697,74.70316160034375,-36.60781759015875,-108.08388572544045,77.77344950782478,0.045157277990457045,251.91611427455956,1.063279480585504
1744177378123,1744177377324,2.053041934967041,7.506284713745117,5.781059741973877,1744177377444,0.001221729558892548,-0.011911863461136818,0.02260199747979641,1744177377403,-22.70625114440918,-45.07500076293945,-14.718750953674316,1001.3262329101562,52.39788072109266,15.296838399656256,19.551601749692697,74.70316160034375,-36.60781759015875,-108.08388572544045,77.77344950782478,0.025578025809443572,251.91611427455956,1.063279480585504
1744177378147,1744177377462,2.2402801513671875,7.532007694244385,5.720640659332275,1744177377444,0.001221729558892548,-0.011911863461136818,0.02260199747979641,1744177377403,-22.70625114440918,-45.07500076293945,-14.718750953674316,1001.3262329101562,52.7829396848659,16.56430230135814,21.385982054985938,73.43569769864186,-36.054293347153006,-108.08388572544045,76.67438670823978,0.025578025809443572,251.91611427455956,1.063279480585504
1744177378234,1744177377462,2.2402801513671875,7.532007694244385,5.720640659332275,1744177377549,-0.01511890348047018,-0.014049889519810677,-0.02764163166284561,1744177377403,-22.70625114440918,-45.07500076293945,-14.718750953674316,1001.3262329101562,52.7829396848659,16.56430230135814,21.385982054985938,73.43569769864186,-36.054293347153006,-108.08388572544045,76.67438670823978,0.03449696274971303,251.91611427455956,1.063279480585504
1744177378269,1744177377462,2.2402801513671875,7.532007694244385,5.720640659332275,1744177377549,-0.01511890348047018,-0.014049889519810677,-0.02764163166284561,1744177377403,-22.70625114440918,-45.07500076293945,-14.718750953674316,1001.3287353515625,52.7829396848659,16.56430230135814,21.385982054985938,73.43569769864186,-36.054293347153006,-108.08388572544045,76.67438670823978,0.03449696274971303,251.91611427455956,1.0421979335364673
1744177378293,1744177377601,2.048854351043701,7.692924976348877,5.587240695953369,1744177377549,-0.01511890348047018,-0.014049889519810677,-0.02764163166284561,1744177377403,-22.70625114440918,-45.07500076293945,-14.718750953674316,1001.3287353515625,54.009733331808405,14.91339032779697,20.138106137728574,75.08660967220304,-35.06190215075338,-108.08388572544045,77.83918735486174,0.03449696274971303,251.91611427455956,1.0421979335364673
1744177378335,1744177377601,2.048854351043701,7.692924976348877,5.587240695953369,1744177377549,-0.01511890348047018,-0.014049889519810677,-0.02764163166284561,1744177377603,-21.693750381469727,-45.16875076293945,-15.206250190734863,1001.3287353515625,54.009733331808405,14.91339032779697,20.138106137728574,75.08660967220304,-35.06190215075338,-108.6060229727717,77.83918735486174,0.03449696274971303,251.3939770272283,1.0421979335364673
1744177378348,1744177377601,2.048854351043701,7.692924976348877,5.587240695953369,1744177377653,0.006872228812426329,0.03543015569448471,-0.032070402055978775,1744177377603,-21.693750381469727,-45.16875076293945,-15.206250190734863,1001.3287353515625,54.009733331808405,14.91339032779697,20.138106137728574,75.08660967220304,-35.06190215075338,-108.6060229727717,77.83918735486174,0.048280784473928105,251.3939770272283,1.0421979335364673
1744177378405,1744177377601,2.048854351043701,7.692924976348877,5.587240695953369,1744177377653,0.006872228812426329,0.03543015569448471,-0.032070402055978775,1744177377703,-22.275001525878906,-44.71875,-15.281250953674316,1001.3287353515625,54.009733331808405,14.91339032779697,20.138106137728574,75.08660967220304,-35.06190215075338,-108.86627762458879,77.83918735486174,0.048280784473928105,251.1337223754112,1.0421979335364673
1744177378416,1744177377739,2.2959132194519043,7.675576686859131,5.617151260375977,1744177377653,0.006872228812426329,0.03543015569448471,-0.032070402055978775,1744177377703,-22.275001525878906,-44.71875,-15.281250953674316,1001.3287353515625,53.80253581601519,16.65293972397435,22.23143835495156,73.34706027602566,-35.035353189452834,-108.86627762458879,76.42924500559434,0.048280784473928105,251.1337223754112,1.0421979335364673
1744177378427,1744177377739,2.2959132194519043,7.675576686859131,5.617151260375977,1744177377653,0.006872228812426329,0.03543015569448471,-0.032070402055978775,1744177377703,-22.275001525878906,-44.71875,-15.281250953674316,1001.3312377929688,53.80253581601519,16.65293972397435,22.23143835495156,73.34706027602566,-35.035353189452834,-108.86627762458879,76.42924500559434,0.048280784473928105,251.1337223754112,1.0211164291430996
1744177378492,1744177377739,2.2959132194519043,7.675576686859131,5.617151260375977,1744177377757,0.0027488914784044027,0.023212861269712448,0.012370011769235134,1744177377703,-22.275001525878906,-44.71875,-15.281250953674316,1001.3312377929688,53.80253581601519,16.65293972397435,22.23143835495156,73.34706027602566,-35.035353189452834,-108.86627762458879,76.42924500559434,0.02644637071240544,251.1337223754112,1.0211164291430996
