timestamp,acc_x,acc_y,acc_z,gyro_x,gyro_y,gyro_z,mag_x,mag_y,mag_z,baro_pressure,tiltXY,tiltYZ,tiltXZ,roll,pitch,yaw,totalTiltFromVertical,angularSpeed,heading,altitude
1744177444903,1744177444158,6.839883327484131,7.250252723693848,-0.05922235921025276,1744177444117,0.015271619893610477,-0.019394956529140472,0.005955931730568409,1744177444203,-13.443750381469727,-46.03125,-7.312500476837158,1001.3200073242188,90.46799965487224,43.331755657619034,90.49607665565284,46.66824434238097,0.34042302154513016,-99.02654979795116,46.669198403233494,0.025394090566928353,260.97345020204887,1.1157264412516232
1744177444921,1744177444158,6.839883327484131,7.250252723693848,-0.05922235921025276,1744177444221,0.0412333719432354,-0.04886918142437935,0.05070177838206291,1744177444203,-13.443750381469727,-46.03125,-7.312500476837158,1001.3200073242188,90.46799965487224,43.331755657619034,90.49607665565284,46.66824434238097,0.34042302154513016,-99.02654979795116,46.669198403233494,0.08160305255320978,260.97345020204887,1.1157264412516232
1744177444987,1744177444158,6.839883327484131,7.250252723693848,-0.05922235921025276,1744177444221,0.0412333719432354,-0.04886918142437935,0.05070177838206291,1744177444203,-13.443750381469727,-46.03125,-7.312500476837158,1001.3224487304688,90.46799965487224,43.331755657619034,90.49607665565284,46.66824434238097,0.34042302154513016,-99.02654979795116,46.669198403233494,0.08160305255320978,260.97345020204887,1.0951589742274526
1744177444996,1744177444158,6.839883327484131,7.250252723693848,-0.05922235921025276,1744177444221,0.0412333719432354,-0.04886918142437935,0.05070177838206291,1744177444303,-12.61875057220459,-46.06875228881836,-8.006250381469727,1001.3224487304688,90.46799965487224,43.331755657619034,90.49607665565284,46.66824434238097,0.34042302154513016,-99.85891792746332,46.669198403233494,0.08160305255320978,260.1410820725367,1.0951589742274526
1744177445016,1744177444288,6.583851337432861,7.409375190734863,0.3720839321613312,1744177444221,0.0412333719432354,-0.04886918142437935,0.05070177838206291,1744177444303,-12.61875057220459,-46.06875228881836,-8.006250381469727,1001.3224487304688,87.12513612688754,41.62377548055242,86.76539088295597,48.37622451944759,-2.1498213357465072,-99.85891792746332,48.412048924432305,0.08160305255320978,260.1410820725367,1.0951589742274526
1744177445078,1744177444288,6.583851337432861,7.409375190734863,0.3720839321613312,1744177444325,0.0027488914784044027,-0.048563748598098755,0.12843431532382965,1744177444303,-12.61875057220459,-46.06875228881836,-8.006250381469727,1001.3224487304688,87.12513612688754,41.62377548055242,86.76539088295597,48.37622451944759,-2.1498213357465072,-99.85891792746332,48.412048924432305,0.1373366936945851,260.1410820725367,1.0951589742274526
1744177445129,1744177444288,6.583851337432861,7.409375190734863,0.3720839321613312,1744177444429,-0.0154243353754282,-0.16646064817905426,0.1905898153781891,1744177444303,-12.61875057220459,-46.06875228881836,-8.006250381469727,1001.3224487304688,87.12513612688754,41.62377548055242,86.76539088295597,48.37622451944759,-2.1498213357465072,-99.85891792746332,48.412048924432305,0.25351831342105596,260.1410820725367,1.0951589742274526
1744177445138,1744177444440,5.910272121429443,7.143772125244141,-0.11006984114646912,1744177444429,-0.0154243353754282,-0.16646064817905426,0.1905898153781891,1744177444303,-12.61875057220459,-46.06875228881836,-8.006250381469727,1001.3224487304688,90.88273229488112,39.60204674239145,91.06692352978155,50.39795325760855,0.6801586893794568,-99.85891792746332,50.40129314778,0.25351831342105596,260.1410820725367,1.0951589742274526
1744177445159,1744177444440,5.910272121429443,7.143772125244141,-0.11006984114646912,1744177444429,-0.0154243353754282,-0.16646064817905426,0.1905898153781891,1744177444303,-12.61875057220459,-46.06875228881836,-8.006250381469727,1001.324951171875,90.88273229488112,39.60204674239145,91.06692352978155,50.39795325760855,0.6801586893794568,-99.85891792746332,50.40129314778,0.25351831342105596,260.1410820725367,1.0740773626658384
1744177445216,1744177444440,5.910272121429443,7.143772125244141,-0.11006984114646912,1744177444429,-0.0154243353754282,-0.16646064817905426,0.1905898153781891,1744177444503,-10.950000762939453,-46.85625076293945,-8.475000381469727,1001.324951171875,90.88273229488112,39.60204674239145,91.06692352978155,50.39795325760855,0.6801586893794568,-100.25237995710681,50.40129314778,0.25351831342105596,259.7476200428932,1.0740773626658384
1744177445264,1744177444440,5.910272121429443,7.143772125244141,-0.11006984114646912,1744177444533,0.08842267841100693,-0.3672824501991272,0.23136503994464874,1744177444503,-10.950000762939453,-46.85625076293945,-8.475000381469727,1001.324951171875,90.88273229488112,39.60204674239145,91.06692352978155,50.39795325760855,0.6801586893794568,-100.25237995710681,50.40129314778,0.44299520312328394,259.7476200428932,1.0740773626658384
1744177445273,1744177444569,4.675575256347656,6.682555675506592,-0.3888336718082428,1744177444533,0.08842267841100693,-0.3672824501991272,0.23136503994464874,1744177444503,-10.950000762939453,-46.85625076293945,-8.475000381469727,1001.324951171875,93.33007877473973,34.97927978960164,94.75393495735848,55.02072021039836,2.729541122061833,-100.25237995710681,55.06618932261289,0.44299520312328394,259.7476200428932,1.0740773626658384
1744177445319,1744177444569,4.675575256347656,6.682555675506592,-0.3888336718082428,1744177444533,0.08842267841100693,-0.3672824501991272,0.23136503994464874,1744177444503,-10.950000762939453,-46.85625076293945,-8.475000381469727,1001.324951171875,93.33007877473973,34.97927978960164,94.75393495735848,55.02072021039836,2.729541122061833,-100.25237995710681,55.06618932261289,0.44299520312328394,259.7476200428932,1.0740773626658384
1744177445325,1744177444569,4.675575256347656,6.682555675506592,-0.3888336718082428,1744177444637,0.4341721534729004,-0.5007563829421997,-0.053756099194288254,1744177444503,-10.950000762939453,-46.85625076293945,-8.475000381469727,1001.324951171875,93.33007877473973,34.97927978960164,94.75393495735848,55.02072021039836,2.729541122061833,-100.25237995710681,55.06618932261289,0.6649452098550954,259.7476200428932,1.0740773626658384
1744177445393,1744177444569,4.675575256347656,6.682555675506592,-0.3888336718082428,1744177444637,0.4341721534729004,-0.5007563829421997,-0.053756099194288254,1744177444703,-9.450000762939453,-47.15625,-12.975000381469727,1001.324951171875,93.33007877473973,34.97927978960164,94.75393495735848,55.02072021039836,2.729541122061833,-105.38419383664305,55.06618932261289,0.6649452098550954,254.61580616335695,1.0740773626658384
1744177445420,1744177444700,3.555734395980835,4.880161762237549,0.45104706287384033,1744177444637,0.4341721534729004,-0.5007563829421997,-0.053756099194288254,1744177444703,-9.450000762939453,-47.15625,-12.975000381469727,1001.324951171875,84.71946164282527,36.07745315406238,82.7706068875206,53.922546845937624,-4.272036205320342,-105.38419383664305,54.03844899021708,0.6649452098550954,254.61580616335695,1.0740773626658384
1744177445434,1744177444700,3.555734395980835,4.880161762237549,0.45104706287384033,1744177444741,0.1795942485332489,-0.25931209325790405,-0.43172869086265564,1744177444703,-9.450000762939453,-47.15625,-12.975000381469727,1001.324951171875,84.71946164282527,36.07745315406238,82.7706068875206,53.922546845937624,-4.272036205320342,-105.38419383664305,54.03844899021708,0.5346835684121972,254.61580616335695,1.0740773626658384
1744177445494,1744177444700,3.555734395980835,4.880161762237549,0.45104706287384033,1744177444741,0.1795942485332489,-0.25931209325790405,-0.43172869086265564,1744177444703,-9.450000762939453,-47.15625,-12.975000381469727,1001.3299560546875,84.71946164282527,36.07745315406238,82.7706068875206,53.922546845937624,-4.272036205320342,-105.38419383664305,54.03844899021708,0.5346835684121972,254.61580616335695,1.0319142675293036
1744177445546,1744177444700,3.555734395980835,4.880161762237549,0.45104706287384033,1744177444845,0.6479747891426086,-0.2666424810886383,-1.5583161115646362,1744177444703,-9.450000762939453,-47.15625,-12.975000381469727,1001.3299560546875,84.71946164282527,36.07745315406238,82.7706068875206,53.922546845937624,-4.272036205320342,-105.38419383664305,54.03844899021708,1.7086013706091425,254.61580616335695,1.0319142675293036
1744177445551,1744177444851,6.036493301391602,2.6703901290893555,2.0709879398345947,1744177444845,0.6479747891426086,-0.2666424810886383,-1.5583161115646362,1744177444703,-9.450000762939453,-47.15625,-12.975000381469727,1001.3299560546875,52.20507699783902,66.13662799223563,71.06403414110169,23.863372007764376,-17.41920724544749,-105.38419383664305,29.240942774428206,1.7086013706091425,254.61580616335695,1.0319142675293036
1744177445613,1744177444851,6.036493301391602,2.6703901290893555,2.0709879398345947,1744177444845,0.6479747891426086,-0.2666424810886383,-1.5583161115646362,1744177444903,-19.256250381469727,-41.493751525878906,-17.45625114440918,1001.3299560546875,52.20507699783902,66.13662799223563,71.06403414110169,23.863372007764376,-17.41920724544749,-112.81629065657357,29.240942774428206,1.7086013706091425,247.18370934342641,1.0319142675293036
1744177445636,1744177444851,6.036493301391602,2.6703901290893555,2.0709879398345947,1744177444845,0.6479747891426086,-0.2666424810886383,-1.5583161115646362,1744177444903,-19.256250381469727,-41.493751525878906,-17.45625114440918,1001.3487548828125,52.20507699783902,66.13662799223563,71.06403414110169,23.863372007764376,-17.41920724544749,-112.81629065657357,29.240942774428206,1.7086013706091425,247.18370934342641,0.8735470928663769
1744177445642,1744177444851,6.036493301391602,2.6703901290893555,2.0709879398345947,1744177444949,1.7498221397399902,-1.2246311902999878,-2.2484405040740967,1744177444903,-19.256250381469727,-41.493751525878906,-17.45625114440918,1001.3487548828125,52.20507699783902,66.13662799223563,71.06403414110169,23.863372007764376,-17.41920724544749,-112.81629065657357,29.240942774428206,3.101142333615273,247.18370934342641,0.8735470928663769
1744177445642,1744177444959,5.777470111846924,-2.115255117416382,0.12741780281066895,1744177444949,1.7498221397399902,-1.2246311902999878,-2.2484405040740967,1744177444903,-19.256250381469727,-41.493751525878906,-17.45625114440918,1001.3487548828125,-86.5528075839707,110.1087566927794,88.73658904174907,-20.108756692779377,-1.1864183246085145,-112.81629065657357,20.142279135074638,3.101142333615273,247.18370934342641,0.8735470928663769
1744177445731,1744177444959,5.777470111846924,-2.115255117416382,0.12741780281066895,1744177445053,3.034929037094116,-2.895193576812744,-0.7003564834594727,1744177444903,-19.256250381469727,-41.493751525878906,-17.45625114440918,1001.3487548828125,-86.5528075839707,110.1087566927794,88.73658904174907,-20.108756692779377,-1.1864183246085145,-112.81629065657357,20.142279135074638,4.252462734855945,247.18370934342641,0.8735470928663769
1744177445795,1744177444959,5.777470111846924,-2.115255117416382,0.12741780281066895,1744177445053,3.034929037094116,-2.895193576812744,-0.7003564834594727,1744177444903,-19.256250381469727,-41.493751525878906,-17.45625114440918,1001.387451171875,-86.5528075839707,110.1087566927794,88.73658904174907,-20.108756692779377,-1.1864183246085145,-112.81629065657357,20.142279135074638,4.252462734855945,247.18370934342641,0.5475650967584511
1744177445798,1744177444959,5.777470111846924,-2.115255117416382,0.12741780281066895,1744177445053,3.034929037094116,-2.895193576812744,-0.7003564834594727,1744177445103,-18.825000762939453,-21.543750762939453,-39.41250228881836,1001.387451171875,-86.5528075839707,110.1087566927794,88.73658904174907,-20.108756692779377,-1.1864183246085145,-151.33800218010887,20.142279135074638,4.252462734855945,208.66199781989113,0.5475650967584511
1744177445807,1744177445089,13.784453392028809,-2.630908489227295,9.602995872497559,1744177445053,3.034929037094116,-2.895193576812744,-0.7003564834594727,1744177445103,-18.825000762939453,-21.543750762939453,-39.41250228881836,1001.387451171875,-15.32123655439655,100.80554806157406,55.136844134270866,-10.805548061574047,-34.38390622338306,-151.33800218010887,35.84155601318966,4.252462734855945,208.66199781989113,0.5475650967584511
1744177445856,1744177445089,13.784453392028809,-2.630908489227295,9.602995872497559,1744177445157,3.184743642807007,-2.000276803970337,1.0734421014785767,1744177445103,-18.825000762939453,-21.543750762939453,-39.41250228881836,1001.387451171875,-15.32123655439655,100.80554806157406,55.136844134270866,-10.805548061574047,-34.38390622338306,-151.33800218010887,35.84155601318966,3.9110071986801778,208.66199781989113,0.5475650967584511
1744177445909,1744177445089,13.784453392028809,-2.630908489227295,9.602995872497559,1744177445157,3.184743642807007,-2.000276803970337,1.0734421014785767,1744177445203,-9.131250381469727,-9.15000057220459,-45.39375305175781,1001.387451171875,-15.32123655439655,100.80554806157406,55.136844134270866,-10.805548061574047,-34.38390622338306,-168.6036212201849,35.84155601318966,3.9110071986801778,191.3963787798151,0.5475650967584511
1744177445956,1744177445241,11.338988304138184,-2.4011974334716797,16.456039428710938,1744177445157,3.184743642807007,-2.000276803970337,1.0734421014785767,1744177445203,-9.131250381469727,-9.15000057220459,-45.39375305175781,1001.387451171875,-8.301775859842264,101.95658380907102,34.56867650147234,-11.956583809071008,-54.841902182279405,-168.6036212201849,55.712781411616874,3.9110071986801778,191.3963787798151,0.5475650967584511
1744177445968,1744177445241,11.338988304138184,-2.4011974334716797,16.456039428710938,1744177445157,3.184743642807007,-2.000276803970337,1.0734421014785767,1744177445203,-9.131250381469727,-9.15000057220459,-45.39375305175781,1001.4287109375,-8.301775859842264,101.95658380907102,34.56867650147234,-11.956583809071008,-54.841902182279405,-168.6036212201849,55.712781411616874,3.9110071986801778,191.3963787798151,0.19999931425289552
1744177445969,1744177445241,11.338988304138184,-2.4011974334716797,16.456039428710938,1744177445261,2.148258686065674,-2.7116286754608154,3.9416050910949707,1744177445203,-9.131250381469727,-9.15000057220459,-45.39375305175781,1001.4287109375,-8.301775859842264,101.95658380907102,34.56867650147234,-11.956583809071008,-54.841902182279405,-168.6036212201849,55.712781411616874,5.244444312792709,191.3963787798151,0.19999931425289552
1744177446039,1744177445241,11.338988304138184,-2.4011974334716797,16.456039428710938,1744177445261,2.148258686065674,-2.7116286754608154,3.9416050910949707,1744177445303,5.006250381469727,0.6375000476837158,-46.03125,1001.4287109375,-8.301775859842264,101.95658380907102,34.56867650147234,-11.956583809071008,-54.841902182279405,179.2065449629638,55.712781411616874,5.244444312792709,179.2065449629638,0.19999931425289552
1744177446063,1744177445241,11.338988304138184,-2.4011974334716797,16.456039428710938,1744177445365,0.1107192412018776,-3.1311402320861816,4.906466007232666,1744177445303,5.006250381469727,0.6375000476837158,-46.03125,1001.4287109375,-8.301775859842264,101.95658380907102,34.56867650147234,-11.956583809071008,-54.841902182279405,179.2065449629638,55.712781411616874,5.821486630019061,179.2065449629638,0.19999931425289552
1744177446078,1744177445370,-2.2480568885803223,-2.537588357925415,15.378072738647461,1744177445365,0.1107192412018776,-3.1311402320861816,4.906466007232666,1744177445303,5.006250381469727,0.6375000476837158,-46.03125,1001.4287109375,-9.370133561335317,-138.46217382215775,-8.316922010082093,-131.53782617784228,-77.56780094758052,179.2065449629638,98.2074725389371,5.821486630019061,179.2065449629638,0.19999931425289552
1744177446152,1744177445370,-2.2480568885803223,-2.537588357925415,15.378072738647461,1744177445365,0.1107192412018776,-3.1311402320861816,4.906466007232666,1744177445303,5.006250381469727,0.6375000476837158,-46.03125,1001.4312133789062,-9.370133561335317,-138.46217382215775,-8.316922010082093,-131.53782617784228,-77.56780094758052,179.2065449629638,98.2074725389371,5.821486630019061,179.2065449629638,0.17891951400444306
1744177446156,1744177445370,-2.2480568885803223,-2.537588357925415,15.378072738647461,1744177445469,-1.561675786972046,-3.5898995399475098,4.009258270263672,1744177445303,5.006250381469727,0.6375000476837158,-46.03125,1001.4312133789062,-9.370133561335317,-138.46217382215775,-8.316922010082093,-131.53782617784228,-77.56780094758052,179.2065449629638,98.2074725389371,5.603602577646612,179.2065449629638,0.17891951400444306
1744177446185,1744177445370,-2.2480568885803223,-2.537588357925415,15.378072738647461,1744177445469,-1.561675786972046,-3.5898995399475098,4.009258270263672,1744177445503,31.031251907348633,10.350000381469727,-35.962501525878906,1001.4312133789062,-9.370133561335317,-138.46217382215775,-8.316922010082093,-131.53782617784228,-77.56780094758052,163.94419263263117,98.2074725389371,5.603602577646612,163.94419263263114,0.17891951400444306
1744177446260,1744177445500,-4.101297855377197,-1.794616937637329,13.353744506835938,1744177445469,-1.561675786972046,-3.5898995399475098,4.009258270263672,1744177445503,31.031251907348633,10.350000381469727,-35.962501525878906,1001.4312133789062,-7.654150543415798,-113.63288511895044,-17.073145077199083,-156.3671148810496,-71.46662946711005,163.94419263263117,106.929761553687,5.603602577646612,163.94419263263114,0.17891951400444306
1744177446264,1744177445500,-4.101297855377197,-1.794616937637329,13.353744506835938,1744177445573,-2.430325508117676,-4.956404209136963,3.542710304260254,1744177445503,31.031251907348633,10.350000381469727,-35.962501525878906,1001.4312133789062,-7.654150543415798,-113.63288511895044,-17.073145077199083,-156.3671148810496,-71.46662946711005,163.94419263263117,106.929761553687,6.5592088745267,163.94419263263114,0.17891951400444306
1744177446264,1744177445500,-4.101297855377197,-1.794616937637329,13.353744506835938,1744177445573,-2.430325508117676,-4.956404209136963,3.542710304260254,1744177445503,31.031251907348633,10.350000381469727,-35.962501525878906,1001.40625,-7.654150543415798,-113.63288511895044,-17.073145077199083,-156.3671148810496,-71.46662946711005,163.94419263263117,106.929761553687,6.5592088745267,163.94419263263114,0.38920528449253866
1744177446338,1744177445653,-9.88415241241455,-3.651447296142578,7.380661487579346,1744177445573,-2.430325508117676,-4.956404209136963,3.542710304260254,1744177445503,31.031251907348633,10.350000381469727,-35.962501525878906,1001.40625,-26.32306214844009,-110.27546118337271,-53.2506892125206,-159.7245388166273,-35.00925147390399,163.94419263263117,140.20222642878886,6.5592088745267,163.94419263263114,0.38920528449253866
1744177446401,1744177445653,-9.88415241241455,-3.651447296142578,7.380661487579346,1744177445677,-2.414290428161621,-4.968010425567627,2.1694862842559814,1744177445503,31.031251907348633,10.350000381469727,-35.962501525878906,1001.40625,-26.32306214844009,-110.27546118337271,-53.2506892125206,-159.7245388166273,-35.00925147390399,163.94419263263117,140.20222642878886,5.934357302828697,163.94419263263114,0.38920528449253866
1744177446405,1744177445653,-9.88415241241455,-3.651447296142578,7.380661487579346,1744177445677,-2.414290428161621,-4.968010425567627,2.1694862842559814,1744177445703,51.73125076293945,20.850000381469727,-5.287500381469727,1001.40625,-26.32306214844009,-110.27546118337271,-53.2506892125206,-159.7245388166273,-35.00925147390399,104.23005582585256,140.20222642878886,5.934357302828697,104.23005582585256,0.38920528449253866
1744177446416,1744177445653,-9.88415241241455,-3.651447296142578,7.380661487579346,1744177445677,-2.414290428161621,-4.968010425567627,2.1694862842559814,1744177445703,51.73125076293945,20.850000381469727,-5.287500381469727,1001.3787231445312,-26.32306214844009,-110.27546118337271,-53.2506892125206,-159.7245388166273,-35.00925147390399,104.23005582585256,140.20222642878886,5.934357302828697,104.23005582585256,0.6210901135497993
1744177446471,1744177445761,-10.018150329589844,-3.9326040744781494,3.6544384956359863,1744177445677,-2.414290428161621,-4.968010425567627,2.1694862842559814,1744177445703,51.73125076293945,20.850000381469727,-5.287500381469727,1001.3787231445312,-47.09970856989179,-111.43238636343982,-69.9589528974401,-158.5676136365602,-18.755272531041918,104.23005582585256,151.8143557832563,5.934357302828697,104.23005582585256,0.6210901135497993
1744177446479,1744177445761,-10.018150329589844,-3.9326040744781494,3.6544384956359863,1744177445781,-2.022573232650757,-3.7369651794433594,-0.05222893878817558,1744177445703,51.73125076293945,20.850000381469727,-5.287500381469727,1001.3787231445312,-47.09970856989179,-111.43238636343982,-69.9589528974401,-158.5676136365602,-18.755272531041918,104.23005582585256,151.8143557832563,4.249522219715343,104.23005582585256,0.6210901135497993
1744177446487,1744177445761,-10.018150329589844,-3.9326040744781494,3.6544384956359863,1744177445781,-2.022573232650757,-3.7369651794433594,-0.05222893878817558,1744177445803,51.806251525878906,22.856250762939453,8.943750381469727,1001.3787231445312,-47.09970856989179,-111.43238636343982,-69.9589528974401,-158.5676136365602,-18.755272531041918,68.62937755037757,151.8143557832563,4.249522219715343,68.62937755037757,0.6210901135497993
1744177446572,1744177445891,-9.958928108215332,-3.835096597671509,-1.7168502807617188,1744177445781,-2.022573232650757,-3.7369651794433594,-0.05222893878817558,1744177445803,51.806251525878906,22.856250762939453,8.943750381469727,1001.3787231445312,-114.11653829369202,-111.06126139933451,-99.78125446257631,-158.9387386006655,9.139245150481049,68.62937755037757,157.12424991381673,4.249522219715343,68.62937755037757,0.6210901135497993
1744177446572,1744177445891,-9.958928108215332,-3.835096597671509,-1.7168502807617188,1744177445885,-1.2066106796264648,-1.598480463027954,-1.7205007076263428,1744177445803,51.806251525878906,22.856250762939453,8.943750381469727,1001.3787231445312,-114.11653829369202,-111.06126139933451,-99.78125446257631,-158.9387386006655,9.139245150481049,68.62937755037757,157.12424991381673,2.6402976740915878,68.62937755037757,0.6210901135497993
1744177446595,1744177445891,-9.958928108215332,-3.835096597671509,-1.7168502807617188,1744177445885,-1.2066106796264648,-1.598480463027954,-1.7205007076263428,1744177445803,51.806251525878906,22.856250762939453,8.943750381469727,1001.356201171875,-114.11653829369202,-111.06126139933451,-99.78125446257631,-158.9387386006655,9.139245150481049,68.62937755037757,157.12424991381673,2.6402976740915878,68.62937755037757,0.8108179036010421
1744177446674,1744177445956,-9.000602722167969,-3.851248025894165,-1.7563318014144897,1744177445885,-1.2066106796264648,-1.598480463027954,-1.7205007076263428,1744177445803,51.806251525878906,22.856250762939453,8.943750381469727,1001.356201171875,-114.51498964248384,-113.16549086082048,-101.04165542610264,-156.83450913917952,10.170763729703244,68.62937755037757,154.81322114067686,2.6402976740915878,68.62937755037757,0.8108179036010421
1744177446697,1744177445956,-9.000602722167969,-3.851248025894165,-1.7563318014144897,1744177445990,-0.4731147587299347,1.042288064956665,-4.1170759201049805,1744177445803,51.806251525878906,22.856250762939453,8.943750381469727,1001.356201171875,-114.51498964248384,-113.16549086082048,-101.04165542610264,-156.83450913917952,10.170763729703244,68.62937755037757,154.81322114067686,4.273232513822231,68.62937755037757,0.8108179036010421
1744177446707,1744177445956,-9.000602722167969,-3.851248025894165,-1.7563318014144897,1744177445990,-0.4731147587299347,1.042288064956665,-4.1170759201049805,1744177446003,54.69375228881836,3.562500238418579,12.693750381469727,1001.356201171875,-114.51498964248384,-113.16549086082048,-101.04165542610264,-156.83450913917952,10.170763729703244,15.676771986201558,154.81322114067686,4.273232513822231,15.676771986201572,0.8108179036010421
1744177446774,1744177445956,-9.000602722167969,-3.851248025894165,-1.7563318014144897,1744177445990,-0.4731147587299347,1.042288064956665,-4.1170759201049805,1744177446003,54.69375228881836,3.562500238418579,12.693750381469727,1001.3362426757812,-114.51498964248384,-113.16549086082048,-101.04165542610264,-156.83450913917952,10.170763729703244,15.676771986201558,154.81322114067686,4.273232513822231,15.676771986201572,0.9789535483430578
1744177446798,1744177445956,-9.000602722167969,-3.851248025894165,-1.7563318014144897,1744177446093,-1.0651954412460327,2.8289148807525635,-4.614625453948975,1744177446003,54.69375228881836,3.562500238418579,12.693750381469727,1001.3362426757812,-114.51498964248384,-113.16549086082048,-101.04165542610264,-156.83450913917952,10.170763729703244,15.676771986201558,154.81322114067686,5.516535943037841,15.676771986201572,0.9789535483430578
1744177446819,1744177445956,-9.000602722167969,-3.851248025894165,-1.7563318014144897,1744177446093,-1.0651954412460327,2.8289148807525635,-4.614625453948975,1744177446103,51.375003814697266,-18.375,0.6375000476837158,1001.3362426757812,-114.51498964248384,-113.16549086082048,-101.04165542610264,-156.83450913917952,10.170763729703244,-88.01298407101996,154.81322114067686,5.516535943037841,271.98701592898004,0.9789535483430578
1744177446819,1744177446130,-2.7290141582489014,2.9928228855133057,-0.97926265001297,1744177446093,-1.0651954412460327,2.8289148807525635,-4.614625453948975,1744177446103,51.375003814697266,-18.375,0.6375000476837158,1001.3362426757812,108.11828659080798,-42.36021316450415,-109.73970457716872,132.36021316450416,13.592042608276358,-88.01298407101996,130.91351214755616,5.516535943037841,271.98701592898004,0.9789535483430578
1744177446878,1744177446130,-2.7290141582489014,2.9928228855133057,-0.97926265001297,1744177446197,-1.6372703313827515,3.492161273956299,-3.194211959838867,1744177446103,51.375003814697266,-18.375,0.6375000476837158,1001.3362426757812,108.11828659080798,-42.36021316450415,-109.73970457716872,132.36021316450416,13.592042608276358,-88.01298407101996,130.91351214755616,5.0078772494664765,271.98701592898004,0.9789535483430578
1744177446912,1744177446130,-2.7290141582489014,2.9928228855133057,-0.97926265001297,1744177446197,-1.6372703313827515,3.492161273956299,-3.194211959838867,1744177446103,51.375003814697266,-18.375,0.6375000476837158,1001.32373046875,108.11828659080798,-42.36021316450415,-109.73970457716872,132.36021316450416,13.592042608276358,-88.01298407101996,130.91351214755616,5.0078772494664765,271.98701592898004,1.0843610702951312
1744177446920,1744177446237,-0.24586252868175507,5.051846981048584,-1.7838492393493652,1744177446197,-1.6372703313827515,3.492161273956299,-3.194211959838867,1744177446103,51.375003814697266,-18.375,0.6375000476837158,1001.32373046875,109.44855059855261,-2.7862639525785338,-172.15253813630443,92.78626395257854,19.427281941594845,-88.01298407101996,92.6275116447133,5.0078772494664765,271.98701592898004,1.0843610702951312
1744177446987,1744177446237,-0.24586252868175507,5.051846981048584,-1.7838492393493652,1744177446301,-1.5822924375534058,2.3796236515045166,-1.070082426071167,1744177446103,51.375003814697266,-18.375,0.6375000476837158,1001.32373046875,109.44855059855261,-2.7862639525785338,-172.15253813630443,92.78626395257854,19.427281941594845,-88.01298407101996,92.6275116447133,3.051447931609639,271.98701592898004,1.0843610702951312
1744177447058,1744177446237,-0.24586252868175507,5.051846981048584,-1.7838492393493652,1744177446301,-1.5822924375534058,2.3796236515045166,-1.070082426071167,1744177446303,26.475000381469727,-43.03125,-12.018750190734863,1001.32373046875,109.44855059855261,-2.7862639525785338,-172.15253813630443,92.78626395257854,19.427281941594845,-105.60519921839618,92.6275116447133,3.051447931609639,254.3948007816038,1.0843610702951312
1744177447076,1744177446237,-0.24586252868175507,5.051846981048584,-1.7838492393493652,1744177446301,-1.5822924375534058,2.3796236515045166,-1.070082426071167,1744177446303,26.475000381469727,-43.03125,-12.018750190734863,1001.313720703125,109.44855059855261,-2.7862639525785338,-172.15253813630443,92.78626395257854,19.427281941594845,-105.60519921839618,92.6275116447133,3.051447931609639,254.3948007816038,1.1686878557297031
1744177447083,1744177446367,-3.487539052963257,6.921239376068115,-2.5591237545013428,1744177446301,-1.5822924375534058,2.3796236515045166,-1.070082426071167,1744177446303,26.475000381469727,-43.03125,-12.018750190734863,1001.313720703125,110.29184075357477,-26.74304995965037,-126.27087529844667,116.74304995965038,18.273149153058906,-105.60519921839618,115.29622217683401,3.051447931609639,254.3948007816038,1.1686878557297031
1744177447151,1744177446367,-3.487539052963257,6.921239376068115,-2.5591237545013428,1744177446405,-1.4796671867370605,0.8655954003334045,-0.6991347670555115,1744177446303,26.475000381469727,-43.03125,-12.018750190734863,1001.313720703125,110.29184075357477,-26.74304995965037,-126.27087529844667,116.74304995965038,18.273149153058906,-105.60519921839618,115.29622217683401,1.8513400020229882,254.3948007816038,1.1686878557297031
1744177447200,1744177446367,-3.487539052963257,6.921239376068115,-2.5591237545013428,1744177446405,-1.4796671867370605,0.8655954003334045,-0.6991347670555115,1744177446503,18.506250381469727,-47.83125305175781,-5.118750095367432,1001.313720703125,110.29184075357477,-26.74304995965037,-126.27087529844667,116.74304995965038,18.273149153058906,-96.10836580558993,115.29622217683401,1.8513400020229882,263.8916341944101,1.1686878557297031
1744177447210,1744177446367,-3.487539052963257,6.921239376068115,-2.5591237545013428,1744177446509,-1.0189224481582642,0.48731738328933716,-0.42821621894836426,1744177446503,18.506250381469727,-47.83125305175781,-5.118750095367432,1001.313720703125,110.29184075357477,-26.74304995965037,-126.27087529844667,116.74304995965038,18.273149153058906,-96.10836580558993,115.29622217683401,1.207911552054715,263.8916341944101,1.1686878557297031
1744177447211,1744177446497,-1.7563318014144897,7.21316385269165,-4.825126647949219,1744177446509,-1.0189224481582642,0.48731738328933716,-0.42821621894836426,1744177446503,18.506250381469727,-47.83125305175781,-5.118750095367432,1001.313720703125,123.77988877413739,-13.684643725512192,-159.99864398566126,103.68464372551219,33.02161804182605,-96.10836580558993,101.44119905881558,1.207911552054715,263.8916341944101,1.1686878557297031
1744177447223,1744177446497,-1.7563318014144897,7.21316385269165,-4.825126647949219,1744177446509,-1.0189224481582642,0.48731738328933716,-0.42821621894836426,1744177446503,18.506250381469727,-47.83125305175781,-5.118750095367432,1001.3049926757812,123.77988877413739,-13.684643725512192,-159.99864398566126,103.68464372551219,33.02161804182605,-96.10836580558993,101.44119905881558,1.207911552054715,263.8916341944101,1.2422172561969558
1744177447292,1744177446497,-1.7563318014144897,7.21316385269165,-4.825126647949219,1744177446509,-1.0189224481582642,0.48731738328933716,-0.42821621894836426,1744177446603,17.493751525878906,-47.92500305175781,-2.71875,1001.3049926757812,123.77988877413739,-13.684643725512192,-159.99864398566126,103.68464372551219,33.02161804182605,-93.24686717401038,101.44119905881558,1.207911552054715,266.7531328259896,1.2422172561969558
1744177447343,1744177446497,-1.7563318014144897,7.21316385269165,-4.825126647949219,1744177446613,0.006414080038666725,-0.10277800261974335,0.228921577334404,1744177446603,17.493751525878906,-47.92500305175781,-2.71875,1001.3049926757812,123.77988877413739,-13.684643725512192,-159.99864398566126,103.68464372551219,33.02161804182605,-93.24686717401038,101.44119905881558,0.2510170249495398,266.7531328259896,1.2422172561969558
1744177447355,1744177446627,-1.8394824266433716,8.24267578125,-5.36351203918457,1744177446613,0.006414080038666725,-0.10277800261974335,0.228921577334404,1744177446603,17.493751525878906,-47.92500305175781,-2.71875,1001.3049926757812,123.05206750031468,-12.580310271356208,-161.06996443568138,102.58031027135623,32.41873712167684,-93.24686717401038,100.5948545710688,0.2510170249495398,266.7531328259896,1.2422172561969558
1744177447378,1744177446627,-1.8394824266433716,8.24267578125,-5.36351203918457,1744177446613,0.006414080038666725,-0.10277800261974335,0.228921577334404,1744177446603,17.493751525878906,-47.92500305175781,-2.71875,1001.2974853515625,123.05206750031468,-12.580310271356208,-161.06996443568138,102.58031027135623,32.41873712167684,-93.24686717401038,100.5948545710688,0.2510170249495398,266.7531328259896,1.305463239592517
1744177447414,1744177446627,-1.8394824266433716,8.24267578125,-5.36351203918457,1744177446613,0.006414080038666725,-0.10277800261974335,0.228921577334404,1744177446703,19.3125,-47.70000076293945,-3.2437500953674316,1001.2974853515625,123.05206750031468,-12.580310271356208,-161.06996443568138,102.58031027135623,32.41873712167684,-93.89030380212711,100.5948545710688,0.2510170249495398,266.1096961978729,1.305463239592517
1744177447420,1744177446627,-1.8394824266433716,8.24267578125,-5.36351203918457,1744177446717,0.24495677649974823,-0.07162389904260635,0.21319180727005005,1744177446703,19.3125,-47.70000076293945,-3.2437500953674316,1001.2974853515625,123.05206750031468,-12.580310271356208,-161.06996443568138,102.58031027135623,32.41873712167684,-93.89030380212711,100.5948545710688,0.3325425566063436,266.1096961978729,1.305463239592517
1744177447474,1744177446757,-2.5908286571502686,8.625527381896973,-4.012165546417236,1744177446717,0.24495677649974823,-0.07162389904260635,0.21319180727005005,1744177446703,19.3125,-47.70000076293945,-3.2437500953674316,1001.2974853515625,114.94550178674383,-16.71856331301994,-147.1479220567219,106.71856331301994,24.01239696597294,-93.89030380212711,105.23478819942935,0.3325425566063436,266.1096961978729,1.305463239592517
1744177447504,1744177446757,-2.5908286571502686,8.625527381896973,-4.012165546417236,1744177446717,0.24495677649974823,-0.07162389904260635,0.21319180727005005,1744177446803,19.743751525878906,-47.26875305175781,-3.918750047683716,1001.2974853515625,114.94550178674383,-16.71856331301994,-147.1479220567219,106.71856331301994,24.01239696597294,-94.73918902608673,105.23478819942935,0.3325425566063436,265.2608109739133,1.305463239592517
1744177447517,1744177446757,-2.5908286571502686,8.625527381896973,-4.012165546417236,1744177446821,0.1516471803188324,0.04306596517562866,0.14569124579429626,1744177446803,19.743751525878906,-47.26875305175781,-3.918750047683716,1001.2974853515625,114.94550178674383,-16.71856331301994,-147.1479220567219,106.71856331301994,24.01239696597294,-94.73918902608673,105.23478819942935,0.21465666483073612,265.2608109739133,1.305463239592517
1744177447578,1744177446757,-2.5908286571502686,8.625527381896973,-4.012165546417236,1744177446821,0.1516471803188324,0.04306596517562866,0.14569124579429626,1744177446803,19.743751525878906,-47.26875305175781,-3.918750047683716,1001.2962036132812,114.94550178674383,-16.71856331301994,-147.1479220567219,106.71856331301994,24.01239696597294,-94.73918902608673,105.23478819942935,0.21465666483073612,265.2608109739133,1.3162613726901684
1744177447599,1744177446757,-2.5908286571502686,8.625527381896973,-4.012165546417236,1744177446821,0.1516471803188324,0.04306596517562866,0.14569124579429626,1744177446903,20.4375,-47.71875,-5.043750286102295,1001.2962036132812,114.94550178674383,-16.71856331301994,-147.1479220567219,106.71856331301994,24.01239696597294,-96.03361536796336,105.23478819942935,0.21465666483073612,263.96638463203664,1.3162613726901684
1744177447604,1744177446930,-3.0544381141662598,9.1052885055542,-2.2301106452941895,1744177446821,0.1516471803188324,0.04306596517562866,0.14569124579429626,1744177446903,20.4375,-47.71875,-5.043750286102295,1001.2962036132812,103.76223404866238,-18.544418637732097,-126.13398165543781,108.5444186377321,13.072839237586454,-96.03361536796336,108.04700983598234,0.21465666483073612,263.96638463203664,1.3162613726901684
1744177447658,1744177446930,-3.0544381141662598,9.1052885055542,-2.2301106452941895,1744177446925,0.09834922850131989,0.09407317638397217,-0.007635809946805239,1744177446903,20.4375,-47.71875,-5.043750286102295,1001.2962036132812,103.76223404866238,-18.544418637732097,-126.13398165543781,108.5444186377321,13.072839237586454,-96.03361536796336,108.04700983598234,0.1363108170884413,263.96638463203664,1.3162613726901684
1744177447697,1744177446930,-3.0544381141662598,9.1052885055542,-2.2301106452941895,1744177446925,0.09834922850131989,0.09407317638397217,-0.007635809946805239,1744177447003,18.5625,-46.837501525878906,-4.03125,1001.2962036132812,103.76223404866238,-18.544418637732097,-126.13398165543781,108.5444186377321,13.072839237586454,-94.91925884658815,108.04700983598234,0.1363108170884413,265.08074115341185,1.3162613726901684
1744177447705,1744177446930,-3.0544381141662598,9.1052885055542,-2.2301106452941895,1744177446925,0.09834922850131989,0.09407317638397217,-0.007635809946805239,1744177447003,18.5625,-46.837501525878906,-4.03125,1001.2974853515625,103.76223404866238,-18.544418637732097,-126.13398165543781,108.5444186377321,13.072839237586454,-94.91925884658815,108.04700983598234,0.1363108170884413,265.08074115341185,1.305463239592517
1744177447705,1744177447061,-2.843869686126709,8.444869041442871,-4.186243057250977,1744177446925,0.09834922850131989,0.09407317638397217,-0.007635809946805239,1744177447003,18.5625,-46.837501525878906,-4.03125,1001.2974853515625,116.36827647465462,-18.611318227898042,-145.8102828035091,108.61131822789805,25.16372451165214,-94.91925884658815,106.78962155307927,0.1363108170884413,265.08074115341185,1.305463239592517
1744177447768,1744177447061,-2.843869686126709,8.444869041442871,-4.186243057250977,1744177447029,-0.05451968312263489,0.09651663154363632,-0.018325943499803543,1744177447003,18.5625,-46.837501525878906,-4.03125,1001.2974853515625,116.36827647465462,-18.611318227898042,-145.8102828035091,108.61131822789805,25.16372451165214,-94.91925884658815,106.78962155307927,0.11235522336536279,265.08074115341185,1.305463239592517
1744177447818,1744177447061,-2.843869686126709,8.444869041442871,-4.186243057250977,1744177447029,-0.05451968312263489,0.09651663154363632,-0.018325943499803543,1744177447103,20.025001525878906,-47.41875076293945,-4.875,1001.2974853515625,116.36827647465462,-18.611318227898042,-145.8102828035091,108.61131822789805,25.16372451165214,-95.86980986854401,106.78962155307927,0.11235522336536279,264.130190131456,1.305463239592517
1744177447824,1744177447169,-2.8223342895507812,9.128020286560059,-3.0179476737976074,1744177447029,-0.05451968312263489,0.09651663154363632,-0.018325943499803543,1744177447103,20.025001525878906,-47.41875076293945,-4.875,1001.2974853515625,108.29515425008228,-17.18132474298555,-136.91833769481724,107.18132474298555,17.52978125252332,-95.86980986854401,106.3604143200882,0.11235522336536279,264.130190131456,1.305463239592517
1744177447856,1744177447169,-2.8223342895507812,9.128020286560059,-3.0179476737976074,1744177447133,0.16569706797599792,-0.17791436612606049,0.06551524996757507,1744177447103,20.025001525878906,-47.41875076293945,-4.875,1001.2974853515625,108.29515425008228,-17.18132474298555,-136.91833769481724,107.18132474298555,17.52978125252332,-95.86980986854401,106.3604143200882,0.25179612385458644,264.130190131456,1.305463239592517
1744177447878,1744177447169,-2.8223342895507812,9.128020286560059,-3.0179476737976074,1744177447133,0.16569706797599792,-0.17791436612606049,0.06551524996757507,1744177447103,20.025001525878906,-47.41875076293945,-4.875,1001.302490234375,108.29515425008228,-17.18132474298555,-136.91833769481724,107.18132474298555,17.52978125252332,-95.86980986854401,106.3604143200882,0.25179612385458644,264.130190131456,1.2632992079999117
1744177447919,1744177447169,-2.8223342895507812,9.128020286560059,-3.0179476737976074,1744177447237,-0.024892739951610565,-0.10170898586511612,-0.0795651376247406,1744177447103,20.025001525878906,-47.41875076293945,-4.875,1001.302490234375,108.29515425008228,-17.18132474298555,-136.91833769481724,107.18132474298555,17.52978125252332,-95.86980986854401,106.3604143200882,0.1315103700597516,264.130190131456,1.2632992079999117
1744177447926,1744177447277,-2.121835470199585,8.687142372131348,-3.2590243816375732,1744177447237,-0.024892739951610565,-0.10170898586511612,-0.0795651376247406,1744177447103,20.025001525878906,-47.41875076293945,-4.875,1001.302490234375,110.56382779233998,-13.725761040169457,-146.9332723000945,103.72576104016947,20.023837673425827,-95.86980986854401,102.88128633751259,0.1315103700597516,264.130190131456,1.2632992079999117
1744177447993,1744177447277,-2.121835470199585,8.687142372131348,-3.2590243816375732,1744177447237,-0.024892739951610565,-0.10170898586511612,-0.0795651376247406,1744177447303,20.775001525878906,-47.45625305175781,-5.887500286102295,1001.302490234375,110.56382779233998,-13.725761040169457,-146.9332723000945,103.72576104016947,20.023837673425827,-97.07207296972965,102.88128633751259,0.1315103700597516,262.9279270302703,1.2632992079999117
1744177448029,1744177447277,-2.121835470199585,8.687142372131348,-3.2590243816375732,1744177447237,-0.024892739951610565,-0.10170898586511612,-0.0795651376247406,1744177447303,20.775001525878906,-47.45625305175781,-5.887500286102295,1001.3049926757812,110.56382779233998,-13.725761040169457,-146.9332723000945,103.72576104016947,20.023837673425827,-97.07207296972965,102.88128633751259,0.1315103700597516,262.9279270302703,1.2422172561969558
1744177448059,1744177447277,-2.121835470199585,8.687142372131348,-3.2590243816375732,1744177447341,-0.13790272176265717,0.11468986421823502,0.012217295356094837,1744177447303,20.775001525878906,-47.45625305175781,-5.887500286102295,1001.3049926757812,110.56382779233998,-13.725761040169457,-146.9332723000945,103.72576104016947,20.023837673425827,-97.07207296972965,102.88128633751259,0.17977816310599037,262.9279270302703,1.2422172561969558
1744177448060,1744177447386,-3.0424740314483643,8.936594009399414,-3.5671002864837646,1744177447341,-0.13790272176265717,0.11468986421823502,0.012217295356094837,1744177447303,20.775001525878906,-47.45625305175781,-5.887500286102295,1001.3049926757812,111.75973831949213,-18.801202379590784,-139.53826235982865,108.80120237959079,20.699502048131563,-97.07207296972965,107.54658281728118,0.17977816310599037,262.9279270302703,1.2422172561969558
1744177448111,1744177447386,-3.0424740314483643,8.936594009399414,-3.5671002864837646,1744177447341,-0.13790272176265717,0.11468986421823502,0.012217295356094837,1744177447403,20.100000381469727,-47.17500305175781,-4.96875,1001.3049926757812,111.75973831949213,-18.801202379590784,-139.53826235982865,108.80120237959079,20.699502048131563,-96.01256181209693,107.54658281728118,0.17977816310599037,263.9874381879031,1.2422172561969558
1744177448139,1744177447386,-3.0424740314483643,8.936594009399414,-3.5671002864837646,1744177447445,-0.08765909820795059,0.060322895646095276,-0.03130681812763214,1744177447403,20.100000381469727,-47.17500305175781,-4.96875,1001.3049926757812,111.75973831949213,-18.801202379590784,-139.53826235982865,108.80120237959079,20.699502048131563,-96.01256181209693,107.54658281728118,0.11091927740044769,263.9874381879031,1.2422172561969558
1744177448147,1744177447494,-2.3132612705230713,8.638090133666992,-3.9355950355529785,1744177447445,-0.08765909820795059,0.060322895646095276,-0.03130681812763214,1744177447403,20.100000381469727,-47.17500305175781,-4.96875,1001.3049926757812,114.49445567519867,-14.991904973412325,-149.55386941894517,104.99190497341235,23.75436843929438,-96.01256181209693,103.69581511182287,0.11091927740044769,263.9874381879031,1.2422172561969558
1744177448197,1744177447494,-2.3132612705230713,8.638090133666992,-3.9355950355529785,1744177447445,-0.08765909820795059,0.060322895646095276,-0.03130681812763214,1744177447403,20.100000381469727,-47.17500305175781,-4.96875,1001.3087158203125,114.49445567519867,-14.991904973412325,-149.55386941894517,104.99190497341235,23.75436843929438,-96.01256181209693,103.69581511182287,0.11091927740044769,263.9874381879031,1.2108515044154544
1744177448202,1744177447494,-2.3132612705230713,8.638090133666992,-3.9355950355529785,1744177447445,-0.08765909820795059,0.060322895646095276,-0.03130681812763214,1744177447503,20.325000762939453,-47.19375228881836,-4.818750381469727,1001.3087158203125,114.49445567519867,-14.991904973412325,-149.55386941894517,104.99190497341235,23.75436843929438,-95.83002037747603,103.69581511182287,0.11091927740044769,264.16997962252395,1.2108515044154544
1744177448228,1744177447494,-2.3132612705230713,8.638090133666992,-3.9355950355529785,1744177447549,-0.005650499369949102,-0.12140937149524689,0.09865466505289078,1744177447503,20.325000762939453,-47.19375228881836,-4.818750381469727,1001.3087158203125,114.49445567519867,-14.991904973412325,-149.55386941894517,104.99190497341235,23.75436843929438,-95.83002037747603,103.69581511182287,0.15654043109273313,264.16997962252395,1.2108515044154544
1744177448280,1744177447603,-2.912663459777832,8.678169250488281,-3.562314748764038,1744177447549,-0.005650499369949102,-0.12140937149524689,0.09865466505289078,1744177447503,20.325000762939453,-47.19375228881836,-4.818750381469727,1001.3087158203125,112.31773347731988,-18.553353944593177,-140.7294594524591,108.55335394459318,21.263865084539262,-95.83002037747603,107.24903144371653,0.15654043109273313,264.16997962252395,1.2108515044154544
1744177448290,1744177447603,-2.912663459777832,8.678169250488281,-3.562314748764038,1744177447549,-0.005650499369949102,-0.12140937149524689,0.09865466505289078,1744177447603,20.137500762939453,-47.10000228881836,-3.825000047683716,1001.3087158203125,112.31773347731988,-18.553353944593177,-140.7294594524591,108.55335394459318,21.263865084539262,-94.64281232730555,107.24903144371653,0.15654043109273313,265.35718767269447,1.2108515044154544
1744177448335,1744177447603,-2.912663459777832,8.678169250488281,-3.562314748764038,1744177447653,-0.05803215503692627,0.0206166859716177,0.09086613357067108,1744177447603,20.137500762939453,-47.10000228881836,-3.825000047683716,1001.3087158203125,112.31773347731988,-18.553353944593177,-140.7294594524591,108.55335394459318,21.263865084539262,-94.64281232730555,107.24903144371653,0.10976990930471421,265.35718767269447,1.2108515044154544
1744177448364,1744177447603,-2.912663459777832,8.678169250488281,-3.562314748764038,1744177447653,-0.05803215503692627,0.0206166859716177,0.09086613357067108,1744177447603,20.137500762939453,-47.10000228881836,-3.825000047683716,1001.3099975585938,112.31773347731988,-18.553353944593177,-140.7294594524591,108.55335394459318,21.263865084539262,-94.64281232730555,107.24903144371653,0.10976990930471421,265.35718767269447,1.2000534805678942
1744177448375,1744177447711,-3.3786656856536865,8.569893836975098,-3.8781673908233643,1744177447653,-0.05803215503692627,0.0206166859716177,0.09086613357067108,1744177447603,20.137500762939453,-47.10000228881836,-3.825000047683716,1001.3099975585938,114.34836355148886,-21.516751772957452,-138.9375674537931,111.51675177295746,22.830945276713294,-94.64281232730555,109.75737868162143,0.10976990930471421,265.35718767269447,1.2000534805678942
1744177448438,1744177447711,-3.3786656856536865,8.569893836975098,-3.8781673908233643,1744177447757,-0.03481929376721382,0.05345066636800766,-0.06017018109560013,1744177447603,20.137500762939453,-47.10000228881836,-3.825000047683716,1001.3099975585938,114.34836355148886,-21.516751772957452,-138.9375674537931,111.51675177295746,22.830945276713294,-94.64281232730555,109.75737868162143,0.08769154831971503,265.35718767269447,1.2000534805678942
1744177448479,1744177447819,-2.6428725719451904,8.419744491577148,-4.157529354095459,1744177447757,-0.03481929376721382,0.05345066636800766,-0.06017018109560013,1744177447603,20.137500762939453,-47.10000228881836,-3.825000047683716,1001.3099975585938,116.27939138632715,-17.426545161049482,-147.5565553205229,107.4265451610495,25.22603864194215,-94.64281232730555,105.71915142436282,0.08769154831971503,265.35718767269447,1.2000534805678942
1744177448486,1744177447819,-2.6428725719451904,8.419744491577148,-4.157529354095459,1744177447757,-0.03481929376721382,0.05345066636800766,-0.06017018109560013,1744177447803,19.59375,-47.17500305175781,-3.6937501430511475,1001.3099975585938,116.27939138632715,-17.426545161049482,-147.5565553205229,107.4265451610495,25.22603864194215,-94.47706136963077,105.71915142436282,0.08769154831971503,265.52293863036925,1.2000534805678942
1744177448539,1744177447819,-2.6428725719451904,8.419744491577148,-4.157529354095459,1744177447757,-0.03481929376721382,0.05345066636800766,-0.06017018109560013,1744177447803,19.59375,-47.17500305175781,-3.6937501430511475,1001.3125,116.27939138632715,-17.426545161049482,-147.5565553205229,107.4265451610495,25.22603864194215,-94.47706136963077,105.71915142436282,0.08769154831971503,265.52293863036925,1.1789716567516317
1744177448547,1744177447819,-2.6428725719451904,8.419744491577148,-4.157529354095459,1744177447861,0.05925388261675835,0.004734201822429895,0.06734783947467804,1744177447803,19.59375,-47.17500305175781,-3.6937501430511475,1001.3125,116.27939138632715,-17.426545161049482,-147.5565553205229,107.4265451610495,25.22603864194215,-94.47706136963077,105.71915142436282,0.08982854086515642,265.52293863036925,1.1789716567516317
1744177448571,1744177447927,-2.6973092555999756,8.608179092407227,-3.8847475051879883,1744177447861,0.05925388261675835,0.004734201822429895,0.06734783947467804,1744177447803,19.59375,-47.17500305175781,-3.6937501430511475,1001.3125,114.28897242157778,-17.397996586171697,-145.22646807123022,107.3979965861717,23.29862855684066,-94.47706136963077,105.9396749693859,0.08982854086515642,265.52293863036925,1.1789716567516317
1744177448647,1744177447927,-2.6973092555999756,8.608179092407227,-3.8847475051879883,1744177447965,0.023365577682852745,-0.012522728182375431,0.05528326332569122,1744177447803,19.59375,-47.17500305175781,-3.6937501430511475,1001.3125,114.28897242157778,-17.397996586171697,-145.22646807123022,107.3979965861717,23.29862855684066,-94.47706136963077,105.9396749693859,0.06131075065207408,265.52293863036925,1.1789716567516317
1744177448678,1744177447927,-2.6973092555999756,8.608179092407227,-3.8847475051879883,1744177447965,0.023365577682852745,-0.012522728182375431,0.05528326332569122,1744177447803,19.59375,-47.17500305175781,-3.6937501430511475,1001.3112182617188,114.28897242157778,-17.397996586171697,-145.22646807123022,107.3979965861717,23.29862855684066,-94.47706136963077,105.9396749693859,0.06131075065207408,265.52293863036925,1.1897696587422835
1744177448690,1744177448036,-2.8558337688446045,8.481359481811523,-3.731606960296631,1744177447965,0.023365577682852745,-0.012522728182375431,0.05528326332569122,1744177447803,19.59375,-47.17500305175781,-3.6937501430511475,1001.3112182617188,113.74841227070267,-18.609350344585874,-142.57283132645114,108.60935034458589,22.634858834853922,-94.47706136963077,107.12963309551033,0.06131075065207408,265.52293863036925,1.1897696587422835
1744177448690,1744177448036,-2.8558337688446045,8.481359481811523,-3.731606960296631,1744177447965,0.023365577682852745,-0.012522728182375431,0.05528326332569122,1744177448003,20.700000762939453,-46.6875,-4.200000286102295,1001.3112182617188,113.74841227070267,-18.609350344585874,-142.57283132645114,108.60935034458589,22.634858834853922,-95.14048235129944,107.12963309551033,0.06131075065207408,264.85951764870055,1.1897696587422835
1744177448777,1744177448036,-2.8558337688446045,8.481359481811523,-3.731606960296631,1744177448069,-0.008857538923621178,0.05406153202056885,-0.040317077189683914,1744177448003,20.700000762939453,-46.6875,-4.200000286102295,1001.3112182617188,113.74841227070267,-18.609350344585874,-142.57283132645114,108.60935034458589,22.634858834853922,-95.14048235129944,107.12963309551033,0.0680189087924335,264.85951764870055,1.1897696587422835
1744177448794,1744177448144,-3.050250768661499,8.49152946472168,-3.641875982284546,1744177448069,-0.008857538923621178,0.05406153202056885,-0.040317077189683914,1744177448003,20.700000762939453,-46.6875,-4.200000286102295,1001.3112182617188,113.21368954123912,-19.758846361127354,-140.05216506304274,109.75884636112737,21.98059844294928,-95.14048235129944,108.26959127617783,0.0680189087924335,264.85951764870055,1.1897696587422835
1744177448801,1744177448144,-3.050250768661499,8.49152946472168,-3.641875982284546,1744177448069,-0.008857538923621178,0.05406153202056885,-0.040317077189683914,1744177448103,19.931251525878906,-46.556251525878906,-3.9562501907348633,1001.3112182617188,113.21368954123912,-19.758846361127354,-140.05216506304274,109.75884636112737,21.98059844294928,-94.85720295775606,108.26959127617783,0.0680189087924335,265.14279704224396,1.1897696587422835
1744177448868,1744177448144,-3.050250768661499,8.49152946472168,-3.641875982284546,1744177448069,-0.008857538923621178,0.05406153202056885,-0.040317077189683914,1744177448103,19.931251525878906,-46.556251525878906,-3.9562501907348633,1001.3062133789062,113.21368954123912,-19.758846361127354,-140.05216506304274,109.75884636112737,21.98059844294928,-94.85720295775606,108.26959127617783,0.0680189087924335,265.14279704224396,1.231933392749216
1744177448877,1744177448144,-3.050250768661499,8.49152946472168,-3.641875982284546,1744177448173,0.027030766010284424,-0.03298669680953026,0.021685699000954628,1744177448103,19.931251525878906,-46.556251525878906,-3.9562501907348633,1001.3062133789062,113.21368954123912,-19.758846361127354,-140.05216506304274,109.75884636112737,21.98059844294928,-94.85720295775606,108.26959127617783,0.047844059387416385,265.14279704224396,1.231933392749216
1744177448899,1744177448252,-3.267399311065674,8.57468032836914,-3.67657208442688,1744177448173,0.027030766010284424,-0.03298669680953026,0.021685699000954628,1744177448103,19.931251525878906,-46.556251525878906,-3.9562501907348633,1001.3062133789062,113.20823780720103,-20.859443565533166,-138.37224832376432,110.85944356553318,21.8343825392909,-94.85720295775606,109.30111143493131,0.047844059387416385,265.14279704224396,1.231933392749216
1744177448977,1744177448252,-3.267399311065674,8.57468032836914,-3.67657208442688,1744177448277,0.001221729558892548,-0.04321868345141411,-0.02260199747979641,1744177448103,19.931251525878906,-46.556251525878906,-3.9562501907348633,1001.3062133789062,113.20823780720103,-20.859443565533166,-138.37224832376432,110.85944356553318,21.8343825392909,-94.85720295775606,109.30111143493131,0.04878726793401462,265.14279704224396,1.231933392749216
1744177448981,1744177448252,-3.267399311065674,8.57468032836914,-3.67657208442688,1744177448277,0.001221729558892548,-0.04321868345141411,-0.02260199747979641,1744177448103,19.931251525878906,-46.556251525878906,-3.9562501907348633,1001.302490234375,113.20823780720103,-20.859443565533166,-138.37224832376432,110.85944356553318,21.8343825392909,-94.85720295775606,109.30111143493131,0.04878726793401462,265.14279704224396,1.2632992079999117
1744177448992,1744177448252,-3.267399311065674,8.57468032836914,-3.67657208442688,1744177448277,0.001221729558892548,-0.04321868345141411,-0.02260199747979641,1744177448303,20.53125,-46.875,-4.537500381469727,1001.302490234375,113.20823780720103,-20.859443565533166,-138.37224832376432,110.85944356553318,21.8343825392909,-95.52900549176262,109.30111143493131,0.04878726793401462,264.47099450823737,1.2632992079999117
1744177449075,1744177448361,-2.3958137035369873,8.732605934143066,-3.6406795978546143,1744177448277,0.001221729558892548,-0.04321868345141411,-0.02260199747979641,1744177448303,20.53125,-46.875,-4.537500381469727,1001.302490234375,112.63156940076458,-15.34176363134628,-146.6523761630327,105.34176363134628,21.90258833225746,-95.52900549176262,104.21013109856125,0.04878726793401462,264.47099450823737,1.2632992079999117
1744177449075,1744177448361,-2.3958137035369873,8.732605934143066,-3.6406795978546143,1744177448381,-0.005650499369949102,-0.12522727251052856,0.058795735239982605,1744177448303,20.53125,-46.875,-4.537500381469727,1001.302490234375,112.63156940076458,-15.34176363134628,-146.6523761630327,105.34176363134628,21.90258833225746,-95.52900549176262,104.21013109856125,0.13845842843960823,264.47099450823737,1.2632992079999117
1744177449128,1744177448469,-2.7391836643218994,8.711668968200684,-3.4743785858154297,1744177448381,-0.005650499369949102,-0.12522727251052856,0.058795735239982605,1744177448303,20.53125,-46.875,-4.537500381469727,1001.302490234375,111.7430497575239,-17.45455384388808,-141.747920860046,107.45455384388808,20.82958713846766,-95.52900549176262,106.28080852895334,0.13845842843960823,264.47099450823737,1.2632992079999117
1744177449174,1744177448469,-2.7391836643218994,8.711668968200684,-3.4743785858154297,1744177448381,-0.005650499369949102,-0.12522727251052856,0.058795735239982605,1744177448303,20.53125,-46.875,-4.537500381469727,1001.2999877929688,111.7430497575239,-17.45455384388808,-141.747920860046,107.45455384388808,20.82958713846766,-95.52900549176262,106.28080852895334,0.13845842843960823,264.47099450823737,1.2843812024634582
1744177449185,1744177448469,-2.7391836643218994,8.711668968200684,-3.4743785858154297,1744177448485,-0.005345067009329796,-0.1510363221168518,0.12476912885904312,1744177448303,20.53125,-46.875,-4.537500381469727,1001.2999877929688,111.7430497575239,-17.45455384388808,-141.747920860046,107.45455384388808,20.82958713846766,-95.52900549176262,106.28080852895334,0.19597927404744653,264.47099450823737,1.2843812024634582
1744177449202,1744177448469,-2.7391836643218994,8.711668968200684,-3.4743785858154297,1744177448485,-0.005345067009329796,-0.1510363221168518,0.12476912885904312,1744177448503,21.806251525878906,-46.462501525878906,-4.050000190734863,1001.2999877929688,111.7430497575239,-17.45455384388808,-141.747920860046,107.45455384388808,20.82958713846766,-94.98171358711835,106.28080852895334,0.19597927404744653,265.01828641288165,1.2843812024634582
1744177449281,1744177448578,-2.953939437866211,8.547162055969238,-3.700500249862671,1744177448485,-0.005345067009329796,-0.1510363221168518,0.12476912885904312,1744177448503,21.806251525878906,-46.462501525878906,-4.050000190734863,1001.2999877929688,113.41023541164967,-19.06539049634196,-141.40123981867646,109.06539049634198,22.25446831311994,-94.98171358711835,107.59672595779443,0.19597927404744653,265.01828641288165,1.2843812024634582
1744177449285,1744177448578,-2.953939437866211,8.547162055969238,-3.700500249862671,1744177448589,-0.07574722915887833,-0.13713914155960083,0.09300415962934494,1744177448503,21.806251525878906,-46.462501525878906,-4.050000190734863,1001.2999877929688,113.41023541164967,-19.06539049634196,-141.40123981867646,109.06539049634198,22.25446831311994,-94.98171358711835,107.59672595779443,0.18219374462728555,265.01828641288165,1.2843812024634582
1744177449297,1744177448578,-2.953939437866211,8.547162055969238,-3.700500249862671,1744177448589,-0.07574722915887833,-0.13713914155960083,0.09300415962934494,1744177448503,21.806251525878906,-46.462501525878906,-4.050000190734863,1001.2999877929688,113.41023541164967,-19.06539049634196,-141.40123981867646,109.06539049634198,22.25446831311994,-94.98171358711835,107.59672595779443,0.18219374462728555,265.01828641288165,1.2843812024634582
1744177449372,1744177448685,-3.5988051891326904,8.502297401428223,-3.9529430866241455,1744177448589,-0.07574722915887833,-0.13713914155960083,0.09300415962934494,1744177448503,21.806251525878906,-46.462501525878906,-4.050000190734863,1001.2999877929688,114.93496342246151,-22.941698623200665,-137.6849084331364,112.94169862320068,23.178270284399094,-94.98171358711835,110.99778733060387,0.18219374462728555,265.01828641288165,1.2843812024634582
1744177449391,1744177448685,-3.5988051891326904,8.502297401428223,-3.9529430866241455,1744177448693,-0.08628465235233307,-0.1029307171702385,0.13072505593299866,1744177448503,21.806251525878906,-46.462501525878906,-4.050000190734863,1001.2999877929688,114.93496342246151,-22.941698623200665,-137.6849084331364,112.94169862320068,23.178270284399094,-94.98171358711835,110.99778733060387,0.18742682310018552,265.01828641288165,1.2843812024634582
1744177449397,1744177448685,-3.5988051891326904,8.502297401428223,-3.9529430866241455,1744177448693,-0.08628465235233307,-0.1029307171702385,0.13072505593299866,1744177448703,22.837501525878906,-46.44375228881836,-2.887500047683716,1001.2999877929688,114.93496342246151,-22.941698623200665,-137.6849084331364,112.94169862320068,23.178270284399094,-93.55761297215989,110.99778733060387,0.18742682310018552,266.44238702784014,1.2843812024634582
1744177449459,1744177448794,-3.0113673210144043,8.23430061340332,-3.8458642959594727,1744177448693,-0.08628465235233307,-0.1029307171702385,0.13072505593299866,1744177448703,22.837501525878906,-46.44375228881836,-2.887500047683716,1001.2999877929688,115.03512177644063,-20.08797911911962,-141.93854268242973,110.08797911911962,23.68425217183273,-93.55761297215989,108.33267466331918,0.18742682310018552,266.44238702784014,1.2843812024634582
1744177449520,1744177448794,-3.0113673210144043,8.23430061340332,-3.8458642959594727,1744177448693,-0.08628465235233307,-0.1029307171702385,0.13072505593299866,1744177448703,22.837501525878906,-46.44375228881836,-2.887500047683716,1001.3012084960938,115.03512177644063,-20.08797911911962,-141.93854268242973,110.08797911911962,23.68425217183273,-93.55761297215989,108.33267466331918,0.18742682310018552,266.44238702784014,1.2740972973935893
1744177449520,1744177448794,-3.0113673210144043,8.23430061340332,-3.8458642959594727,1744177448797,-0.08292489498853683,-0.06352993845939636,0.10751219838857651,1744177448703,22.837501525878906,-46.44375228881836,-2.887500047683716,1001.3012084960938,115.03512177644063,-20.08797911911962,-141.93854268242973,110.08797911911962,23.68425217183273,-93.55761297215989,108.33267466331918,0.14990485012787005,266.44238702784014,1.2740972973935893
1744177449520,1744177448794,-3.0113673210144043,8.23430061340332,-3.8458642959594727,1744177448797,-0.08292489498853683,-0.06352993845939636,0.10751219838857651,1744177448803,22.650001525878906,-45.69375228881836,-1.9875000715255737,1001.3012084960938,115.03512177644063,-20.08797911911962,-141.93854268242973,110.08797911911962,23.68425217183273,-92.49057316541574,108.33267466331918,0.14990485012787005,267.50942683458425,1.2740972973935893
1744177449539,1744177448903,-3.2315070629119873,8.266005516052246,-4.216153621673584,1744177448797,-0.08292489498853683,-0.06352993845939636,0.10751219838857651,1744177448803,22.650001525878906,-45.69375228881836,-1.9875000715255737,1001.3012084960938,117.02428134122125,-21.35248557784234,-142.53133057874254,111.35248557784234,25.409958370055957,-92.49057316541574,109.20089150049678,0.14990485012787005,267.50942683458425,1.2740972973935893
1744177449579,1744177448903,-3.2315070629119873,8.266005516052246,-4.216153621673584,1744177448901,-0.10858121514320374,-0.025961752980947495,0.0021380267571657896,1744177448803,22.650001525878906,-45.69375228881836,-1.9875000715255737,1001.3012084960938,117.02428134122125,-21.35248557784234,-142.53133057874254,111.35248557784234,25.409958370055957,-92.49057316541574,109.20089150049678,0.11166227679137117,267.50942683458425,1.2740972973935893
1744177449585,1744177448903,-3.2315070629119873,8.266005516052246,-4.216153621673584,1744177448901,-0.10858121514320374,-0.025961752980947495,0.0021380267571657896,1744177448903,23.193750381469727,-45.618751525878906,-1.537500023841858,1001.3012084960938,117.02428134122125,-21.35248557784234,-142.53133057874254,111.35248557784234,25.409958370055957,-91.93032310640967,109.20089150049678,0.11166227679137117,268.0696768935903,1.2740972973935893
1744177449635,1744177448903,-3.2315070629119873,8.266005516052246,-4.216153621673584,1744177448901,-0.10858121514320374,-0.025961752980947495,0.0021380267571657896,1744177448903,23.193750381469727,-45.618751525878906,-1.537500023841858,1001.3012084960938,117.02428134122125,-21.35248557784234,-142.53133057874254,111.35248557784234,25.409958370055957,-91.93032310640967,109.20089150049678,0.11166227679137117,268.0696768935903,1.2740972973935893
1744177449684,1744177449010,-3.0388846397399902,8.349754333496094,-3.9864425659179688,1744177448901,-0.10858121514320374,-0.025961752980947495,0.0021380267571657896,1744177448903,23.193750381469727,-45.618751525878906,-1.537500023841858,1001.3012084960938,115.52131739456176,-19.998925070921132,-142.6815493934559,109.99892507092115,24.16304041346946,-91.93032310640967,108.18207730689402,0.11166227679137117,268.0696768935903,1.2740972973935893
1744177449705,1744177449010,-3.0388846397399902,8.349754333496094,-3.9864425659179688,1744177448901,-0.10858121514320374,-0.025961752980947495,0.0021380267571657896,1744177449003,23.73750114440918,-45.73125076293945,-1.2937500476837158,1001.3012084960938,115.52131739456176,-19.998925070921132,-142.6815493934559,109.99892507092115,24.16304041346946,-91.62048162432765,108.18207730689402,0.11166227679137117,268.3795183756723,1.2740972973935893
1744177449705,1744177449010,-3.0388846397399902,8.349754333496094,-3.9864425659179688,1744177449004,-0.0642935186624527,-0.014508038759231567,-0.025350889191031456,1744177449003,23.73750114440918,-45.73125076293945,-1.2937500476837158,1001.3012084960938,115.52131739456176,-19.998925070921132,-142.6815493934559,109.99892507092115,24.16304041346946,-91.62048162432765,108.18207730689402,0.07061733012097296,268.3795183756723,1.2740972973935893
1744177449767,1744177449119,-3.256033420562744,8.2695951461792,-4.243072986602783,1744177449004,-0.0642935186624527,-0.014508038759231567,-0.025350889191031456,1744177449003,23.73750114440918,-45.73125076293945,-1.2937500476837158,1001.3012084960938,117.16205061120313,-21.491322201406003,-142.49822366932582,111.49132220140602,25.520714519931353,-91.62048162432765,109.30606985618886,0.07061733012097296,268.3795183756723,1.2740972973935893
1744177449782,1744177449119,-3.256033420562744,8.2695951461792,-4.243072986602783,1744177449004,-0.0642935186624527,-0.014508038759231567,-0.025350889191031456,1744177449003,23.73750114440918,-45.73125076293945,-1.2937500476837158,1001.3012084960938,117.16205061120313,-21.491322201406003,-142.49822366932582,111.49132220140602,25.520714519931353,-91.62048162432765,109.30606985618886,0.07061733012097296,268.3795183756723,1.2740972973935893
1744177449798,1744177449119,-3.256033420562744,8.2695951461792,-4.243072986602783,1744177449004,-0.0642935186624527,-0.014508038759231567,-0.025350889191031456,1744177449103,23.34375,-45.84375,-1.0500000715255737,1001.3012084960938,117.16205061120313,-21.491322201406003,-142.49822366932582,111.49132220140602,25.520714519931353,-91.31206666247361,109.30606985618886,0.07061733012097296,268.6879333375264,1.2740972973935893
1744177449864,1744177449119,-3.256033420562744,8.2695951461792,-4.243072986602783,1744177449109,-0.04657844081521034,0.03634645417332649,0.014660755172371864,1744177449103,23.34375,-45.84375,-1.0500000715255737,1001.3012084960938,117.16205061120313,-21.491322201406003,-142.49822366932582,111.49132220140602,25.520714519931353,-91.31206666247361,109.30606985618886,0.06087325867714003,268.6879333375264,1.2740972973935893
1744177449878,1744177449227,-3.2273194789886475,8.191229820251465,-4.42193603515625,1744177449109,-0.04657844081521034,0.03634645417332649,0.014660755172371864,1744177449103,23.34375,-45.84375,-1.0500000715255737,1001.3012084960938,118.36185354001171,-21.50428844461528,-143.8764210158423,111.5042884446153,26.66854028131971,-91.31206666247361,109.12161194588228,0.06087325867714003,268.6879333375264,1.2740972973935893
1744177449886,1744177449227,-3.2273194789886475,8.191229820251465,-4.42193603515625,1744177449109,-0.04657844081521034,0.03634645417332649,0.014660755172371864,1744177449203,22.256250381469727,-45.525001525878906,-0.4687500298023224,1001.3012084960938,118.36185354001171,-21.50428844461528,-143.8764210158423,111.5042884446153,26.66854028131971,-90.58992747688639,109.12161194588228,0.06087325867714003,269.4100725231136,1.2740972973935893
1744177449938,1744177449227,-3.2273194789886475,8.191229820251465,-4.42193603515625,1744177449213,-0.05742128938436508,0.050549060106277466,-0.007635809946805239,1744177449203,22.256250381469727,-45.525001525878906,-0.4687500298023224,1001.3012084960938,118.36185354001171,-21.50428844461528,-143.8764210158423,111.5042884446153,26.66854028131971,-90.58992747688639,109.12161194588228,0.07688119110507316,269.4100725231136,1.2740972973935893
1744177449947,1744177449227,-3.2273194789886475,8.191229820251465,-4.42193603515625,1744177449213,-0.05742128938436508,0.050549060106277466,-0.007635809946805239,1744177449203,22.256250381469727,-45.525001525878906,-0.4687500298023224,1001.302490234375,118.36185354001171,-21.50428844461528,-143.8764210158423,111.5042884446153,26.66854028131971,-90.58992747688639,109.12161194588228,0.07688119110507316,269.4100725231136,1.2632992079999117
1744177449994,1744177449336,-3.180659532546997,8.094321250915527,-4.284946918487549,1744177449213,-0.05742128938436508,0.050549060106277466,-0.007635809946805239,1744177449203,22.256250381469727,-45.525001525878906,-0.4687500298023224,1001.302490234375,117.89571197599717,-21.452320622632413,-143.41398875083465,111.45232062263243,26.229600398632964,-90.58992747688639,109.15155321689309,0.07688119110507316,269.4100725231136,1.2632992079999117
1744177449995,1744177449336,-3.180659532546997,8.094321250915527,-4.284946918487549,1744177449213,-0.05742128938436508,0.050549060106277466,-0.007635809946805239,1744177449303,22.912500381469727,-45.76875305175781,-0.7312500476837158,1001.302490234375,117.89571197599717,-21.452320622632413,-143.41398875083465,111.45232062263243,26.229600398632964,-90.91534014457476,109.15155321689309,0.07688119110507316,269.08465985542523,1.2632992079999117
1744177450000,1744177449336,-3.180659532546997,8.094321250915527,-4.284946918487549,1744177449317,-0.06765327602624893,0.03527744114398956,-0.03252854943275452,1744177449303,22.912500381469727,-45.76875305175781,-0.7312500476837158,1001.302490234375,117.89571197599717,-21.452320622632413,-143.41398875083465,111.45232062263243,26.229600398632964,-90.91534014457476,109.15155321689309,0.08294317415526506,269.08465985542523,1.2632992079999117
1744177450089,1744177449444,-3.047259569168091,8.161319732666016,-4.3280181884765625,1744177449317,-0.06765327602624893,0.03527744114398956,-0.03252854943275452,1744177449303,22.912500381469727,-45.76875305175781,-0.7312500476837158,1001.302490234375,117.93739270580942,-20.47453999148203,-144.85149146371805,110.47453999148205,26.4185452596756,-90.91534014457476,108.25590411601308,0.08294317415526506,269.08465985542523,1.2632992079999117
1744177450107,1744177449444,-3.047259569168091,8.161319732666016,-4.3280181884765625,1744177449317,-0.06765327602624893,0.03527744114398956,-0.03252854943275452,1744177449403,22.912500381469727,-45.86250305175781,0.07500000298023224,1001.302490234375,117.93739270580942,-20.47453999148203,-144.85149146371805,110.47453999148205,26.4185452596756,-89.90630298135349,108.25590411601308,0.08294317415526506,270.0936970186465,1.2632992079999117
1744177450120,1744177449444,-3.047259569168091,8.161319732666016,-4.3280181884765625,1744177449317,-0.06765327602624893,0.03527744114398956,-0.03252854943275452,1744177449403,22.912500381469727,-45.86250305175781,0.07500000298023224,1001.3037109375,117.93739270580942,-20.47453999148203,-144.85149146371805,110.47453999148205,26.4185452596756,-89.90630298135349,108.25590411601308,0.08294317415526506,270.0936970186465,1.2530153237386465
1744177450120,1744177449444,-3.047259569168091,8.161319732666016,-4.3280181884765625,1744177449421,-0.03741546720266342,0.011911863461136818,-0.04657844081521034,1744177449403,22.912500381469727,-45.86250305175781,0.07500000298023224,1001.3037109375,117.93739270580942,-20.47453999148203,-144.85149146371805,110.47453999148205,26.4185452596756,-89.90630298135349,108.25590411601308,0.06092093914153328,270.0936970186465,1.2530153237386465
1744177450208,1744177449552,-2.8839495182037354,8.225327491760254,-4.496711730957031,1744177449421,-0.03741546720266342,0.011911863461136818,-0.04657844081521034,1744177449403,22.912500381469727,-45.86250305175781,0.07500000298023224,1001.3037109375,118.66502632528884,-19.32159491549002,-147.3260667510873,109.32159491549002,27.28917544544308,-89.90630298135349,107.1003119097105,0.06092093914153328,270.0936970186465,1.2530153237386465
1744177450264,1744177449552,-2.8839495182037354,8.225327491760254,-4.496711730957031,1744177449525,-0.02367101050913334,0.004886918235570192,-0.03451386094093323,1744177449403,22.912500381469727,-45.86250305175781,0.07500000298023224,1001.3037109375,118.66502632528884,-19.32159491549002,-147.3260667510873,109.32159491549002,27.28917544544308,-89.90630298135349,107.1003119097105,0.04213555868164947,270.0936970186465,1.2530153237386465
1744177450264,1744177449552,-2.8839495182037354,8.225327491760254,-4.496711730957031,1744177449525,-0.02367101050913334,0.004886918235570192,-0.03451386094093323,1744177449403,22.912500381469727,-45.86250305175781,0.07500000298023224,1001.3049926757812,118.66502632528884,-19.32159491549002,-147.3260667510873,109.32159491549002,27.28917544544308,-89.90630298135349,107.1003119097105,0.04213555868164947,270.0936970186465,1.2422172561969558
1744177450282,1744177449552,-2.8839495182037354,8.225327491760254,-4.496711730957031,1744177449525,-0.02367101050913334,0.004886918235570192,-0.03451386094093323,1744177449603,20.53125,-45.056251525878906,1.0875000953674316,1001.3049926757812,118.66502632528884,-19.32159491549002,-147.3260667510873,109.32159491549002,27.28917544544308,-88.61734902538143,107.1003119097105,0.04213555868164947,271.38265097461857,1.2422172561969558
1744177450314,1744177449661,-2.9940192699432373,8.110472679138184,-4.552943229675293,1744177449525,-0.02367101050913334,0.004886918235570192,-0.03451386094093323,1744177449603,20.53125,-45.056251525878906,1.0875000953674316,1001.3049926757812,119.30837094711791,-20.26186283715783,-146.67104677345782,110.26186283715784,27.772566278477452,-88.61734902538143,107.8434755991038,0.04213555868164947,271.38265097461857,1.2422172561969558
1744177450325,1744177449661,-2.9940192699432373,8.110472679138184,-4.552943229675293,1744177449629,-0.032070402055978775,-0.000305432389723137,-0.0062613640911877155,1744177449603,20.53125,-45.056251525878906,1.0875000953674316,1001.3049926757812,119.30837094711791,-20.26186283715783,-146.67104677345782,110.26186283715784,27.772566278477452,-88.61734902538143,107.8434755991038,0.032677341649210614,271.38265097461857,1.2422172561969558
1744177450382,1744177449661,-2.9940192699432373,8.110472679138184,-4.552943229675293,1744177449629,-0.032070402055978775,-0.000305432389723137,-0.0062613640911877155,1744177449703,21.28125,-45.50625228881836,0.4687500298023224,1001.3049926757812,119.30837094711791,-20.26186283715783,-146.67104677345782,110.26186283715784,27.772566278477452,-89.40982948161088,107.8434755991038,0.032677341649210614,270.59017051838913,1.2422172561969558
1744177450418,1744177449769,-3.3278181552886963,7.984251022338867,-4.467998027801514,1744177449629,-0.032070402055978775,-0.000305432389723137,-0.0062613640911877155,1744177449703,21.28125,-45.50625228881836,0.4687500298023224,1001.3049926757812,119.23143737627933,-22.626265943975604,-143.32082013071675,112.62626594397561,27.3177595788535,-89.40982948161088,109.98735728684063,0.032677341649210614,270.59017051838913,1.2422172561969558
1744177450450,1744177449769,-3.3278181552886963,7.984251022338867,-4.467998027801514,1744177449733,-0.05299251899123192,0.053603384643793106,-0.01206457894295454,1744177449703,21.28125,-45.50625228881836,0.4687500298023224,1001.3049926757812,119.23143737627933,-22.626265943975604,-143.32082013071675,112.62626594397561,27.3177595788535,-89.40982948161088,109.98735728684063,0.07633533899431699,270.59017051838913,1.2422172561969558
1744177450451,1744177449769,-3.3278181552886963,7.984251022338867,-4.467998027801514,1744177449733,-0.05299251899123192,0.053603384643793106,-0.01206457894295454,1744177449703,21.28125,-45.50625228881836,0.4687500298023224,1001.3049926757812,119.23143737627933,-22.626265943975604,-143.32082013071675,112.62626594397561,27.3177595788535,-89.40982948161088,109.98735728684063,0.07633533899431699,270.59017051838913,1.2422172561969558
1744177450517,1744177449769,-3.3278181552886963,7.984251022338867,-4.467998027801514,1744177449837,-0.19532401859760284,0.07651081681251526,-0.02672533318400383,1744177449703,21.28125,-45.50625228881836,0.4687500298023224,1001.3049926757812,119.23143737627933,-22.626265943975604,-143.32082013071675,112.62626594397561,27.3177595788535,-89.40982948161088,109.98735728684063,0.21147014154303437,270.59017051838913,1.2422172561969558
1744177450589,1744177449877,-3.480360507965088,7.28255558013916,-5.00578498840332,1744177449837,-0.19532401859760284,0.07651081681251526,-0.02672533318400383,1744177449703,21.28125,-45.50625228881836,0.4687500298023224,1001.3049926757812,124.50332998346063,-25.543309663765857,-145.19035918931237,115.54330966376585,31.806488349162585,-89.40982948161088,111.49636796465897,0.21147014154303437,270.59017051838913,1.2422172561969558
1744177450589,1744177449877,-3.480360507965088,7.28255558013916,-5.00578498840332,1744177449837,-0.19532401859760284,0.07651081681251526,-0.02672533318400383,1744177449703,21.28125,-45.50625228881836,0.4687500298023224,1001.3037109375,124.50332998346063,-25.543309663765857,-145.19035918931237,115.54330966376585,31.806488349162585,-89.40982948161088,111.49636796465897,0.21147014154303437,270.59017051838913,1.2530153237386465
1744177450600,1744177449877,-3.480360507965088,7.28255558013916,-5.00578498840332,1744177449837,-0.19532401859760284,0.07651081681251526,-0.02672533318400383,1744177449903,23.08125114440918,-45.84375,1.03125,1001.3037109375,124.50332998346063,-25.543309663765857,-145.19035918931237,115.54330966376585,31.806488349162585,-88.71135521483757,111.49636796465897,0.21147014154303437,271.28864478516243,1.2530153237386465
1744177450659,1744177449877,-3.480360507965088,7.28255558013916,-5.00578498840332,1744177449940,-0.3303251266479492,0.5319104790687561,-0.0668896958231926,1744177449903,23.08125114440918,-45.84375,1.03125,1001.3037109375,124.50332998346063,-25.543309663765857,-145.19035918931237,115.54330966376585,31.806488349162585,-88.71135521483757,111.49636796465897,0.6296964970884438,271.28864478516243,1.2530153237386465
1744177450659,1744177449986,-4.085146427154541,6.4666032791137695,-5.772684574127197,1744177449940,-0.3303251266479492,0.5319104790687561,-0.0668896958231926,1744177449903,23.08125114440918,-45.84375,1.03125,1001.3037109375,131.75503223270326,-32.28182524102711,-144.7141639303507,122.28182524102711,37.04220875173744,-88.71135521483757,115.23308498535941,0.6296964970884438,271.28864478516243,1.2530153237386465
1744177450729,1744177449986,-4.085146427154541,6.4666032791137695,-5.772684574127197,1744177450045,-0.2993237376213074,1.0491602420806885,-0.42531460523605347,1744177449903,23.08125114440918,-45.84375,1.03125,1001.3037109375,131.75503223270326,-32.28182524102711,-144.7141639303507,122.28182524102711,37.04220875173744,-88.71135521483757,115.23308498535941,1.1709929235027419,271.28864478516243,1.2530153237386465
1744177450794,1744177450094,-4.744369029998779,6.299105644226074,-6.10468864440918,1744177450045,-0.2993237376213074,1.0491602420806885,-0.42531460523605347,1744177449903,23.08125114440918,-45.84375,1.03125,1001.3037109375,134.10201981586917,-36.986378284440946,-142.1467895136808,126.98637828444095,37.74434554362131,-88.71135521483757,118.4072211074643,1.1709929235027419,271.28864478516243,1.2530153237386465
1744177450794,1744177450094,-4.744369029998779,6.299105644226074,-6.10468864440918,1744177450045,-0.2993237376213074,1.0491602420806885,-0.42531460523605347,1744177449903,23.08125114440918,-45.84375,1.03125,1001.3087158203125,134.10201981586917,-36.986378284440946,-142.1467895136808,126.98637828444095,37.74434554362131,-88.71135521483757,118.4072211074643,1.1709929235027419,271.28864478516243,1.2108515044154544
1744177450794,1744177450094,-4.744369029998779,6.299105644226074,-6.10468864440918,1744177450045,-0.2993237376213074,1.0491602420806885,-0.42531460523605347,1744177450103,21.262500762939453,-46.81875228881836,0.7312500476837158,1001.3087158203125,134.10201981586917,-36.986378284440946,-142.1467895136808,126.98637828444095,37.74434554362131,-89.1051847165679,118.4072211074643,1.1709929235027419,270.8948152834321,1.2108515044154544
1744177450829,1744177450094,-4.744369029998779,6.299105644226074,-6.10468864440918,1744177450149,0.04276053607463837,1.1887428760528564,-1.0222822427749634,1744177450103,21.262500762939453,-46.81875228881836,0.7312500476837158,1001.3087158203125,134.10201981586917,-36.986378284440946,-142.1467895136808,126.98637828444095,37.74434554362131,-89.1051847165679,118.4072211074643,1.5684384185248768,270.8948152834321,1.2108515044154544
1744177450898,1744177450202,-2.213959217071533,5.698507308959961,-7.249056339263916,1744177450149,0.04276053607463837,1.1887428760528564,-1.0222822427749634,1744177450103,21.262500762939453,-46.81875228881836,0.7312500476837158,1001.3087158203125,141.82899391062955,-21.231926971027374,-163.01662443075622,111.23192697102739,49.85745830444485,-89.1051847165679,103.50151907911884,1.5684384185248768,270.8948152834321,1.2108515044154544
1744177450933,1744177450202,-2.213959217071533,5.698507308959961,-7.249056339263916,1744177450149,0.04276053607463837,1.1887428760528564,-1.0222822427749634,1744177450103,21.262500762939453,-46.81875228881836,0.7312500476837158,1001.313720703125,141.82899391062955,-21.231926971027374,-163.01662443075622,111.23192697102739,49.85745830444485,-89.1051847165679,103.50151907911884,1.5684384185248768,270.8948152834321,1.1686878557297031
1744177450941,1744177450202,-2.213959217071533,5.698507308959961,-7.249056339263916,1744177450253,1.007315993309021,0.7370083332061768,-0.8139773011207581,1744177450103,21.262500762939453,-46.81875228881836,0.7312500476837158,1001.313720703125,141.82899391062955,-21.231926971027374,-163.01662443075622,111.23192697102739,49.85745830444485,-89.1051847165679,103.50151907911884,1.490109338381355,270.8948152834321,1.1686878557297031
1744177450986,1744177450311,-1.303490161895752,5.212764263153076,-5.30129861831665,1744177450253,1.007315993309021,0.7370083332061768,-0.8139773011207581,1744177450103,21.262500762939453,-46.81875228881836,0.7312500476837158,1001.313720703125,135.48245146158507,-14.039337540568988,-166.1860739212025,104.039337540569,44.61371542918758,-89.1051847165679,99.94415391284716,1.490109338381355,270.8948152834321,1.1686878557297031
1744177450999,1744177450311,-1.303490161895752,5.212764263153076,-5.30129861831665,1744177450253,1.007315993309021,0.7370083332061768,-0.8139773011207581,1744177450303,11.4375,-48.525001525878906,-7.068750381469727,1001.313720703125,135.48245146158507,-14.039337540568988,-166.1860739212025,104.039337540569,44.61371542918758,-98.28811245262945,99.94415391284716,1.490109338381355,261.71188754737057,1.1686878557297031
1744177451071,1744177450311,-1.303490161895752,5.212764263153076,-5.30129861831665,1744177450357,2.1560473442077637,-0.02519817277789116,-0.34345871210098267,1744177450303,11.4375,-48.525001525878906,-7.068750381469727,1001.313720703125,135.48245146158507,-14.039337540568988,-166.1860739212025,104.039337540569,44.61371542918758,-98.28811245262945,99.94415391284716,2.1833778842185705,261.71188754737057,1.1686878557297031
1744177451082,1744177450311,-1.303490161895752,5.212764263153076,-5.30129861831665,1744177450357,2.1560473442077637,-0.02519817277789116,-0.34345871210098267,1744177450303,11.4375,-48.525001525878906,-7.068750381469727,1001.3175048828125,135.48245146158507,-14.039337540568988,-166.1860739212025,104.039337540569,44.61371542918758,-98.28811245262945,99.94415391284716,2.1833778842185705,261.71188754737057,1.1368081370910355
1744177451098,1744177450419,-1.046859860420227,5.437689304351807,-0.37028929591178894,1744177450357,2.1560473442077637,-0.02519817277789116,-0.34345871210098267,1744177450303,11.4375,-48.525001525878906,-7.068750381469727,1001.3175048828125,93.89564564730294,-10.897215607686928,-109.47941493732343,100.89721560768693,3.825609479876531,-98.28811245262945,100.8726377780862,2.1833778842185705,261.71188754737057,1.1368081370910355
1744177451098,1744177450419,-1.046859860420227,5.437689304351807,-0.37028929591178894,1744177450357,2.1560473442077637,-0.02519817277789116,-0.34345871210098267,1744177450403,8.49375057220459,-47.493751525878906,-16.350000381469727,1001.3175048828125,93.89564564730294,-10.897215607686928,-109.47941493732343,100.89721560768693,3.825609479876531,-108.996322475532,100.8726377780862,2.1833778842185705,251.003677524468,1.1368081370910355
1744177451179,1744177450419,-1.046859860420227,5.437689304351807,-0.37028929591178894,1744177450461,2.5700607299804688,-0.7457131743431091,-0.18142683804035187,1744177450403,8.49375057220459,-47.493751525878906,-16.350000381469727,1001.3175048828125,93.89564564730294,-10.897215607686928,-109.47941493732343,100.89721560768693,3.825609479876531,-108.996322475532,100.8726377780862,2.682203570152336,251.003677524468,1.1368081370910355
1744177451223,1744177450484,-1.4374881982803345,4.743771076202393,1.7934205532073975,1744177450461,2.5700607299804688,-0.7457131743431091,-0.18142683804035187,1744177450403,8.49375057220459,-47.493751525878906,-16.350000381469727,1001.3175048828125,69.29050077918745,-16.858197561689938,-38.71337329708387,106.85819756168995,-19.890686574468397,-108.996322475532,105.82519798024916,2.682203570152336,251.003677524468,1.1368081370910355
1744177451239,1744177450484,-1.4374881982803345,4.743771076202393,1.7934205532073975,1744177450461,2.5700607299804688,-0.7457131743431091,-0.18142683804035187,1744177450403,8.49375057220459,-47.493751525878906,-16.350000381469727,1001.3125,69.29050077918745,-16.858197561689938,-38.71337329708387,106.85819756168995,-19.890686574468397,-108.996322475532,105.82519798024916,2.682203570152336,251.003677524468,1.1789716567516317
1744177451347,1744177450484,-1.4374881982803345,4.743771076202393,1.7934205532073975,1744177450565,3.338376045227051,-1.2105813026428223,0.5560396909713745,1744177450403,8.49375057220459,-47.493751525878906,-16.350000381469727,1001.3125,69.29050077918745,-16.858197561689938,-38.71337329708387,106.85819756168995,-19.890686574468397,-108.996322475532,105.82519798024916,3.5943625092065683,251.003677524468,1.1789716567516317
1744177451347,1744177450484,-1.4374881982803345,4.743771076202393,1.7934205532073975,1744177450565,3.338376045227051,-1.2105813026428223,0.5560396909713745,1744177450603,14.231250762939453,-33.30000305175781,-36.67500305175781,1001.3125,69.29050077918745,-16.858197561689938,-38.71337329708387,106.85819756168995,-19.890686574468397,-137.76132191894993,105.82519798024916,3.5943625092065683,222.23867808105007,1.1789716567516317
1744177451348,1744177450614,0.12921242415905,3.236292600631714,7.471588611602783,1744177450565,3.338376045227051,-1.2105813026428223,0.5560396909713745,1744177450603,14.231250762939453,-33.30000305175781,-36.67500305175781,1001.3125,23.41968069697342,2.2863805529056322,0.990765020388519,87.71361944709437,-66.56367227142937,-137.76132191894993,89.09084171603206,3.5943625092065683,222.23867808105007,1.1789716567516317
1744177451364,1744177450614,0.12921242415905,3.236292600631714,7.471588611602783,1744177450669,3.2731661796569824,-0.6180424690246582,1.2241730690002441,1744177450603,14.231250762939453,-33.30000305175781,-36.67500305175781,1001.3125,23.41968069697342,2.2863805529056322,0.990765020388519,87.71361944709437,-66.56367227142937,-137.76132191894993,89.09084171603206,3.548829812210478,222.23867808105007,1.1789716567516317
1744177451380,1744177450614,0.12921242415905,3.236292600631714,7.471588611602783,1744177450669,3.2731661796569824,-0.6180424690246582,1.2241730690002441,1744177450603,14.231250762939453,-33.30000305175781,-36.67500305175781,1001.3099975585938,23.41968069697342,2.2863805529056322,0.990765020388519,87.71361944709437,-66.56367227142937,-137.76132191894993,89.09084171603206,3.548829812210478,222.23867808105007,1.2000534805678942
1744177451475,1744177450766,-0.11964113265275955,-0.09930214285850525,9.153742790222168,1744177450669,3.2731661796569824,-0.6180424690246582,1.2241730690002441,1744177450603,14.231250762939453,-33.30000305175781,-36.67500305175781,1001.3099975585938,-0.6215348886156383,-129.69267393235066,-0.7488239305003745,-140.30732606764937,-89.02688390778454,-137.76132191894993,90.74877987686347,3.548829812210478,222.23867808105007,1.2000534805678942
1744177451478,1744177450766,-0.11964113265275955,-0.09930214285850525,9.153742790222168,1744177450772,2.6363396644592285,-0.5170970559120178,1.670562505722046,1744177450603,14.231250762939453,-33.30000305175781,-36.67500305175781,1001.3099975585938,-0.6215348886156383,-129.69267393235066,-0.7488239305003745,-140.30732606764937,-89.02688390778454,-137.76132191894993,90.74877987686347,3.163614274395378,222.23867808105007,1.2000534805678942
1744177451487,1744177450766,-0.11964113265275955,-0.09930214285850525,9.153742790222168,1744177450772,2.6363396644592285,-0.5170970559120178,1.670562505722046,1744177450803,24.356250762939453,-1.8937500715255737,-41.38125228881836,1001.3099975585938,-0.6215348886156383,-129.69267393235066,-0.7488239305003745,-140.30732606764937,-89.02688390778454,-177.37977395139387,90.74877987686347,3.163614274395378,182.62022604860613,1.2000534805678942
1744177451573,1744177450766,-0.11964113265275955,-0.09930214285850525,9.153742790222168,1744177450772,2.6363396644592285,-0.5170970559120178,1.670562505722046,1744177450803,24.356250762939453,-1.8937500715255737,-41.38125228881836,1001.3187255859375,-0.6215348886156383,-129.69267393235066,-0.7488239305003745,-140.30732606764937,-89.02688390778454,-177.37977395139387,90.74877987686347,3.163614274395378,182.62022604860613,1.126524377691236
1744177451576,1744177450873,-3.8871402740478516,-0.6346961855888367,9.605986595153809,1744177450772,2.6363396644592285,-0.5170970559120178,1.670562505722046,1744177450803,24.356250762939453,-1.8937500715255737,-41.38125228881836,1001.3187255859375,-3.780208426412756,-99.27347811712383,-22.03111636652381,-170.72652188287617,-67.70554441821078,-177.37977395139387,111.9877569496527,3.163614274395378,182.62022604860613,1.126524377691236
1744177451576,1744177450873,-3.8871402740478516,-0.6346961855888367,9.605986595153809,1744177450877,1.986685037612915,0.30253079533576965,0.5845975875854492,1744177450803,24.356250762939453,-1.8937500715255737,-41.38125228881836,1001.3187255859375,-3.780208426412756,-99.27347811712383,-22.03111636652381,-170.72652188287617,-67.70554441821078,-177.37977395139387,111.9877569496527,2.0928919370603563,182.62022604860613,1.126524377691236
1744177451670,1744177450873,-3.8871402740478516,-0.6346961855888367,9.605986595153809,1744177450981,1.9874485731124878,-0.10323614627122879,0.08032871782779694,1744177450803,24.356250762939453,-1.8937500715255737,-41.38125228881836,1001.3187255859375,-3.780208426412756,-99.27347811712383,-22.03111636652381,-170.72652188287617,-67.70554441821078,-177.37977395139387,111.9877569496527,1.9917485372334671,182.62022604860613,1.126524377691236
1744177451698,1744177450873,-3.8871402740478516,-0.6346961855888367,9.605986595153809,1744177450981,1.9874485731124878,-0.10323614627122879,0.08032871782779694,1744177451003,24.01875114440918,20.15625,-36.39375305175781,1001.3187255859375,-3.780208426412756,-99.27347811712383,-22.03111636652381,-170.72652188287617,-67.70554441821078,151.02064186985865,111.9877569496527,1.9917485372334671,151.02064186985865,1.126524377691236
1744177451708,1744177450873,-3.8871402740478516,-0.6346961855888367,9.605986595153809,1744177450981,1.9874485731124878,-0.10323614627122879,0.08032871782779694,1744177451003,24.01875114440918,20.15625,-36.39375305175781,1001.3324584960938,-3.780208426412756,-99.27347811712383,-22.03111636652381,-170.72652188287617,-67.70554441821078,151.02064186985865,111.9877569496527,1.9917485372334671,151.02064186985865,1.0108327839494613
1744177451709,1744177451003,-9.531210899353027,-3.635295867919922,9.223134994506836,1744177450981,1.9874485731124878,-0.10323614627122879,0.08032871782779694,1744177451003,24.01875114440918,20.15625,-36.39375305175781,1001.3324584960938,-21.51186434808706,-110.87733408854123,-45.94110782460215,-159.1226659114588,-42.11814703618126,151.02064186985865,133.87309316533393,1.9917485372334671,151.02064186985865,1.0108327839494613
1744177451787,1744177451003,-9.531210899353027,-3.635295867919922,9.223134994506836,1744177451085,3.071428060531616,-0.22036947309970856,-1.17194402217865,1744177451003,24.01875114440918,20.15625,-36.39375305175781,1001.3324584960938,-21.51186434808706,-110.87733408854123,-45.94110782460215,-159.1226659114588,-42.11814703618126,151.02064186985865,133.87309316533393,3.294796780806901,151.02064186985865,1.0108327839494613
1744177451789,1744177451003,-9.531210899353027,-3.635295867919922,9.223134994506836,1744177451085,3.071428060531616,-0.22036947309970856,-1.17194402217865,1744177451103,26.287500381469727,29.231250762939453,-28.51875114440918,1001.3324584960938,-21.51186434808706,-110.87733408854123,-45.94110782460215,-159.1226659114588,-42.11814703618126,134.29314028488437,133.87309316533393,3.294796780806901,134.29314028488437,1.0108327839494613
1744177451850,1744177451155,-15.452848434448242,-9.384650230407715,12.720245361328125,1744177451085,3.071428060531616,-0.22036947309970856,-1.17194402217865,1744177451103,26.287500381469727,29.231250762939453,-28.51875114440918,1001.3324584960938,-36.418894754886225,-121.27067653743285,-50.539980780787204,-148.72932346256715,-35.12943156846129,134.29314028488437,134.35004515505483,3.294796780806901,134.29314028488437,1.0108327839494613
1744177451879,1744177451155,-15.452848434448242,-9.384650230407715,12.720245361328125,1744177451085,3.071428060531616,-0.22036947309970856,-1.17194402217865,1744177451103,26.287500381469727,29.231250762939453,-28.51875114440918,1001.3499755859375,-36.418894754886225,-121.27067653743285,-50.539980780787204,-148.72932346256715,-35.12943156846129,134.29314028488437,134.35004515505483,3.294796780806901,134.29314028488437,0.8632635933329647
1744177451890,1744177451155,-15.452848434448242,-9.384650230407715,12.720245361328125,1744177451189,3.4854416847229004,0.6870701313018799,-4.0165886878967285,1744177451103,26.287500381469727,29.231250762939453,-28.51875114440918,1001.3499755859375,-36.418894754886225,-121.27067653743285,-50.539980780787204,-148.72932346256715,-35.12943156846129,134.29314028488437,134.35004515505483,5.362215380854368,134.29314028488437,0.8632635933329647
1744177451979,1744177451155,-15.452848434448242,-9.384650230407715,12.720245361328125,1744177451293,1.9167410135269165,0.7965676784515381,-5.9551682472229,1744177451103,26.287500381469727,29.231250762939453,-28.51875114440918,1001.3499755859375,-36.418894754886225,-121.27067653743285,-50.539980780787204,-148.72932346256715,-35.12943156846129,134.29314028488437,134.35004515505483,6.306539862081404,134.29314028488437,0.8632635933329647
1744177451988,1744177451286,-11.769696235656738,-7.301100254058838,13.817354202270508,1744177451293,1.9167410135269165,0.7965676784515381,-5.9551682472229,1744177451103,26.287500381469727,29.231250762939453,-28.51875114440918,1001.3499755859375,-27.85200630495193,-121.81258455357636,-40.424534739393,-148.18741544642367,-44.93169897660463,134.29314028488437,126.98449663494931,6.306539862081404,134.29314028488437,0.8632635933329647
1744177451998,1744177451286,-11.769696235656738,-7.301100254058838,13.817354202270508,1744177451293,1.9167410135269165,0.7965676784515381,-5.9551682472229,1744177451303,49.29375076293945,17.006250381469727,-17.92500114440918,1001.3499755859375,-27.85200630495193,-121.81258455357636,-40.424534739393,-148.18741544642367,-44.93169897660463,136.50662817231458,126.98449663494931,6.306539862081404,136.50662817231455,0.8632635933329647
1744177452053,1744177451286,-11.769696235656738,-7.301100254058838,13.817354202270508,1744177451293,1.9167410135269165,0.7965676784515381,-5.9551682472229,1744177451303,49.29375076293945,17.006250381469727,-17.92500114440918,1001.3612060546875,-27.85200630495193,-121.81258455357636,-40.424534739393,-148.18741544642367,-44.93169897660463,136.50662817231458,126.98449663494931,6.306539862081404,136.50662817231455,0.7686558738817517
1744177452097,1744177451286,-11.769696235656738,-7.301100254058838,13.817354202270508,1744177451397,-0.6589703559875488,1.6707152128219604,-6.402320861816406,1744177451303,49.29375076293945,17.006250381469727,-17.92500114440918,1001.3612060546875,-27.85200630495193,-121.81258455357636,-40.424534739393,-148.18741544642367,-44.93169897660463,136.50662817231458,126.98449663494931,6.649454388900991,136.50662817231455,0.7686558738817517
1744177452193,1744177451286,-11.769696235656738,-7.301100254058838,13.817354202270508,1744177451397,-0.6589703559875488,1.6707152128219604,-6.402320861816406,1744177451403,44.41875076293945,-10.27500057220459,-24.656251907348633,1001.3612060546875,-27.85200630495193,-121.81258455357636,-40.424534739393,-148.18741544642367,-44.93169897660463,-157.3770417681901,126.98449663494931,6.649454388900991,202.6229582318099,0.7686558738817517
1744177452193,1744177451416,-6.221338748931885,-0.7190431952476501,13.690534591674805,1744177451397,-0.6589703559875488,1.6707152128219604,-6.402320861816406,1744177451403,44.41875076293945,-10.27500057220459,-24.656251907348633,1001.3612060546875,-3.006480230426619,-96.59281811603257,-24.43829568989429,-173.40718188396744,-65.41821112426545,-157.3770417681901,114.40858575794947,6.649454388900991,202.6229582318099,0.7686558738817517
1744177452196,1744177451416,-6.221338748931885,-0.7190431952476501,13.690534591674805,1744177451397,-0.6589703559875488,1.6707152128219604,-6.402320861816406,1744177451403,44.41875076293945,-10.27500057220459,-24.656251907348633,1001.3674926757812,-3.006480230426619,-96.59281811603257,-24.43829568989429,-173.40718188396744,-65.41821112426545,-157.3770417681901,114.40858575794947,6.649454388900991,202.6229582318099,0.7156964929574461
1744177452196,1744177451416,-6.221338748931885,-0.7190431952476501,13.690534591674805,1744177451501,-3.135568857192993,3.0450081825256348,-4.812545299530029,1744177451403,44.41875076293945,-10.27500057220459,-24.656251907348633,1001.3674926757812,-3.006480230426619,-96.59281811603257,-24.43829568989429,-173.40718188396744,-65.41821112426545,-157.3770417681901,114.40858575794947,6.501112147154148,202.6229582318099,0.7156964929574461
1744177452202,1744177451416,-6.221338748931885,-0.7190431952476501,13.690534591674805,1744177451501,-3.135568857192993,3.0450081825256348,-4.812545299530029,1744177451503,23.90625,-35.51250076293945,-29.662500381469727,1001.3674926757812,-3.006480230426619,-96.59281811603257,-24.43829568989429,-173.40718188396744,-65.41821112426545,-129.870970174786,114.40858575794947,6.501112147154148,230.129029825214,0.7156964929574461
1744177452258,1744177451567,7.061817646026611,2.1373889446258545,7.6636128425598145,1744177451501,-3.135568857192993,3.0450081825256348,-4.812545299530029,1744177451503,23.90625,-35.51250076293945,-29.662500381469727,1001.3674926757812,15.583837182297271,73.16059547816648,42.65975275914611,16.839404521833508,-46.087071375649835,-129.870970174786,48.407777273312064,6.501112147154148,230.129029825214,0.7156964929574461
1744177452316,1744177451567,7.061817646026611,2.1373889446258545,7.6636128425598145,1744177451605,-3.054476499557495,4.37302827835083,-0.9500474333763123,1744177451503,23.90625,-35.51250076293945,-29.662500381469727,1001.3674926757812,15.583837182297271,73.16059547816648,42.65975275914611,16.839404521833508,-46.087071375649835,-129.870970174786,48.407777273312064,5.418098664224375,230.129029825214,0.7156964929574461
1744177452361,1744177451567,7.061817646026611,2.1373889446258545,7.6636128425598145,1744177451605,-3.054476499557495,4.37302827835083,-0.9500474333763123,1744177451503,23.90625,-35.51250076293945,-29.662500381469727,1001.3849487304688,15.583837182297271,73.16059547816648,42.65975275914611,16.839404521833508,-46.087071375649835,-129.870970174786,48.407777273312064,5.418098664224375,230.129029825214,0.5686456429175857
1744177452368,1744177451676,6.067001819610596,3.267399311065674,0.6538388133049011,1744177451605,-3.054476499557495,4.37302827835083,-0.9500474333763123,1744177451503,23.90625,-35.51250076293945,-29.662500381469727,1001.3849487304688,78.68401532722467,61.695201819255175,83.84899238658363,28.30479818074482,-5.420252766631328,-129.870970174786,28.77689353908161,5.418098664224375,230.129029825214,0.5686456429175857
1744177452387,1744177451676,6.067001819610596,3.267399311065674,0.6538388133049011,1744177451605,-3.054476499557495,4.37302827835083,-0.9500474333763123,1744177451703,0.4125000238418579,-48.937503814697266,-11.100000381469727,1001.3849487304688,78.68401532722467,61.695201819255175,83.84899238658363,28.30479818074482,-5.420252766631328,-102.7795936124627,28.77689353908161,5.418098664224375,257.2204063875373,0.5686456429175857
1744177452399,1744177451676,6.067001819610596,3.267399311065674,0.6538388133049011,1744177451709,-1.194546103477478,4.500393390655518,0.9271399974822998,1744177451703,0.4125000238418579,-48.937503814697266,-11.100000381469727,1001.3849487304688,78.68401532722467,61.695201819255175,83.84899238658363,28.30479818074482,-5.420252766631328,-102.7795936124627,28.77689353908161,4.747638322252504,257.2204063875373,0.5686456429175857
1744177452488,1744177451676,6.067001819610596,3.267399311065674,0.6538388133049011,1744177451709,-1.194546103477478,4.500393390655518,0.9271399974822998,1744177451803,7.106250286102295,-48.69375228881836,-7.275000095367432,1001.3849487304688,78.68401532722467,61.695201819255175,83.84899238658363,28.30479818074482,-5.420252766631328,-98.49731833601612,28.77689353908161,4.747638322252504,261.5026816639839,0.5686456429175857
1744177452501,1744177451676,6.067001819610596,3.267399311065674,0.6538388133049011,1744177451812,0.002290742937475443,-0.07238747924566269,1.6687299013137817,1744177451803,7.106250286102295,-48.69375228881836,-7.275000095367432,1001.3849487304688,78.68401532722467,61.695201819255175,83.84899238658363,28.30479818074482,-5.420252766631328,-98.49731833601612,28.77689353908161,1.670300774768859,261.5026816639839,0.5686456429175857
1744177452514,1744177451676,6.067001819610596,3.267399311065674,0.6538388133049011,1744177451812,0.002290742937475443,-0.07238747924566269,1.6687299013137817,1744177451803,7.106250286102295,-48.69375228881836,-7.275000095367432,1001.396240234375,78.68401532722467,61.695201819255175,83.84899238658363,28.30479818074482,-5.420252766631328,-98.49731833601612,28.77689353908161,1.670300774768859,261.5026816639839,0.4735264433505493
1744177452572,1744177451805,-1.4949159622192383,3.477369546890259,-5.114658355712891,1744177451812,0.002290742937475443,-0.07238747924566269,1.6687299013137817,1744177451803,7.106250286102295,-48.69375228881836,-7.275000095367432,1001.396240234375,145.78887994740543,-23.2627967418933,-163.70737696875722,113.26279674189331,53.49683342975522,-98.49731833601612,103.58821822365772,1.670300774768859,261.5026816639839,0.4735264433505493
1744177452605,1744177451805,-1.4949159622192383,3.477369546890259,-5.114658355712891,1744177451812,0.002290742937475443,-0.07238747924566269,1.6687299013137817,1744177451903,14.718750953674316,-47.64375305175781,-7.687500476837158,1001.396240234375,145.78887994740543,-23.2627967418933,-163.70737696875722,113.26279674189331,53.49683342975522,-99.16589163712442,103.58821822365772,1.670300774768859,260.83410836287555,0.4735264433505493
1744177452613,1744177451805,-1.4949159622192383,3.477369546890259,-5.114658355712891,1744177451917,0.5131264328956604,-1.0636682510375977,1.4366012811660767,1744177451903,14.718750953674316,-47.64375305175781,-7.687500476837158,1001.396240234375,145.78887994740543,-23.2627967418933,-163.70737696875722,113.26279674189331,53.49683342975522,-99.16589163712442,103.58821822365772,1.8597075376116587,260.83410836287555,0.4735264433505493
1744177452662,1744177451936,-3.1411778926849365,4.147958278656006,-3.6993038654327393,1744177451917,0.5131264328956604,-1.0636682510375977,1.4366012811660767,1744177451903,14.718750953674316,-47.64375305175781,-7.687500476837158,1001.396240234375,131.72776957617234,-37.136024400035325,-139.664522776894,127.13602440003534,35.411940443856814,-99.16589163712442,119.47392242036352,1.8597075376116587,260.83410836287555,0.4735264433505493
1744177452673,1744177451936,-3.1411778926849365,4.147958278656006,-3.6993038654327393,1744177451917,0.5131264328956604,-1.0636682510375977,1.4366012811660767,1744177451903,14.718750953674316,-47.64375305175781,-7.687500476837158,1001.3812255859375,131.72776957617234,-37.136024400035325,-139.664522776894,127.13602440003534,35.411940443856814,-99.16589163712442,119.47392242036352,1.8597075376116587,260.83410836287555,0.600009461270723
1744177452700,1744177451936,-3.1411778926849365,4.147958278656006,-3.6993038654327393,1744177452021,0.7391464114189148,-0.9596685767173767,0.5545125007629395,1744177451903,14.718750953674316,-47.64375305175781,-7.687500476837158,1001.3812255859375,131.72776957617234,-37.136024400035325,-139.664522776894,127.13602440003534,35.411940443856814,-99.16589163712442,119.47392242036352,1.3322106845970663,260.83410836287555,0.600009461270723
1744177452782,1744177452087,-3.0933215618133545,7.443472862243652,0.39900317788124084,1744177452021,0.7391464114189148,-0.9596685767173767,0.5545125007629395,1744177451903,14.718750953674316,-47.64375305175781,-7.687500476837158,1001.3812255859375,86.93162862636619,-22.56655120072391,-82.6500818354138,112.56655120072392,-2.8338384852057446,-99.16589163712442,112.53743647860955,1.3322106845970663,260.83410836287555,0.600009461270723
1744177452816,1744177452087,-3.0933215618133545,7.443472862243652,0.39900317788124084,1744177452021,0.7391464114189148,-0.9596685767173767,0.5545125007629395,1744177452103,22.70625114440918,-44.60625076293945,-9.99375057220459,1001.3812255859375,86.93162862636619,-22.56655120072391,-82.6500818354138,112.56655120072392,-2.8338384852057446,-102.62822240818127,112.53743647860955,1.3322106845970663,257.3717775918187,0.600009461270723
1744177452823,1744177452087,-3.0933215618133545,7.443472862243652,0.39900317788124084,1744177452125,0.11423171311616898,-0.2857320010662079,-0.04917461425065994,1744177452103,22.70625114440918,-44.60625076293945,-9.99375057220459,1001.3812255859375,86.93162862636619,-22.56655120072391,-82.6500818354138,112.56655120072392,-2.8338384852057446,-102.62822240818127,112.53743647860955,0.31162445892685536,257.3717775918187,0.600009461270723
1744177452823,1744177452087,-3.0933215618133545,7.443472862243652,0.39900317788124084,1744177452125,0.11423171311616898,-0.2857320010662079,-0.04917461425065994,1744177452103,22.70625114440918,-44.60625076293945,-9.99375057220459,1001.3424682617188,86.93162862636619,-22.56655120072391,-82.6500818354138,112.56655120072392,-2.8338384852057446,-102.62822240818127,112.53743647860955,0.31162445892685536,257.3717775918187,0.9265072762163118
1744177452890,1744177452087,-3.0933215618133545,7.443472862243652,0.39900317788124084,1744177452125,0.11423171311616898,-0.2857320010662079,-0.04917461425065994,1744177452203,21.881250381469727,-45.54375076293945,-8.756250381469727,1001.3424682617188,86.93162862636619,-22.56655120072391,-82.6500818354138,112.56655120072392,-2.8338384852057446,-100.88290266454123,112.53743647860955,0.31162445892685536,259.11709733545877,0.9265072762163118
1744177452915,1744177452217,-0.7160521745681763,8.785248756408691,0.10648060590028763,1744177452125,0.11423171311616898,-0.2857320010662079,-0.04917461425065994,1744177452203,21.881250381469727,-45.54375076293945,-8.756250381469727,1001.3424682617188,89.30558703962609,-4.659660594636125,-81.54180818726229,94.65966059463612,-0.6921180304680458,-100.88290266454123,94.65931987833135,0.31162445892685536,259.11709733545877,0.9265072762163118
1744177452922,1744177452217,-0.7160521745681763,8.785248756408691,0.10648060590028763,1744177452228,-0.3355174660682678,-0.23533566296100616,-0.6737838387489319,1744177452203,21.881250381469727,-45.54375076293945,-8.756250381469727,1001.3424682617188,89.30558703962609,-4.659660594636125,-81.54180818726229,94.65966059463612,-0.6921180304680458,-100.88290266454123,94.65931987833135,0.7886314130551827,259.11709733545877,0.9265072762163118
1744177452979,1744177452217,-0.7160521745681763,8.785248756408691,0.10648060590028763,1744177452228,-0.3355174660682678,-0.23533566296100616,-0.6737838387489319,1744177452203,21.881250381469727,-45.54375076293945,-8.756250381469727,1001.3125,89.30558703962609,-4.659660594636125,-81.54180818726229,94.65966059463612,-0.6921180304680458,-100.88290266454123,94.65931987833135,0.7886314130551827,259.11709733545877,1.1789716567516317
1744177453046,1744177452217,-0.7160521745681763,8.785248756408691,0.10648060590028763,1744177452332,-0.17256930470466614,-0.05238165333867073,-0.21487168967723846,1744177452203,21.881250381469727,-45.54375076293945,-8.756250381469727,1001.3125,89.30558703962609,-4.659660594636125,-81.54180818726229,94.65966059463612,-0.6921180304680458,-100.88290266454123,94.65931987833135,0.2805242334585304,259.11709733545877,1.1789716567516317
1744177453096,1744177452369,1.85383939743042,9.443872451782227,-0.9188438653945923,1744177452332,-0.17256930470466614,-0.05238165333867073,-0.21487168967723846,1744177452203,21.881250381469727,-45.54375076293945,-8.756250381469727,1001.3125,95.55711561280363,11.105989704796992,116.36502652811176,78.89401029520302,5.453678295816501,-100.88290266454123,78.94491789981524,0.2805242334585304,259.11709733545877,1.1789716567516317
1744177453118,1744177452369,1.85383939743042,9.443872451782227,-0.9188438653945923,1744177452332,-0.17256930470466614,-0.05238165333867073,-0.21487168967723846,1744177452403,16.856250762939453,-47.08125305175781,-6.618750095367432,1001.3125,95.55711561280363,11.105989704796992,116.36502652811176,78.89401029520302,5.453678295816501,-98.00228113175339,78.94491789981524,0.2805242334585304,261.9977188682466,1.1789716567516317
1744177453149,1744177452369,1.85383939743042,9.443872451782227,-0.9188438653945923,1744177452437,0.13011419773101807,-0.05894844979047775,0.057268574833869934,1744177452403,16.856250762939453,-47.08125305175781,-6.618750095367432,1001.3125,95.55711561280363,11.105989704796992,116.36502652811176,78.89401029520302,5.453678295816501,-98.00228113175339,78.94491789981524,0.1538970884954927,261.9977188682466,1.1789716567516317
1744177453178,1744177452369,1.85383939743042,9.443872451782227,-0.9188438653945923,1744177452437,0.13011419773101807,-0.05894844979047775,0.057268574833869934,1744177452403,16.856250762939453,-47.08125305175781,-6.618750095367432,1001.3012084960938,95.55711561280363,11.105989704796992,116.36502652811176,78.89401029520302,5.453678295816501,-98.00228113175339,78.94491789981524,0.1538970884954927,261.9977188682466,1.2740972973935893
1744177453192,1744177452477,0.8739784955978394,9.762716293334961,-0.9619147181510925,1744177452437,0.13011419773101807,-0.05894844979047775,0.057268574833869934,1744177452403,16.856250762939453,-47.08125305175781,-6.618750095367432,1001.3012084960938,95.62715693384278,5.115599610738805,137.74227639115915,84.8844003892612,5.604885989344158,-98.00228113175339,84.90892241537753,0.1538970884954927,261.9977188682466,1.2740972973935893
1744177453251,1744177452477,0.8739784955978394,9.762716293334961,-0.9619147181510925,1744177452540,0.2808450758457184,-0.19562944769859314,-0.164322629570961,1744177452403,16.856250762939453,-47.08125305175781,-6.618750095367432,1001.3012084960938,95.62715693384278,5.115599610738805,137.74227639115915,84.8844003892612,5.604885989344158,-98.00228113175339,84.90892241537753,0.37966664855206755,261.9977188682466,1.2740972973935893
1744177453299,1744177452477,0.8739784955978394,9.762716293334961,-0.9619147181510925,1744177452540,0.2808450758457184,-0.19562944769859314,-0.164322629570961,1744177452603,18.356250762939453,-48.60000228881836,-9.375,1001.3012084960938,95.62715693384278,5.115599610738805,137.74227639115915,84.8844003892612,5.604885989344158,-100.91831758656042,84.90892241537753,0.37966664855206755,259.0816824134396,1.2740972973935893
1744177453321,1744177452477,0.8739784955978394,9.762716293334961,-0.9619147181510925,1744177452540,0.2808450758457184,-0.19562944769859314,-0.164322629570961,1744177452603,18.356250762939453,-48.60000228881836,-9.375,1001.2962036132812,95.62715693384278,5.115599610738805,137.74227639115915,84.8844003892612,5.604885989344158,-100.91831758656042,84.90892241537753,0.37966664855206755,259.0816824134396,1.3162613726901684
1744177453322,1744177452607,2.0165512561798096,9.732806205749512,1.0013962984085083,1744177452540,0.2808450758457184,-0.19562944769859314,-0.164322629570961,1744177452603,18.356250762939453,-48.60000228881836,-9.375,1001.2962036132812,84.12557952989681,11.70555428389231,63.591530675525625,78.2944457161077,-5.753079126546868,-100.91831758656042,78.35423281386635,0.37966664855206755,259.0816824134396,1.3162613726901684
1744177453333,1744177452607,2.0165512561798096,9.732806205749512,1.0013962984085083,1744177452644,-0.1256854236125946,-0.010537417605519295,0.1262962967157364,1744177452603,18.356250762939453,-48.60000228881836,-9.375,1001.2962036132812,84.12557952989681,11.70555428389231,63.591530675525625,78.2944457161077,-5.753079126546868,-100.91831758656042,78.35423281386635,0.1784898244790996,259.0816824134396,1.3162613726901684
1744177453433,1744177452607,2.0165512561798096,9.732806205749512,1.0013962984085083,1744177452748,-0.013133592903614044,0.09880737960338593,-0.02916879393160343,1744177452603,18.356250762939453,-48.60000228881836,-9.375,1001.2962036132812,84.12557952989681,11.70555428389231,63.591530675525625,78.2944457161077,-5.753079126546868,-100.91831758656042,78.35423281386635,0.10385667078271771,259.0816824134396,1.3162613726901684
1744177453466,1744177452737,0.6807580590248108,9.958928108215332,-0.19740787148475647,1744177452748,-0.013133592903614044,0.09880737960338593,-0.02916879393160343,1744177452603,18.356250762939453,-48.60000228881836,-9.375,1001.2962036132812,91.13557972448504,3.910459220586733,106.17123005325325,86.08954077941327,1.1329366100825176,-100.91831758656042,86.09030641910392,0.10385667078271771,259.0816824134396,1.3162613726901684
1744177453480,1744177452737,0.6807580590248108,9.958928108215332,-0.19740787148475647,1744177452748,-0.013133592903614044,0.09880737960338593,-0.02916879393160343,1744177452603,18.356250762939453,-48.60000228881836,-9.375,1001.2962036132812,91.13557972448504,3.910459220586733,106.17123005325325,86.08954077941327,1.1329366100825176,-100.91831758656042,86.09030641910392,0.10385667078271771,259.0816824134396,1.3162613726901684
1744177453532,1744177452737,0.6807580590248108,9.958928108215332,-0.19740787148475647,1744177452748,-0.013133592903614044,0.09880737960338593,-0.02916879393160343,1744177452803,18.693750381469727,-47.92500305175781,-8.568750381469727,1001.2962036132812,91.13557972448504,3.910459220586733,106.17123005325325,86.08954077941327,1.1329366100825176,-100.13708439979288,86.09030641910392,0.10385667078271771,259.8629156002071,1.3162613726901684
1744177453549,1744177452737,0.6807580590248108,9.958928108215332,-0.19740787148475647,1744177452853,0.06719512492418289,0.025809036567807198,0.06627883017063141,1744177452803,18.693750381469727,-47.92500305175781,-8.568750381469727,1001.2962036132812,91.13557972448504,3.910459220586733,106.17123005325325,86.08954077941327,1.1329366100825176,-100.13708439979288,86.09030641910392,0.09784771081084297,259.8629156002071,1.3162613726901684
1744177453593,1744177452889,0.9457631707191467,10.103693962097168,0.8835497498512268,1744177452853,0.06719512492418289,0.025809036567807198,0.06627883017063141,1744177452803,18.693750381469727,-47.92500305175781,-8.568750381469727,1001.2962036132812,85.00230135207403,5.3476282001336495,46.94783137979969,84.65237179986634,-4.976055962646926,-100.13708439979288,84.67258522644508,0.09784771081084297,259.8629156002071,1.3162613726901684
1744177453605,1744177452889,0.9457631707191467,10.103693962097168,0.8835497498512268,1744177452853,0.06719512492418289,0.025809036567807198,0.06627883017063141,1744177452903,18.67500114440918,-47.56875228881836,-8.287500381469727,1001.2962036132812,85.00230135207403,5.3476282001336495,46.94783137979969,84.65237179986634,-4.976055962646926,-99.88296163270284,84.67258522644508,0.09784771081084297,260.11703836729714,1.3162613726901684
1744177453638,1744177452889,0.9457631707191467,10.103693962097168,0.8835497498512268,1744177452853,0.06719512492418289,0.025809036567807198,0.06627883017063141,1744177452903,18.67500114440918,-47.56875228881836,-8.287500381469727,1001.2999877929688,85.00230135207403,5.3476282001336495,46.94783137979969,84.65237179986634,-4.976055962646926,-99.88296163270284,84.67258522644508,0.09784771081084297,260.11703836729714,1.2843812024634582
1744177453647,1744177452889,0.9457631707191467,10.103693962097168,0.8835497498512268,1744177452956,-0.08048143237829208,-0.001679878099821508,0.025045456364750862,1744177452903,18.67500114440918,-47.56875228881836,-8.287500381469727,1001.2999877929688,85.00230135207403,5.3476282001336495,46.94783137979969,84.65237179986634,-4.976055962646926,-99.88296163270284,84.67258522644508,0.08430514712999734,260.11703836729714,1.2843812024634582
1744177453698,1744177452889,0.9457631707191467,10.103693962097168,0.8835497498512268,1744177452956,-0.08048143237829208,-0.001679878099821508,0.025045456364750862,1744177453003,18.450000762939453,-47.212501525878906,-8.006250381469727,1001.2999877929688,85.00230135207403,5.3476282001336495,46.94783137979969,84.65237179986634,-4.976055962646926,-99.62460156471867,84.67258522644508,0.08430514712999734,260.37539843528134,1.2843812024634582
1744177453743,1744177453019,0.5330012440681458,9.615557670593262,-0.06400800496339798,1744177452956,-0.08048143237829208,-0.001679878099821508,0.025045456364750862,1744177453003,18.450000762939453,-47.212501525878906,-8.006250381469727,1001.2999877929688,90.38139591035394,3.172723047133443,96.84784465075396,86.82727695286655,0.38081133389623345,-99.62460156471867,86.82734710150329,0.08430514712999734,260.37539843528134,1.2843812024634582
1744177453763,1744177453019,0.5330012440681458,9.615557670593262,-0.06400800496339798,1744177453061,0.015577051788568497,0.000610864779446274,-0.05177079141139984,1744177453003,18.450000762939453,-47.212501525878906,-8.006250381469727,1001.2999877929688,90.38139591035394,3.172723047133443,96.84784465075396,86.82727695286655,0.38081133389623345,-99.62460156471867,86.82734710150329,0.05406692650378034,260.37539843528134,1.2843812024634582
1744177453798,1744177453019,0.5330012440681458,9.615557670593262,-0.06400800496339798,1744177453061,0.015577051788568497,0.000610864779446274,-0.05177079141139984,1744177453003,18.450000762939453,-47.212501525878906,-8.006250381469727,1001.2999877929688,90.38139591035394,3.172723047133443,96.84784465075396,86.82727695286655,0.38081133389623345,-99.62460156471867,86.82734710150329,0.05406692650378034,260.37539843528134,1.2843812024634582
1744177453818,1744177453019,0.5330012440681458,9.615557670593262,-0.06400800496339798,1744177453061,0.015577051788568497,0.000610864779446274,-0.05177079141139984,1744177453103,18.356250762939453,-47.8125,-8.287500381469727,1001.2999877929688,90.38139591035394,3.172723047133443,96.84784465075396,86.82727695286655,0.38081133389623345,-99.83356440800507,86.82734710150329,0.05406692650378034,260.1664355919949,1.2843812024634582
1744177453849,1744177453149,1.0564311742782593,9.657432556152344,-0.003589233849197626,1744177453061,0.015577051788568497,0.000610864779446274,-0.05177079141139984,1744177453103,18.356250762939453,-47.8125,-8.287500381469727,1001.2999877929688,90.02129426641919,6.242790749235943,90.19466214646815,83.75720925076406,0.021167992038696137,-99.83356440800507,83.7572096785103,0.05406692650378034,260.1664355919949,1.2843812024634582
1744177453858,1744177453149,1.0564311742782593,9.657432556152344,-0.003589233849197626,1744177453164,0.038789913058280945,0.052076224237680435,0.09987638890743256,1744177453103,18.356250762939453,-47.8125,-8.287500381469727,1001.2999877929688,90.02129426641919,6.242790749235943,90.19466214646815,83.75720925076406,0.021167992038696137,-99.83356440800507,83.7572096785103,0.11912969213051332,260.1664355919949,1.2843812024634582
