timestamp,acc_x,acc_y,acc_z,gyro_x,gyro_y,gyro_z,mag_x,mag_y,mag_z,baro_pressure,tiltXY,tiltYZ,tiltXZ,roll,pitch,yaw,totalTiltFromVertical,angularSpeed,heading,altitude
1744177520491,1744177519747,-0.8793623447418213,9.751948356628418,0.8297112584114075,1744177519720,-0.01954767294228077,0.06826414167881012,0.03176496922969818,1744177519803,-2.887500047683716,-42.9375,-27.67500114440918,1001.2987060546875,85.13689596114621,-5.152596382044195,-46.66405810157248,95.15259638204421,-4.843546121096267,-122.80346064826085,95.13414683209857,0.07778893126124506,237.19653935173915,1.2951793137140444
1744177520513,1744177519747,-0.8793623447418213,9.751948356628418,0.8297112584114075,1744177519720,-0.01954767294228077,0.06826414167881012,0.03176496922969818,1744177519803,-2.887500047683716,-42.9375,-27.67500114440918,1001.302490234375,85.13689596114621,-5.152596382044195,-46.66405810157248,95.15259638204421,-4.843546121096267,-122.80346064826085,95.13414683209857,0.07778893126124506,237.19653935173915,1.2632992079999117
1744177520523,1744177519747,-0.8793623447418213,9.751948356628418,0.8297112584114075,1744177519824,-0.03023780696094036,-0.012522728182375431,-0.004123337101191282,1744177519803,-2.887500047683716,-42.9375,-27.67500114440918,1001.302490234375,85.13689596114621,-5.152596382044195,-46.66405810157248,95.15259638204421,-4.843546121096267,-122.80346064826085,95.13414683209857,0.03298705200206308,237.19653935173915,1.2632992079999117
1744177520592,1744177519878,-0.7884350419044495,9.248857498168945,1.0683952569961548,1744177519824,-0.03023780696094036,-0.012522728182375431,-0.004123337101191282,1744177519803,-2.887500047683716,-42.9375,-27.67500114440918,1001.302490234375,83.41060069195795,-4.872498941331553,-36.425913989395596,94.87249894133156,-6.565794704419018,-122.80346064826085,94.84046472083473,0.03298705200206308,237.19653935173915,1.2632992079999117
1744177520672,1744177519878,-0.7884350419044495,9.248857498168945,1.0683952569961548,1744177519928,-0.10888664424419403,0.021685699000954628,0.09834922850131989,1744177519803,-2.887500047683716,-42.9375,-27.67500114440918,1001.302490234375,83.41060069195795,-4.872498941331553,-36.425913989395596,94.87249894133156,-6.565794704419018,-122.80346064826085,94.84046472083473,0.14832107598964656,237.19653935173915,1.2632992079999117
1744177520675,1744177519878,-0.7884350419044495,9.248857498168945,1.0683952569961548,1744177519928,-0.10888664424419403,0.021685699000954628,0.09834922850131989,1744177519803,-2.887500047683716,-42.9375,-27.67500114440918,1001.3049926757812,83.41060069195795,-4.872498941331553,-36.425913989395596,94.87249894133156,-6.565794704419018,-122.80346064826085,94.84046472083473,0.14832107598964656,237.19653935173915,1.2422172561969558
1744177520687,1744177520007,-1.8747764825820923,8.536395072937012,0.08793623000383377,1744177519928,-0.10888664424419403,0.021685699000954628,0.09834922850131989,1744177519803,-2.887500047683716,-42.9375,-27.67500114440918,1001.3049926757812,89.40979809462489,-12.386735391548944,-87.31451464498305,102.38673539154895,-0.5764641034079815,-122.80346064826085,102.38609850407639,0.14832107598964656,237.19653935173915,1.2422172561969558
1744177520711,1744177520007,-1.8747764825820923,8.536395072937012,0.08793623000383377,1744177519928,-0.10888664424419403,0.021685699000954628,0.09834922850131989,1744177520003,-2.625,-43.087501525878906,-27.093751907348633,1001.3049926757812,89.40979809462489,-12.386735391548944,-87.31451464498305,102.38673539154895,-0.5764641034079815,-122.16199680912806,102.38609850407639,0.14832107598964656,237.83800319087194,1.2422172561969558
1744177520722,1744177520007,-1.8747764825820923,8.536395072937012,0.08793623000383377,1744177520032,0.08521563559770584,0.11682789027690887,0.08093958348035812,1744177520003,-2.625,-43.087501525878906,-27.093751907348633,1001.3049926757812,89.40979809462489,-12.386735391548944,-87.31451464498305,102.38673539154895,-0.5764641034079815,-122.16199680912806,102.38609850407639,0.1657156500480516,237.83800319087194,1.2422172561969558
1744177520789,1744177520007,-1.8747764825820923,8.536395072937012,0.08793623000383377,1744177520032,0.08521563559770584,0.11682789027690887,0.08093958348035812,1744177520103,-0.7875000238418579,-43.33125305175781,-27.318750381469727,1001.3049926757812,89.40979809462489,-12.386735391548944,-87.31451464498305,102.38673539154895,-0.5764641034079815,-122.22991300636423,102.38609850407639,0.1657156500480516,237.77008699363577,1.2422172561969558
1744177520837,1744177520007,-1.8747764825820923,8.536395072937012,0.08793623000383377,1744177520136,0.17745621502399445,0.10720676928758621,-0.09208786487579346,1744177520103,-0.7875000238418579,-43.33125305175781,-27.318750381469727,1001.3049926757812,89.40979809462489,-12.386735391548944,-87.31451464498305,102.38673539154895,-0.5764641034079815,-122.22991300636423,102.38609850407639,0.22685716759473631,237.77008699363577,1.2422172561969558
1744177520846,1744177520007,-1.8747764825820923,8.536395072937012,0.08793623000383377,1744177520136,0.17745621502399445,0.10720676928758621,-0.09208786487579346,1744177520103,-0.7875000238418579,-43.33125305175781,-27.318750381469727,1001.302490234375,89.40979809462489,-12.386735391548944,-87.31451464498305,102.38673539154895,-0.5764641034079815,-122.22991300636423,102.38609850407639,0.22685716759473631,237.77008699363577,1.2632992079999117
1744177520846,1744177520137,-2.3150558471679688,5.921638011932373,-0.25363919138908386,1744177520136,0.17745621502399445,0.10720676928758621,-0.09208786487579346,1744177520103,-0.7875000238418579,-43.33125305175781,-27.318750381469727,1001.302490234375,92.45262842643186,-21.352941819754133,-96.25242946154943,111.35294181975414,2.2844531301969693,-122.22991300636423,111.33514068897945,0.22685716759473631,237.77008699363577,1.2632992079999117
1744177520931,1744177520137,-2.3150558471679688,5.921638011932373,-0.25363919138908386,1744177520241,0.2864955961704254,0.09178243577480316,-0.5192350745201111,1744177520103,-0.7875000238418579,-43.33125305175781,-27.318750381469727,1001.302490234375,92.45262842643186,-21.352941819754133,-96.25242946154943,111.35294181975414,2.2844531301969693,-122.22991300636423,111.33514068897945,0.6000906637781567,237.77008699363577,1.2632992079999117
1744177520993,1744177520267,-2.42512583732605,4.512863636016846,-0.7100701332092285,1744177520241,0.2864955961704254,0.09178243577480316,-0.5192350745201111,1744177520103,-0.7875000238418579,-43.33125305175781,-27.318750381469727,1001.302490234375,98.9418133344759,-28.2527262785649,-106.31988470226968,118.25272627856491,7.890864791492524,-122.22991300636423,117.96158658934358,0.6000906637781567,237.77008699363577,1.2632992079999117
1744177520993,1744177520267,-2.42512583732605,4.512863636016846,-0.7100701332092285,1744177520241,0.2864955961704254,0.09178243577480316,-0.5192350745201111,1744177520103,-0.7875000238418579,-43.33125305175781,-27.318750381469727,1001.3037109375,98.9418133344759,-28.2527262785649,-106.31988470226968,118.25272627856491,7.890864791492524,-122.22991300636423,117.96158658934358,0.6000906637781567,237.77008699363577,1.2530153237386465
1744177520993,1744177520267,-2.42512583732605,4.512863636016846,-0.7100701332092285,1744177520241,0.2864955961704254,0.09178243577480316,-0.5192350745201111,1744177520303,-3.356250047683716,-41.19375228881836,-29.531251907348633,1001.3037109375,98.9418133344759,-28.2527262785649,-106.31988470226968,118.25272627856491,7.890864791492524,-125.6362343677975,117.96158658934358,0.6000906637781567,234.3637656322025,1.2530153237386465
1744177521041,1744177520267,-2.42512583732605,4.512863636016846,-0.7100701332092285,1744177520344,-0.028557928279042244,0.3597993552684784,-1.8715369701385498,1744177520303,-3.356250047683716,-41.19375228881836,-29.531251907348633,1001.3037109375,98.9418133344759,-28.2527262785649,-106.31988470226968,118.25272627856491,7.890864791492524,-125.6362343677975,117.96158658934358,1.90602249774618,234.3637656322025,1.2530153237386465
1744177521106,1744177520267,-2.42512583732605,4.512863636016846,-0.7100701332092285,1744177520344,-0.028557928279042244,0.3597993552684784,-1.8715369701385498,1744177520403,-14.362500190734863,-39.78750228881836,-27.693750381469727,1001.3037109375,98.9418133344759,-28.2527262785649,-106.31988470226968,118.25272627856491,7.890864791492524,-124.83951627868376,117.96158658934358,1.90602249774618,235.16048372131624,1.2530153237386465
1744177521114,1744177520397,-1.0755738019943237,4.876572608947754,-2.2959132194519043,1744177520344,-0.028557928279042244,0.3597993552684784,-1.8715369701385498,1744177520403,-14.362500190734863,-39.78750228881836,-27.693750381469727,1001.3037109375,115.21127588334338,-12.437985110671885,-154.898169200121,102.43798511067189,24.690831730273306,-124.83951627868376,101.28511700554627,1.90602249774618,235.16048372131624,1.2530153237386465
1744177521174,1744177520397,-1.0755738019943237,4.876572608947754,-2.2959132194519043,1744177520448,-0.513584554195404,1.8629848957061768,-2.7420191764831543,1744177520403,-14.362500190734863,-39.78750228881836,-27.693750381469727,1001.3037109375,115.21127588334338,-12.437985110671885,-154.898169200121,102.43798511067189,24.690831730273306,-124.83951627868376,101.28511700554627,3.354571653749373,235.16048372131624,1.2530153237386465
1744177521227,1744177520397,-1.0755738019943237,4.876572608947754,-2.2959132194519043,1744177520448,-0.513584554195404,1.8629848957061768,-2.7420191764831543,1744177520403,-14.362500190734863,-39.78750228881836,-27.693750381469727,1001.3074951171875,115.21127588334338,-12.437985110671885,-154.898169200121,102.43798511067189,24.690831730273306,-124.83951627868376,101.28511700554627,3.354571653749373,235.16048372131624,1.2211353470496689
1744177521236,1744177520397,-1.0755738019943237,4.876572608947754,-2.2959132194519043,1744177520552,-0.27809619903564453,2.986823320388794,-3.7042839527130127,1744177520403,-14.362500190734863,-39.78750228881836,-27.693750381469727,1001.3074951171875,115.21127588334338,-12.437985110671885,-154.898169200121,102.43798511067189,24.690831730273306,-124.83951627868376,101.28511700554627,4.766568015403069,235.16048372131624,1.2211353470496689
1744177521246,1744177520549,5.80199670791626,4.77248477935791,-7.658228874206543,1744177520552,-0.27809619903564453,2.986823320388794,-3.7042839527130127,1744177520403,-14.362500190734863,-39.78750228881836,-27.693750381469727,1001.3074951171875,148.06950469350855,50.56068595410955,142.85184846646152,39.439314045890455,45.549823916499754,-124.83951627868376,57.25973825776595,4.766568015403069,235.16048372131624,1.2211353470496689
1744177521303,1744177520549,5.80199670791626,4.77248477935791,-7.658228874206543,1744177520552,-0.27809619903564453,2.986823320388794,-3.7042839527130127,1744177520603,-46.63125228881836,-19.950000762939453,-6.750000476837158,1001.3074951171875,148.06950469350855,50.56068595410955,142.85184846646152,39.439314045890455,45.549823916499754,-108.69303673783945,57.25973825776595,4.766568015403069,251.30696326216054,1.2211353470496689
1744177521320,1744177520549,5.80199670791626,4.77248477935791,-7.658228874206543,1744177520552,-0.27809619903564453,2.986823320388794,-3.7042839527130127,1744177520603,-46.63125228881836,-19.950000762939453,-6.750000476837158,1001.3112182617188,148.06950469350855,50.56068595410955,142.85184846646152,39.439314045890455,45.549823916499754,-108.69303673783945,57.25973825776595,4.766568015403069,251.30696326216054,1.1897696587422835
1744177521341,1744177520549,5.80199670791626,4.77248477935791,-7.658228874206543,1744177520656,0.7351757884025574,3.764148712158203,-2.757290840148926,1744177520603,-46.63125228881836,-19.950000762939453,-6.750000476837158,1001.3112182617188,148.06950469350855,50.56068595410955,142.85184846646152,39.439314045890455,45.549823916499754,-108.69303673783945,57.25973825776595,4.723552873025214,251.30696326216054,1.1897696587422835
1744177521392,1744177520679,16.5517520904541,11.59382438659668,-15.920645713806152,1744177520656,0.7351757884025574,3.764148712158203,-2.757290840148926,1744177520603,-46.63125228881836,-19.950000762939453,-6.750000476837158,1001.3112182617188,143.93692819696497,54.99033187711447,133.8865873029636,35.009668122885536,38.23193287522956,-108.69303673783945,49.9558416102432,4.723552873025214,251.30696326216054,1.1897696587422835
1744177521401,1744177520679,16.5517520904541,11.59382438659668,-15.920645713806152,1744177520656,0.7351757884025574,3.764148712158203,-2.757290840148926,1744177520703,-49.687503814697266,-6.750000476837158,10.518750190734863,1001.3112182617188,143.93692819696497,54.99033187711447,133.8865873029636,35.009668122885536,38.23193287522956,-32.688746487419166,49.9558416102432,4.723552873025214,327.31125351258083,1.1897696587422835
1744177521451,1744177520679,16.5517520904541,11.59382438659668,-15.920645713806152,1744177520760,1.915671944618225,3.285994291305542,-1.5086833238601685,1744177520703,-49.687503814697266,-6.750000476837158,10.518750190734863,1001.3112182617188,143.93692819696497,54.99033187711447,133.8865873029636,35.009668122885536,38.23193287522956,-32.688746487419166,49.9558416102432,4.091904550888712,327.31125351258083,1.1897696587422835
1744177521471,1744177520679,16.5517520904541,11.59382438659668,-15.920645713806152,1744177520760,1.915671944618225,3.285994291305542,-1.5086833238601685,1744177520703,-49.687503814697266,-6.750000476837158,10.518750190734863,1001.3125,143.93692819696497,54.99033187711447,133.8865873029636,35.009668122885536,38.23193287522956,-32.688746487419166,49.9558416102432,4.091904550888712,327.31125351258083,1.1789716567516317
1744177521513,1744177520809,20.08535385131836,12.579667091369629,-14.376078605651855,1744177520760,1.915671944618225,3.285994291305542,-1.5086833238601685,1744177520703,-49.687503814697266,-6.750000476837158,10.518750190734863,1001.3125,138.81272431104966,57.940655967674196,125.5931677031953,32.059344032325804,31.240861274233122,-32.688746487419166,43.56384507169558,4.091904550888712,327.31125351258083,1.1789716567516317
1744177521549,1744177520809,20.08535385131836,12.579667091369629,-14.376078605651855,1744177520760,1.915671944618225,3.285994291305542,-1.5086833238601685,1744177520803,-42.056251525878906,-2.9437501430511475,23.231250762939453,1001.3125,138.81272431104966,57.940655967674196,125.5931677031953,32.059344032325804,31.240861274233122,-7.221751720803771,43.56384507169558,4.091904550888712,352.77824827919625,1.1789716567516317
1744177521559,1744177520809,20.08535385131836,12.579667091369629,-14.376078605651855,1744177520864,3.1134250164031982,0.6490437984466553,-0.37033677101135254,1744177520803,-42.056251525878906,-2.9437501430511475,23.231250762939453,1001.3125,138.81272431104966,57.940655967674196,125.5931677031953,32.059344032325804,31.240861274233122,-7.221751720803771,43.56384507169558,3.201846734156779,352.77824827919625,1.1789716567516317
1744177521623,1744177520809,20.08535385131836,12.579667091369629,-14.376078605651855,1744177520864,3.1134250164031982,0.6490437984466553,-0.37033677101135254,1744177520903,-35.90625,-8.8125,22.42500114440918,1001.3125,138.81272431104966,57.940655967674196,125.5931677031953,32.059344032325804,31.240861274233122,-21.453663810148434,43.56384507169558,3.201846734156779,338.54633618985156,1.1789716567516317
1744177521623,1744177520809,20.08535385131836,12.579667091369629,-14.376078605651855,1744177520864,3.1134250164031982,0.6490437984466553,-0.37033677101135254,1744177520903,-35.90625,-8.8125,22.42500114440918,1001.3187255859375,138.81272431104966,57.940655967674196,125.5931677031953,32.059344032325804,31.240861274233122,-21.453663810148434,43.56384507169558,3.201846734156779,338.54633618985156,1.126524377691236
1744177521686,1744177520940,18.54616928100586,2.5974090099334717,-10.597213745117188,1744177520864,3.1134250164031982,0.6490437984466553,-0.37033677101135254,1744177520903,-35.90625,-8.8125,22.42500114440918,1001.3187255859375,166.22813149850955,82.02752536129194,119.74349028854006,7.972474638708069,29.50438072788973,-21.453663810148434,30.468704050460165,3.201846734156779,338.54633618985156,1.126524377691236
1744177521687,1744177520940,18.54616928100586,2.5974090099334717,-10.597213745117188,1744177520969,3.4237444400787354,-0.8263473510742188,1.1592686176300049,1744177520903,-35.90625,-8.8125,22.42500114440918,1001.3187255859375,166.22813149850955,82.02752536129194,119.74349028854006,7.972474638708069,29.50438072788973,-21.453663810148434,30.468704050460165,3.707934689745656,338.54633618985156,1.126524377691236
1744177521757,1744177520940,18.54616928100586,2.5974090099334717,-10.597213745117188,1744177520969,3.4237444400787354,-0.8263473510742188,1.1592686176300049,1744177521003,-36.01875305175781,-20.868751525878906,12.937500953674316,1001.3187255859375,166.22813149850955,82.02752536129194,119.74349028854006,7.972474638708069,29.50438072788973,-58.20331830447206,30.468704050460165,3.707934689745656,301.7966816955279,1.126524377691236
1744177521787,1744177520940,18.54616928100586,2.5974090099334717,-10.597213745117188,1744177521073,2.340833902359009,-2.0360124111175537,1.243567943572998,1744177521003,-36.01875305175781,-20.868751525878906,12.937500953674316,1001.3187255859375,166.22813149850955,82.02752536129194,119.74349028854006,7.972474638708069,29.50438072788973,-58.20331830447206,30.468704050460165,3.342351137588688,301.7966816955279,1.126524377691236
1744177521799,1744177521069,7.390232563018799,-3.300898790359497,-4.147958278656006,1744177521073,2.340833902359009,-2.0360124111175537,1.243567943572998,1744177521003,-36.01875305175781,-20.868751525878906,12.937500953674316,1001.3187255859375,-141.48761823690998,114.06825952328518,119.30444066409906,-24.06825952328517,27.13416702916075,-58.20331830447206,35.65223295933997,3.342351137588688,301.7966816955279,1.126524377691236
1744177521800,1744177521069,7.390232563018799,-3.300898790359497,-4.147958278656006,1744177521073,2.340833902359009,-2.0360124111175537,1.243567943572998,1744177521003,-36.01875305175781,-20.868751525878906,12.937500953674316,1001.3399658203125,-141.48761823690998,114.06825952328518,119.30444066409906,-24.06825952328517,27.13416702916075,-58.20331830447206,35.65223295933997,3.342351137588688,301.7966816955279,0.9475885891636349
1744177521893,1744177521069,7.390232563018799,-3.300898790359497,-4.147958278656006,1744177521176,1.4731004238128662,-1.7576106786727905,0.6944005489349365,1744177521003,-36.01875305175781,-20.868751525878906,12.937500953674316,1001.3399658203125,-141.48761823690998,114.06825952328518,119.30444066409906,-24.06825952328517,27.13416702916075,-58.20331830447206,35.65223295933997,2.3961244289025174,301.7966816955279,0.9475885891636349
1744177521893,1744177521069,7.390232563018799,-3.300898790359497,-4.147958278656006,1744177521176,1.4731004238128662,-1.7576106786727905,0.6944005489349365,1744177521203,-33.01875305175781,-32.85000228881836,-13.36875057220459,1001.3399658203125,-141.48761823690998,114.06825952328518,119.30444066409906,-24.06825952328517,27.13416702916075,-112.144527029449,35.65223295933997,2.3961244289025174,247.855472970551,0.9475885891636349
1744177521902,1744177521199,1.4656038284301758,2.375474691390991,-0.6281159520149231,1744177521176,1.4731004238128662,-1.7576106786727905,0.6944005489349365,1744177521203,-33.01875305175781,-32.85000228881836,-13.36875057220459,1001.3399658203125,104.81101231501025,31.67346677921033,113.19859135732759,58.326533220789685,12.682197441129613,-112.144527029449,59.1850367916938,2.3961244289025174,247.855472970551,0.9475885891636349
1744177521969,1744177521199,1.4656038284301758,2.375474691390991,-0.6281159520149231,1744177521176,1.4731004238128662,-1.7576106786727905,0.6944005489349365,1744177521203,-33.01875305175781,-32.85000228881836,-13.36875057220459,1001.356201171875,104.81101231501025,31.67346677921033,113.19859135732759,58.326533220789685,12.682197441129613,-112.144527029449,59.1850367916938,2.3961244289025174,247.855472970551,0.8108179036010421
1744177521980,1744177521199,1.4656038284301758,2.375474691390991,-0.6281159520149231,1744177521280,1.0929898023605347,-1.568853497505188,-0.15073087811470032,1744177521203,-33.01875305175781,-32.85000228881836,-13.36875057220459,1001.356201171875,104.81101231501025,31.67346677921033,113.19859135732759,58.326533220789685,12.682197441129613,-112.144527029449,59.1850367916938,1.9179801360586637,247.855472970551,0.8108179036010421
1744177522065,1744177521350,1.563111424446106,6.1334028244018555,3.300898790359497,1744177521280,1.0929898023605347,-1.568853497505188,-0.15073087811470032,1744177521203,-33.01875305175781,-32.85000228881836,-13.36875057220459,1001.356201171875,61.71157663356627,14.297602221307724,25.339481144907275,75.70239777869227,-27.542682842367093,-112.144527029449,77.35146726281187,1.9179801360586637,247.855472970551,0.8108179036010421
1744177522084,1744177521350,1.563111424446106,6.1334028244018555,3.300898790359497,1744177521384,0.4361574649810791,-0.7609847784042358,0.5716167092323303,1744177521203,-33.01875305175781,-32.85000228881836,-13.36875057220459,1001.356201171875,61.71157663356627,14.297602221307724,25.339481144907275,75.70239777869227,-27.542682842367093,-112.144527029449,77.35146726281187,1.046936879422663,247.855472970551,0.8108179036010421
1744177522097,1744177521350,1.563111424446106,6.1334028244018555,3.300898790359497,1744177521384,0.4361574649810791,-0.7609847784042358,0.5716167092323303,1744177521403,-26.981250762939453,-32.51250076293945,-27.225000381469727,1001.356201171875,61.71157663356627,14.297602221307724,25.339481144907275,75.70239777869227,-27.542682842367093,-129.9418037402948,77.35146726281187,1.046936879422663,230.0581962597052,0.8108179036010421
1744177522171,1744177521350,1.563111424446106,6.1334028244018555,3.300898790359497,1744177521384,0.4361574649810791,-0.7609847784042358,0.5716167092323303,1744177521403,-26.981250762939453,-32.51250076293945,-27.225000381469727,1001.3587036132812,61.71157663356627,14.297602221307724,25.339481144907275,75.70239777869227,-27.542682842367093,-129.9418037402948,77.35146726281187,1.046936879422663,230.0581962597052,0.7897368674111016
1744177522175,1744177521350,1.563111424446106,6.1334028244018555,3.300898790359497,1744177521488,0.5436696410179138,-0.7696896195411682,0.046883873641490936,1744177521403,-26.981250762939453,-32.51250076293945,-27.225000381469727,1001.3587036132812,61.71157663356627,14.297602221307724,25.339481144907275,75.70239777869227,-27.542682842367093,-129.9418037402948,77.35146726281187,0.943502457125368,230.0581962597052,0.7897368674111016
1744177522178,1744177521481,0.5952146053314209,5.908477306365967,4.995017051696777,1744177521488,0.5436696410179138,-0.7696896195411682,0.046883873641490936,1744177521403,-26.981250762939453,-32.51250076293945,-27.225000381469727,1001.3587036132812,49.7888763259454,5.752517315904317,6.795418168809651,84.24748268409569,-40.068568265407826,-129.9418037402948,85.60081551737193,0.943502457125368,230.0581962597052,0.7897368674111016
1744177522198,1744177521481,0.5952146053314209,5.908477306365967,4.995017051696777,1744177521488,0.5436696410179138,-0.7696896195411682,0.046883873641490936,1744177521503,-25.875001907348633,-31.725000381469727,-30.787500381469727,1001.3587036132812,49.7888763259454,5.752517315904317,6.795418168809651,84.24748268409569,-40.068568265407826,-134.14079958115738,85.60081551737193,0.943502457125368,225.85920041884262,0.7897368674111016
1744177522270,1744177521481,0.5952146053314209,5.908477306365967,4.995017051696777,1744177521488,0.5436696410179138,-0.7696896195411682,0.046883873641490936,1744177521503,-25.875001907348633,-31.725000381469727,-30.787500381469727,1001.3499755859375,49.7888763259454,5.752517315904317,6.795418168809651,84.24748268409569,-40.068568265407826,-134.14079958115738,85.60081551737193,0.943502457125368,225.85920041884262,0.8632635933329647
1744177522279,1744177521481,0.5952146053314209,5.908477306365967,4.995017051696777,1744177521592,0.2611446976661682,-0.43111783266067505,0.23044873774051666,1744177521503,-25.875001907348633,-31.725000381469727,-30.787500381469727,1001.3499755859375,49.7888763259454,5.752517315904317,6.795418168809651,84.24748268409569,-40.068568265407826,-134.14079958115738,85.60081551737193,0.554225368855838,225.85920041884262,0.8632635933329647
1744177522289,1744177521610,-0.4175475537776947,6.2500529289245605,6.40438985824585,1744177521592,0.2611446976661682,-0.43111783266067505,0.23044873774051666,1744177521503,-25.875001907348633,-31.725000381469727,-30.787500381469727,1001.3499755859375,44.30124017263335,-3.822082133606963,-3.730238493714091,93.82208213360698,-45.634989007565366,-134.14079958115738,92.67148887157686,0.554225368855838,225.85920041884262,0.8632635933329647
1744177522289,1744177521610,-0.4175475537776947,6.2500529289245605,6.40438985824585,1744177521592,0.2611446976661682,-0.43111783266067505,0.23044873774051666,1744177521603,-24.431251525878906,-30.825000762939453,-32.34375,1001.3499755859375,44.30124017263335,-3.822082133606963,-3.730238493714091,93.82208213360698,-45.634989007565366,-136.37728163368342,92.67148887157686,0.554225368855838,223.62271836631658,0.8632635933329647
1744177522383,1744177521610,-0.4175475537776947,6.2500529289245605,6.40438985824585,1744177521696,0.1945604383945465,-0.33719736337661743,-0.04657844081521034,1744177521603,-24.431251525878906,-30.825000762939453,-32.34375,1001.3499755859375,44.30124017263335,-3.822082133606963,-3.730238493714091,93.82208213360698,-45.634989007565366,-136.37728163368342,92.67148887157686,0.3920782794356208,223.62271836631658,0.8632635933329647
1744177522420,1744177521610,-0.4175475537776947,6.2500529289245605,6.40438985824585,1744177521696,0.1945604383945465,-0.33719736337661743,-0.04657844081521034,1744177521703,-22.21875,-30.86250114440918,-34.20000076293945,1001.3499755859375,44.30124017263335,-3.822082133606963,-3.730238493714091,93.82208213360698,-45.634989007565366,-137.93651756030994,92.67148887157686,0.3920782794356208,222.06348243969006,0.8632635933329647
1744177522451,1744177521610,-0.4175475537776947,6.2500529289245605,6.40438985824585,1744177521696,0.1945604383945465,-0.33719736337661743,-0.04657844081521034,1744177521703,-22.21875,-30.86250114440918,-34.20000076293945,1001.3362426757812,44.30124017263335,-3.822082133606963,-3.730238493714091,93.82208213360698,-45.634989007565366,-137.93651756030994,92.67148887157686,0.3920782794356208,222.06348243969006,0.9789535483430578
1744177522479,1744177521740,0.11006984114646912,7.16231632232666,6.611967086791992,1744177521696,0.1945604383945465,-0.33719736337661743,-0.04657844081521034,1744177521703,-22.21875,-30.86250114440918,-34.20000076293945,1001.3362426757812,47.288026468872836,0.8804471428810778,0.9537184316829127,89.11955285711893,-42.708601804214055,-137.93651756030994,89.35304790606148,0.3920782794356208,222.06348243969006,0.9789535483430578
1744177522506,1744177521740,0.11006984114646912,7.16231632232666,6.611967086791992,1744177521800,0.14370593428611755,-0.3090975880622864,-0.04214967042207718,1744177521703,-22.21875,-30.86250114440918,-34.20000076293945,1001.3362426757812,47.288026468872836,0.8804471428810778,0.9537184316829127,89.11955285711893,-42.708601804214055,-137.93651756030994,89.35304790606148,0.3434666056717284,222.06348243969006,0.9789535483430578
1744177522506,1744177521740,0.11006984114646912,7.16231632232666,6.611967086791992,1744177521800,0.14370593428611755,-0.3090975880622864,-0.04214967042207718,1744177521803,-21.225000381469727,-30.618751525878906,-35.38125228881836,1001.3362426757812,47.288026468872836,0.8804471428810778,0.9537184316829127,89.11955285711893,-42.708601804214055,-139.12725824969945,89.35304790606148,0.3434666056717284,220.87274175030055,0.9789535483430578
1744177522578,1744177521871,-0.44386860728263855,7.572087287902832,5.687141418457031,1744177521800,0.14370593428611755,-0.3090975880622864,-0.04214967042207718,1744177521803,-21.225000381469727,-30.618751525878906,-35.38125228881836,1001.3362426757812,53.09101300775138,-3.354785447092108,-4.462759943536356,93.35478544709213,-36.861809502506695,-139.12725824969945,92.68356011101775,0.3434666056717284,220.87274175030055,0.9789535483430578
1744177522607,1744177521871,-0.44386860728263855,7.572087287902832,5.687141418457031,1744177521800,0.14370593428611755,-0.3090975880622864,-0.04214967042207718,1744177521803,-21.225000381469727,-30.618751525878906,-35.38125228881836,1001.3224487304688,53.09101300775138,-3.354785447092108,-4.462759943536356,93.35478544709213,-36.861809502506695,-139.12725824969945,92.68356011101775,0.3434666056717284,220.87274175030055,1.0951589742274526
1744177522620,1744177521871,-0.44386860728263855,7.572087287902832,5.687141418457031,1744177521904,0.2809978127479553,-0.06200277432799339,-0.16615521907806396,1744177521803,-21.225000381469727,-30.618751525878906,-35.38125228881836,1001.3224487304688,53.09101300775138,-3.354785447092108,-4.462759943536356,93.35478544709213,-36.861809502506695,-139.12725824969945,92.68356011101775,0.332282517777241,220.87274175030055,1.0951589742274526
1744177522620,1744177521871,-0.44386860728263855,7.572087287902832,5.687141418457031,1744177521904,0.2809978127479553,-0.06200277432799339,-0.16615521907806396,1744177521904,-20.137500762939453,-29.981250762939453,-37.125,1001.3224487304688,53.09101300775138,-3.354785447092108,-4.462759943536356,93.35478544709213,-36.861809502506695,-141.07649729714765,92.68356011101775,0.332282517777241,218.92350270285235,1.0951589742274526
1744177522688,1744177521871,-0.44386860728263855,7.572087287902832,5.687141418457031,1744177521904,0.2809978127479553,-0.06200277432799339,-0.16615521907806396,1744177522003,-22.3125,-27.993751525878906,-36.88125228881836,1001.3224487304688,53.09101300775138,-3.354785447092108,-4.462759943536356,93.35478544709213,-36.861809502506695,-142.80063341959973,92.68356011101775,0.332282517777241,217.19936658040027,1.0951589742274526
1744177522710,1744177521871,-0.44386860728263855,7.572087287902832,5.687141418457031,1744177522008,0.2493855506181717,0.06520981341600418,-0.03329212963581085,1744177522003,-22.3125,-27.993751525878906,-36.88125228881836,1001.3224487304688,53.09101300775138,-3.354785447092108,-4.462759943536356,93.35478544709213,-36.861809502506695,-142.80063341959973,92.68356011101775,0.25991121276037016,217.19936658040027,1.0951589742274526
1744177522723,1744177522001,1.2921242713928223,6.9822564125061035,6.500700950622559,1744177522008,0.2493855506181717,0.06520981341600418,-0.03329212963581085,1744177522003,-22.3125,-27.993751525878906,-36.88125228881836,1001.3224487304688,47.04549876198605,10.484446085761785,11.241983140010944,79.51555391423823,-42.47370852434752,-142.80063341959973,82.28661307682924,0.25991121276037016,217.19936658040027,1.0951589742274526
1744177522782,1744177522001,1.2921242713928223,6.9822564125061035,6.500700950622559,1744177522008,0.2493855506181717,0.06520981341600418,-0.03329212963581085,1744177522003,-22.3125,-27.993751525878906,-36.88125228881836,1001.313720703125,47.04549876198605,10.484446085761785,11.241983140010944,79.51555391423823,-42.47370852434752,-142.80063341959973,82.28661307682924,0.25991121276037016,217.19936658040027,1.1686878557297031
1744177522841,1744177522001,1.2921242713928223,6.9822564125061035,6.500700950622559,1744177522112,0.18112140893936157,0.016340631991624832,-0.05192350596189499,1744177522003,-22.3125,-27.993751525878906,-36.88125228881836,1001.313720703125,47.04549876198605,10.484446085761785,11.241983140010944,79.51555391423823,-42.47370852434752,-142.80063341959973,82.28661307682924,0.1891243810338585,217.19936658040027,1.1686878557297031
1744177522842,1744177522152,0.7046862840652466,6.946962356567383,7.200601577758789,1744177522112,0.18112140893936157,0.016340631991624832,-0.05192350596189499,1744177522003,-22.3125,-27.993751525878906,-36.88125228881836,1001.313720703125,43.972904433181505,5.792159628924843,5.589447729637152,84.20784037107516,-45.88054135632279,-142.80063341959973,85.97129521947527,0.1891243810338585,217.19936658040027,1.1686878557297031
1744177522885,1744177522152,0.7046862840652466,6.946962356567383,7.200601577758789,1744177522112,0.18112140893936157,0.016340631991624832,-0.05192350596189499,1744177522203,-22.106250762939453,-26.606250762939453,-37.95000076293945,1001.313720703125,43.972904433181505,5.792159628924843,5.589447729637152,84.20784037107516,-45.88054135632279,-144.96620358127345,85.97129521947527,0.1891243810338585,215.03379641872655,1.1686878557297031
1744177522905,1744177522152,0.7046862840652466,6.946962356567383,7.200601577758789,1744177522216,0.08124501258134842,-0.08811724185943604,-0.2124282270669937,1744177522203,-22.106250762939453,-26.606250762939453,-37.95000076293945,1001.313720703125,43.972904433181505,5.792159628924843,5.589447729637152,84.20784037107516,-45.88054135632279,-144.96620358127345,85.97129521947527,0.2439080811229592,215.03379641872655,1.1686878557297031
1744177522916,1744177522152,0.7046862840652466,6.946962356567383,7.200601577758789,1744177522216,0.08124501258134842,-0.08811724185943604,-0.2124282270669937,1744177522203,-22.106250762939453,-26.606250762939453,-37.95000076293945,1001.3074951171875,43.972904433181505,5.792159628924843,5.589447729637152,84.20784037107516,-45.88054135632279,-144.96620358127345,85.97129521947527,0.2439080811229592,215.03379641872655,1.2211353470496689
1744177522987,1744177522283,1.3244273662567139,6.774679183959961,6.8004021644592285,1744177522216,0.08124501258134842,-0.08811724185943604,-0.2124282270669937,1744177522203,-22.106250762939453,-26.606250762939453,-37.95000076293945,1001.3074951171875,44.891432219273234,11.061622281211706,11.020807245073858,78.93837771878829,-44.57134008893104,-144.96620358127345,82.14422326875663,0.2439080811229592,215.03379641872655,1.2211353470496689
1744177523059,1744177522283,1.3244273662567139,6.774679183959961,6.8004021644592285,1744177522320,-0.07422006875276566,-0.1357647031545639,-0.18295399844646454,1744177522203,-22.106250762939453,-26.606250762939453,-37.95000076293945,1001.3074951171875,44.891432219273234,11.061622281211706,11.020807245073858,78.93837771878829,-44.57134008893104,-144.96620358127345,82.14422326875663,0.23960976352365332,215.03379641872655,1.2211353470496689
1744177523089,1744177522283,1.3244273662567139,6.774679183959961,6.8004021644592285,1744177522320,-0.07422006875276566,-0.1357647031545639,-0.18295399844646454,1744177522203,-22.106250762939453,-26.606250762939453,-37.95000076293945,1001.3012084960938,44.891432219273234,11.061622281211706,11.020807245073858,78.93837771878829,-44.57134008893104,-144.96620358127345,82.14422326875663,0.23960976352365332,215.03379641872655,1.2740972973935893
1744177523099,1744177522412,1.4584254026412964,7.395018577575684,6.3391852378845215,1744177522320,-0.07422006875276566,-0.1357647031545639,-0.18295399844646454,1744177522203,-22.106250762939453,-26.606250762939453,-37.95000076293945,1001.3012084960938,49.396035047240446,11.156544531299636,12.956308021187503,78.84345546870037,-40.06464273793361,-144.96620358127345,81.48422236217085,0.23960976352365332,215.03379641872655,1.2740972973935893
1744177523099,1744177522412,1.4584254026412964,7.395018577575684,6.3391852378845215,1744177522320,-0.07422006875276566,-0.1357647031545639,-0.18295399844646454,1744177522403,-21.225000381469727,-26.700000762939453,-38.83125305175781,1001.3012084960938,49.396035047240446,11.156544531299636,12.956308021187503,78.84345546870037,-40.06464273793361,-145.48795606870078,81.48422236217085,0.23960976352365332,214.51204393129922,1.2740972973935893
1744177523168,1744177522412,1.4584254026412964,7.395018577575684,6.3391852378845215,1744177522424,-0.006719512399286032,-0.009162971749901772,0.06230820715427399,1744177522403,-21.225000381469727,-26.700000762939453,-38.83125305175781,1001.3012084960938,49.396035047240446,11.156544531299636,12.956308021187503,78.84345546870037,-40.06464273793361,-145.48795606870078,81.48422236217085,0.06333580801532082,214.51204393129922,1.2740972973935893
1744177523222,1744177522412,1.4584254026412964,7.395018577575684,6.3391852378845215,1744177522424,-0.006719512399286032,-0.009162971749901772,0.06230820715427399,1744177522503,-22.087501525878906,-26.137500762939453,-38.53125,1001.3012084960938,49.396035047240446,11.156544531299636,12.956308021187503,78.84345546870037,-40.06464273793361,-145.84916913750578,81.48422236217085,0.06333580801532082,214.15083086249422,1.2740972973935893
1744177523234,1744177522412,1.4584254026412964,7.395018577575684,6.3391852378845215,1744177522528,0.20708316564559937,0.05589412897825241,0.05482511222362518,1744177522503,-22.087501525878906,-26.137500762939453,-38.53125,1001.3012084960938,49.396035047240446,11.156544531299636,12.956308021187503,78.84345546870037,-40.06464273793361,-145.84916913750578,81.48422236217085,0.22138966569913185,214.15083086249422,1.2740972973935893
1744177523234,1744177522412,1.4584254026412964,7.395018577575684,6.3391852378845215,1744177522528,0.20708316564559937,0.05589412897825241,0.05482511222362518,1744177522503,-22.087501525878906,-26.137500762939453,-38.53125,1001.2987060546875,49.396035047240446,11.156544531299636,12.956308021187503,78.84345546870037,-40.06464273793361,-145.84916913750578,81.48422236217085,0.22138966569913185,214.15083086249422,1.2951793137140444
1744177523263,1744177522542,0.8249256014823914,6.337390899658203,7.438089370727539,1744177522528,0.20708316564559937,0.05589412897825241,0.05482511222362518,1744177522503,-22.087501525878906,-26.137500762939453,-38.53125,1001.2987060546875,40.43161654162917,7.416378559818582,6.3285589203953485,82.58362144018142,-49.330613581643455,-145.84916913750578,85.17457914404807,0.22138966569913185,214.15083086249422,1.2951793137140444
1744177523318,1744177522542,0.8249256014823914,6.337390899658203,7.438089370727539,1744177522528,0.20708316564559937,0.05589412897825241,0.05482511222362518,1744177522603,-22.256250381469727,-25.462501525878906,-38.60625076293945,1001.2987060546875,40.43161654162917,7.416378559818582,6.3285589203953485,82.58362144018142,-49.330613581643455,-146.5934121008646,85.17457914404807,0.22138966569913185,213.4065878991354,1.2951793137140444
1744177523335,1744177522542,0.8249256014823914,6.337390899658203,7.438089370727539,1744177522632,0.0951421856880188,-0.02626718580722809,-0.09208786487579346,1744177522603,-22.256250381469727,-25.462501525878906,-38.60625076293945,1001.2987060546875,40.43161654162917,7.416378559818582,6.3285589203953485,82.58362144018142,-49.330613581643455,-146.5934121008646,85.17457914404807,0.13498953813206152,213.4065878991354,1.2951793137140444
1744177523373,1744177522673,1.3286148309707642,6.4187469482421875,7.284948348999023,1744177522632,0.0951421856880188,-0.02626718580722809,-0.09208786487579346,1744177522603,-22.256250381469727,-25.462501525878906,-38.60625076293945,1001.2987060546875,41.38318393234788,11.694489793641687,10.335896184511542,78.30551020635832,-48.01993128384103,-146.5934121008646,82.20808517667754,0.13498953813206152,213.4065878991354,1.2951793137140444
1744177523427,1744177522673,1.3286148309707642,6.4187469482421875,7.284948348999023,1744177522632,0.0951421856880188,-0.02626718580722809,-0.09208786487579346,1744177522603,-22.256250381469727,-25.462501525878906,-38.60625076293945,1001.2987060546875,41.38318393234788,11.694489793641687,10.335896184511542,78.30551020635832,-48.01993128384103,-146.5934121008646,82.20808517667754,0.13498953813206152,213.4065878991354,1.2951793137140444
1744177523441,1744177522673,1.3286148309707642,6.4187469482421875,7.284948348999023,1744177522736,-0.03711003437638283,0.016340631991624832,0.07009673118591309,1744177522603,-22.256250381469727,-25.462501525878906,-38.60625076293945,1001.2987060546875,41.38318393234788,11.694489793641687,10.335896184511542,78.30551020635832,-48.01993128384103,-146.5934121008646,82.20808517667754,0.08097976678314274,213.4065878991354,1.2951793137140444
1744177523499,1744177522673,1.3286148309707642,6.4187469482421875,7.284948348999023,1744177522736,-0.03711003437638283,0.016340631991624832,0.07009673118591309,1744177522803,-21.95625114440918,-25.275001525878906,-38.75625228881836,1001.2987060546875,41.38318393234788,11.694489793641687,10.335896184511542,78.30551020635832,-48.01993128384103,-146.88950356204842,82.20808517667754,0.08097976678314274,213.11049643795158,1.2951793137140444
1744177523521,1744177522802,1.2472587823867798,6.62632417678833,6.942176818847656,1744177522736,-0.03711003437638283,0.016340631991624832,0.07009673118591309,1744177522803,-21.95625114440918,-25.275001525878906,-38.75625228881836,1001.2987060546875,43.66648824472485,10.659936616594804,10.185321631208158,79.3400633834052,-45.835165143109606,-146.88950356204842,82.59513325103592,0.08097976678314274,213.11049643795158,1.2951793137140444
1744177523540,1744177522802,1.2472587823867798,6.62632417678833,6.942176818847656,1744177522839,-0.0010690133785828948,-0.005192350596189499,0.03741546720266342,1744177522803,-21.95625114440918,-25.275001525878906,-38.75625228881836,1001.2987060546875,43.66648824472485,10.659936616594804,10.185321631208158,79.3400633834052,-45.835165143109606,-146.88950356204842,82.59513325103592,0.037789158237660186,213.11049643795158,1.2951793137140444
1744177523581,1744177522802,1.2472587823867798,6.62632417678833,6.942176818847656,1744177522839,-0.0010690133785828948,-0.005192350596189499,0.03741546720266342,1744177522803,-21.95625114440918,-25.275001525878906,-38.75625228881836,1001.2974853515625,43.66648824472485,10.659936616594804,10.185321631208158,79.3400633834052,-45.835165143109606,-146.88950356204842,82.59513325103592,0.037789158237660186,213.11049643795158,1.305463239592517
1744177523600,1744177522802,1.2472587823867798,6.62632417678833,6.942176818847656,1744177522839,-0.0010690133785828948,-0.005192350596189499,0.03741546720266342,1744177522903,-23.306251525878906,-25.70625114440918,-38.32500076293945,1001.2974853515625,43.66648824472485,10.659936616594804,10.185321631208158,79.3400633834052,-45.835165143109606,-146.1485174991145,82.59513325103592,0.037789158237660186,213.8514825008855,1.305463239592517
1744177523645,1744177522802,1.2472587823867798,6.62632417678833,6.942176818847656,1744177522944,0.010995565913617611,-0.043371398001909256,0.04550942778587341,1744177522903,-23.306251525878906,-25.70625114440918,-38.32500076293945,1001.2974853515625,43.66648824472485,10.659936616594804,10.185321631208158,79.3400633834052,-45.835165143109606,-146.1485174991145,82.59513325103592,0.06382075408359224,213.8514825008855,1.305463239592517
1744177523653,1744177522954,1.057627558708191,6.573681831359863,7.0857462882995605,1744177522944,0.010995565913617611,-0.043371398001909256,0.04550942778587341,1744177522903,-23.306251525878906,-25.70625114440918,-38.32500076293945,1001.2974853515625,42.85310192829588,9.139887510945186,8.489366945238137,80.86011248905481,-46.78170295048137,-146.1485174991145,83.75534417796771,0.06382075408359224,213.8514825008855,1.305463239592517
1744177523704,1744177522954,1.057627558708191,6.573681831359863,7.0857462882995605,1744177522944,0.010995565913617611,-0.043371398001909256,0.04550942778587341,1744177523003,-23.775001525878906,-25.687501907348633,-38.4375,1001.2974853515625,42.85310192829588,9.139887510945186,8.489366945238137,80.86011248905481,-46.78170295048137,-146.24548084009172,83.75534417796771,0.06382075408359224,213.75451915990828,1.305463239592517
1744177523713,1744177522954,1.057627558708191,6.573681831359863,7.0857462882995605,1744177522944,0.010995565913617611,-0.043371398001909256,0.04550942778587341,1744177523003,-23.775001525878906,-25.687501907348633,-38.4375,1001.2987060546875,42.85310192829588,9.139887510945186,8.489366945238137,80.86011248905481,-46.78170295048137,-146.24548084009172,83.75534417796771,0.06382075408359224,213.75451915990828,1.2951793137140444
1744177523778,1744177522954,1.057627558708191,6.573681831359863,7.0857462882995605,1744177523048,-0.005803215317428112,0.018631376326084137,0.15347976982593536,1744177523003,-23.775001525878906,-25.687501907348633,-38.4375,1001.2987060546875,42.85310192829588,9.139887510945186,8.489366945238137,80.86011248905481,-46.78170295048137,-146.24548084009172,83.75534417796771,0.15471536845978393,213.75451915990828,1.2951793137140444
1744177523802,1744177523084,0.9655039310455322,6.636493682861328,7.121040344238281,1744177523048,-0.005803215317428112,0.018631376326084137,0.15347976982593536,1744177523003,-23.775001525878906,-25.687501907348633,-38.4375,1001.2987060546875,42.9828501569086,8.277547877824258,7.721344950423285,81.72245212217575,-46.71777730387607,-146.24548084009172,84.33547260164852,0.15471536845978393,213.75451915990828,1.2951793137140444
1744177523815,1744177523084,0.9655039310455322,6.636493682861328,7.121040344238281,1744177523048,-0.005803215317428112,0.018631376326084137,0.15347976982593536,1744177523103,-23.55000114440918,-26.231250762939453,-38.212501525878906,1001.2987060546875,42.9828501569086,8.277547877824258,7.721344950423285,81.72245212217575,-46.71777730387607,-145.53206434268156,84.33547260164852,0.15471536845978393,214.46793565731844,1.2951793137140444
1744177523857,1744177523084,0.9655039310455322,6.636493682861328,7.121040344238281,1744177523152,-0.025503603741526604,0.00045814859913662076,-0.03741546720266342,1744177523103,-23.55000114440918,-26.231250762939453,-38.212501525878906,1001.2987060546875,42.9828501569086,8.277547877824258,7.721344950423285,81.72245212217575,-46.71777730387607,-145.53206434268156,84.33547260164852,0.04528311926024181,214.46793565731844,1.2951793137140444
1744177523885,1744177523084,0.9655039310455322,6.636493682861328,7.121040344238281,1744177523152,-0.025503603741526604,0.00045814859913662076,-0.03741546720266342,1744177523103,-23.55000114440918,-26.231250762939453,-38.212501525878906,1001.3012084960938,42.9828501569086,8.277547877824258,7.721344950423285,81.72245212217575,-46.71777730387607,-145.53206434268156,84.33547260164852,0.04528311926024181,214.46793565731844,1.2740972973935893
1744177523926,1744177523084,0.9655039310455322,6.636493682861328,7.121040344238281,1744177523152,-0.025503603741526604,0.00045814859913662076,-0.03741546720266342,1744177523203,-25.61250114440918,-25.312501907348633,-36.993751525878906,1001.3012084960938,42.9828501569086,8.277547877824258,7.721344950423285,81.72245212217575,-46.71777730387607,-145.61861332435907,84.33547260164852,0.04528311926024181,214.38138667564093,1.2740972973935893
1744177523939,1744177523236,1.280758261680603,6.51326322555542,7.1820573806762695,1744177523152,-0.025503603741526604,0.00045814859913662076,-0.03741546720266342,1744177523203,-25.61250114440918,-25.312501907348633,-36.993751525878906,1001.3012084960938,42.20425196693017,11.124620831274566,10.111126313245217,78.87537916872544,-47.254445853643425,-145.61861332435907,82.47497094737416,0.04528311926024181,214.38138667564093,1.2740972973935893
1744177523953,1744177523236,1.280758261680603,6.51326322555542,7.1820573806762695,1744177523255,0.04153880476951599,0.007330377586185932,-0.1285870373249054,1744177523203,-25.61250114440918,-25.312501907348633,-36.993751525878906,1001.3012084960938,42.20425196693017,11.124620831274566,10.111126313245217,78.87537916872544,-47.254445853643425,-145.61861332435907,82.47497094737416,0.13532861081542452,214.38138667564093,1.2740972973935893
1744177524016,1744177523236,1.280758261680603,6.51326322555542,7.1820573806762695,1744177523255,0.04153880476951599,0.007330377586185932,-0.1285870373249054,1744177523303,-23.493751525878906,-25.068750381469727,-38.25,1001.3012084960938,42.20425196693017,11.124620831274566,10.111126313245217,78.87537916872544,-47.254445853643425,-146.75948036409758,82.47497094737416,0.13532861081542452,213.24051963590242,1.2740972973935893
1744177524042,1744177523236,1.280758261680603,6.51326322555542,7.1820573806762695,1744177523255,0.04153880476951599,0.007330377586185932,-0.1285870373249054,1744177523303,-23.493751525878906,-25.068750381469727,-38.25,1001.2987060546875,42.20425196693017,11.124620831274566,10.111126313245217,78.87537916872544,-47.254445853643425,-146.75948036409758,82.47497094737416,0.13532861081542452,213.24051963590242,1.2951793137140444
1744177524054,1744177523365,0.8578268885612488,6.40020227432251,7.371688365936279,1744177523255,0.04153880476951599,0.007330377586185932,-0.1285870373249054,1744177523303,-23.493751525878906,-25.068750381469727,-38.25,1001.2987060546875,40.96496929613963,7.633927018370791,6.63752854899405,82.36607298162922,-48.782365103515396,-146.75948036409758,84.97828778491723,0.13532861081542452,213.24051963590242,1.2951793137140444
1744177524054,1744177523365,0.8578268885612488,6.40020227432251,7.371688365936279,1744177523360,-0.022449281066656113,-0.004886918235570192,-0.052076224237680435,1744177523303,-23.493751525878906,-25.068750381469727,-38.25,1001.2987060546875,40.96496929613963,7.633927018370791,6.63752854899405,82.36607298162922,-48.782365103515396,-146.75948036409758,84.97828778491723,0.05691911208991272,213.24051963590242,1.2951793137140444
1744177524157,1744177523365,0.8578268885612488,6.40020227432251,7.371688365936279,1744177523464,0.02672533318400383,0.02412915788590908,-0.013897174037992954,1744177523303,-23.493751525878906,-25.068750381469727,-38.25,1001.2987060546875,40.96496929613963,7.633927018370791,6.63752854899405,82.36607298162922,-48.782365103515396,-146.75948036409758,84.97828778491723,0.03859522172913909,213.24051963590242,1.2951793137140444
1744177524196,1744177523365,0.8578268885612488,6.40020227432251,7.371688365936279,1744177523464,0.02672533318400383,0.02412915788590908,-0.013897174037992954,1744177523303,-23.493751525878906,-25.068750381469727,-38.25,1001.29248046875,40.96496929613963,7.633927018370791,6.63752854899405,82.36607298162922,-48.782365103515396,-146.75948036409758,84.97828778491723,0.03859522172913909,213.24051963590242,1.3476274418324063
1744177524215,1744177523365,0.8578268885612488,6.40020227432251,7.371688365936279,1744177523464,0.02672533318400383,0.02412915788590908,-0.013897174037992954,1744177523503,-21.900001525878906,-25.312501907348633,-39.39375305175781,1001.29248046875,40.96496929613963,7.633927018370791,6.63752854899405,82.36607298162922,-48.782365103515396,-147.27718024072325,84.97828778491723,0.03859522172913909,212.72281975927675,1.3476274418324063
1744177524215,1744177523496,1.2460623979568481,6.534200668334961,7.1132636070251465,1744177523464,0.02672533318400383,0.02412915788590908,-0.013897174037992954,1744177523503,-21.900001525878906,-25.312501907348633,-39.39375305175781,1001.29248046875,42.57039307015567,10.796589929531313,9.935946256331317,79.20341007046869,-46.91943152616337,-147.27718024072325,82.64906144949092,0.03859522172913909,212.72281975927675,1.3476274418324063
1744177524281,1744177523496,1.2460623979568481,6.534200668334961,7.1132636070251465,1744177523568,0.028099779039621353,-0.044440411031246185,-0.00946840364485979,1744177523503,-21.900001525878906,-25.312501907348633,-39.39375305175781,1001.29248046875,42.57039307015567,10.796589929531313,9.935946256331317,79.20341007046869,-46.91943152616337,-147.27718024072325,82.64906144949092,0.05342469824232651,212.72281975927675,1.3476274418324063
1744177524326,1744177523496,1.2460623979568481,6.534200668334961,7.1132636070251465,1744177523568,0.028099779039621353,-0.044440411031246185,-0.00946840364485979,1744177523603,-23.45625114440918,-24.86250114440918,-38.36250305175781,1001.29248046875,42.57039307015567,10.796589929531313,9.935946256331317,79.20341007046869,-46.91943152616337,-147.0529768869525,82.64906144949092,0.05342469824232651,212.9470231130475,1.3476274418324063
1744177524337,1744177523625,1.0049854516983032,6.545566558837891,7.17368221282959,1744177523568,0.028099779039621353,-0.044440411031246185,-0.00946840364485979,1744177523603,-23.45625114440918,-24.86250114440918,-38.36250305175781,1001.29248046875,42.3786274498644,8.728847531395314,7.974858254356175,81.2711524686047,-47.28885153163621,-147.0529768869525,84.09161028195497,0.05342469824232651,212.9470231130475,1.3476274418324063
1744177524362,1744177523625,1.0049854516983032,6.545566558837891,7.17368221282959,1744177523568,0.028099779039621353,-0.044440411031246185,-0.00946840364485979,1744177523603,-23.45625114440918,-24.86250114440918,-38.36250305175781,1001.2911987304688,42.3786274498644,8.728847531395314,7.974858254356175,81.2711524686047,-47.28885153163621,-147.0529768869525,84.09161028195497,0.05342469824232651,212.9470231130475,1.3584256186340316
1744177524381,1744177523625,1.0049854516983032,6.545566558837891,7.17368221282959,1744177523672,-0.023212861269712448,0.009010255336761475,0.036193739622831345,1744177523603,-23.45625114440918,-24.86250114440918,-38.36250305175781,1001.2911987304688,42.3786274498644,8.728847531395314,7.974858254356175,81.2711524686047,-47.28885153163621,-147.0529768869525,84.09161028195497,0.043931861074234795,212.9470231130475,1.3584256186340316
1744177524458,1744177523625,1.0049854516983032,6.545566558837891,7.17368221282959,1744177523776,0.012522728182375431,0,-0.021685699000954628,1744177523603,-23.45625114440918,-24.86250114440918,-38.36250305175781,1001.2911987304688,42.3786274498644,8.728847531395314,7.974858254356175,81.2711524686047,-47.28885153163621,-147.0529768869525,84.09161028195497,0.02504173041723883,212.9470231130475,1.3584256186340316
1744177524500,1744177523755,1.3196417093276978,6.713063716888428,7.021738052368164,1744177523776,0.012522728182375431,0,-0.021685699000954628,1744177523603,-23.45625114440918,-24.86250114440918,-38.36250305175781,1001.2911987304688,43.71255804617237,11.121292651092277,10.643820177177714,78.87870734890772,-45.744698886453435,-147.0529768869525,82.26409138838851,0.02504173041723883,212.9470231130475,1.3584256186340316
1744177524515,1744177523755,1.3196417093276978,6.713063716888428,7.021738052368164,1744177523776,0.012522728182375431,0,-0.021685699000954628,1744177523803,-23.381250381469727,-24.693750381469727,-38.400001525878906,1001.2911987304688,43.71255804617237,11.121292651092277,10.643820177177714,78.87870734890772,-45.744698886453435,-147.25629133385743,82.26409138838851,0.02504173041723883,212.74370866614257,1.3584256186340316
1744177524516,1744177523755,1.3196417093276978,6.713063716888428,7.021738052368164,1744177523776,0.012522728182375431,0,-0.021685699000954628,1744177523803,-23.381250381469727,-24.693750381469727,-38.400001525878906,1001.2911987304688,43.71255804617237,11.121292651092277,10.643820177177714,78.87870734890772,-45.744698886453435,-147.25629133385743,82.26409138838851,0.02504173041723883,212.74370866614257,1.3584256186340316
1744177524601,1744177523755,1.3196417093276978,6.713063716888428,7.021738052368164,1744177523880,-0.022907428443431854,-0.051159925758838654,0.15179990231990814,1744177523803,-23.381250381469727,-24.693750381469727,-38.400001525878906,1001.2911987304688,43.71255804617237,11.121292651092277,10.643820177177714,78.87870734890772,-45.744698886453435,-147.25629133385743,82.26409138838851,0.16181872149375823,212.74370866614257,1.3584256186340316
1744177524673,1744177523886,1.0815558433532715,6.631109714508057,7.128817081451416,1744177523880,-0.022907428443431854,-0.051159925758838654,0.15179990231990814,1744177523803,-23.381250381469727,-24.693750381469727,-38.400001525878906,1001.2911987304688,42.92846972006587,9.263559993286073,8.626899181506035,80.73644000671393,-46.696270873680206,-147.25629133385743,83.66116317060573,0.16181872149375823,212.74370866614257,1.3584256186340316
1744177524681,1744177523886,1.0815558433532715,6.631109714508057,7.128817081451416,1744177523880,-0.022907428443431854,-0.051159925758838654,0.15179990231990814,1744177523803,-23.381250381469727,-24.693750381469727,-38.400001525878906,1001.2911987304688,42.92846972006587,9.263559993286073,8.626899181506035,80.73644000671393,-46.696270873680206,-147.25629133385743,83.66116317060573,0.16181872149375823,212.74370866614257,1.3584256186340316
1744177524687,1744177523886,1.0815558433532715,6.631109714508057,7.128817081451416,1744177523984,-0.011148282326757908,-0.018173227086663246,0.1334739476442337,1744177523803,-23.381250381469727,-24.693750381469727,-38.400001525878906,1001.2911987304688,42.92846972006587,9.263559993286073,8.626899181506035,80.73644000671393,-46.696270873680206,-147.25629133385743,83.66116317060573,0.13516599084576036,212.74370866614257,1.3584256186340316
1744177524699,1744177523886,1.0815558433532715,6.631109714508057,7.128817081451416,1744177523984,-0.011148282326757908,-0.018173227086663246,0.1334739476442337,1744177524003,-21.39375114440918,-25.556251525878906,-39.5625,1001.2911987304688,42.92846972006587,9.263559993286073,8.626899181506035,80.73644000671393,-46.696270873680206,-147.13868794340206,83.66116317060573,0.13516599084576036,212.86131205659794,1.3584256186340316
1744177524767,1744177524059,0.6921239495277405,6.846463680267334,6.935596466064453,1744177523984,-0.011148282326757908,-0.018173227086663246,0.1334739476442337,1744177524003,-21.39375114440918,-25.556251525878906,-39.5625,1001.2911987304688,44.629455887648575,5.772544230834806,5.698849864592514,84.22745576916519,-45.22490967414056,-147.13868794340206,85.93772124432715,0.13516599084576036,212.86131205659794,1.3584256186340316
1744177524788,1744177524059,0.6921239495277405,6.846463680267334,6.935596466064453,1744177524087,-0.02611446939408779,0.03940077871084213,0.0513126403093338,1744177524003,-21.39375114440918,-25.556251525878906,-39.5625,1001.2911987304688,44.629455887648575,5.772544230834806,5.698849864592514,84.22745576916519,-45.22490967414056,-147.13868794340206,85.93772124432715,0.06976656742502506,212.86131205659794,1.3584256186340316
1744177524799,1744177524059,0.6921239495277405,6.846463680267334,6.935596466064453,1744177524087,-0.02611446939408779,0.03940077871084213,0.0513126403093338,1744177524103,-22.012500762939453,-25.650001525878906,-38.625,1001.2911987304688,44.629455887648575,5.772544230834806,5.698849864592514,84.22745576916519,-45.22490967414056,-146.41274959865405,85.93772124432715,0.06976656742502506,213.58725040134595,1.3584256186340316
1744177524876,1744177524059,0.6921239495277405,6.846463680267334,6.935596466064453,1744177524087,-0.02611446939408779,0.03940077871084213,0.0513126403093338,1744177524103,-22.012500762939453,-25.650001525878906,-38.625,1001.29248046875,44.629455887648575,5.772544230834806,5.698849864592514,84.22745576916519,-45.22490967414056,-146.41274959865405,85.93772124432715,0.06976656742502506,213.58725040134595,1.3476274418324063
1744177524885,1744177524059,0.6921239495277405,6.846463680267334,6.935596466064453,1744177524191,0.04214967042207718,-0.004734201822429895,0.0001527161948615685,1744177524103,-22.012500762939453,-25.650001525878906,-38.625,1001.29248046875,44.629455887648575,5.772544230834806,5.698849864592514,84.22745576916519,-45.22490967414056,-146.41274959865405,85.93772124432715,0.042414982091489785,213.58725040134595,1.3476274418324063
1744177524894,1744177524189,0.9206385016441345,6.789036273956299,6.935596466064453,1744177524191,0.04214967042207718,-0.004734201822429895,0.0001527161948615685,1744177524103,-22.012500762939453,-25.650001525878906,-38.625,1001.29248046875,44.388183170780174,7.722581666817419,7.561299378665386,82.27741833318258,-45.35084180200393,-146.41274959865405,84.58119285448394,0.042414982091489785,213.58725040134595,1.3476274418324063
1744177524980,1744177524189,0.9206385016441345,6.789036273956299,6.935596466064453,1744177524296,0.026878049597144127,-0.041844237595796585,-0.0027488914784044027,1744177524103,-22.012500762939453,-25.650001525878906,-38.625,1001.29248046875,44.388183170780174,7.722581666817419,7.561299378665386,82.27741833318258,-45.35084180200393,-146.41274959865405,84.58119285448394,0.04980889653947435,213.58725040134595,1.3476274418324063
1744177524980,1744177524189,0.9206385016441345,6.789036273956299,6.935596466064453,1744177524296,0.026878049597144127,-0.041844237595796585,-0.0027488914784044027,1744177524103,-22.012500762939453,-25.650001525878906,-38.625,1001.29248046875,44.388183170780174,7.722581666817419,7.561299378665386,82.27741833318258,-45.35084180200393,-146.41274959865405,84.58119285448394,0.04980889653947435,213.58725040134595,1.3476274418324063
1744177525002,1744177524189,0.9206385016441345,6.789036273956299,6.935596466064453,1744177524296,0.026878049597144127,-0.041844237595796585,-0.0027488914784044027,1744177524303,-22.51875114440918,-26.08125114440918,-38.92500305175781,1001.29248046875,44.388183170780174,7.722581666817419,7.561299378665386,82.27741833318258,-45.35084180200393,-146.17639185806473,84.58119285448394,0.04980889653947435,213.82360814193527,1.3476274418324063
1744177525079,1744177524318,0.7465606927871704,6.678966045379639,7.033103942871094,1744177524296,0.026878049597144127,-0.041844237595796585,-0.0027488914784044027,1744177524303,-22.51875114440918,-26.08125114440918,-38.92500305175781,1001.29248046875,43.520566384117515,6.377926365657943,6.0592302578513,83.62207363434206,-46.301784614643644,-146.17639185806473,85.5985127802428,0.04980889653947435,213.82360814193527,1.3476274418324063
1744177525099,1744177524318,0.7465606927871704,6.678966045379639,7.033103942871094,1744177524399,-0.03527744114398956,-0.0001527161948615685,0.11545344442129135,1744177524303,-22.51875114440918,-26.08125114440918,-38.92500305175781,1001.29248046875,43.520566384117515,6.377926365657943,6.0592302578513,83.62207363434206,-46.301784614643644,-146.17639185806473,85.5985127802428,0.12072290174049012,213.82360814193527,1.3476274418324063
1744177525113,1744177524318,0.7465606927871704,6.678966045379639,7.033103942871094,1744177524399,-0.03527744114398956,-0.0001527161948615685,0.11545344442129135,1744177524404,-21.918750762939453,-26.475000381469727,-39.22500228881836,1001.29248046875,43.520566384117515,6.377926365657943,6.0592302578513,83.62207363434206,-46.301784614643644,-145.98253275065323,85.5985127802428,0.12072290174049012,214.01746724934677,1.3476274418324063
1744177525153,1744177524318,0.7465606927871704,6.678966045379639,7.033103942871094,1744177524399,-0.03527744114398956,-0.0001527161948615685,0.11545344442129135,1744177524404,-21.918750762939453,-26.475000381469727,-39.22500228881836,1001.2962036132812,43.520566384117515,6.377926365657943,6.0592302578513,83.62207363434206,-46.301784614643644,-145.98253275065323,85.5985127802428,0.12072290174049012,214.01746724934677,1.3162613726901684
1744177525169,1744177524470,0.3445664644241333,6.813562393188477,7.001399040222168,1744177524399,-0.03527744114398956,-0.0001527161948615685,0.11545344442129135,1744177524404,-21.918750762939453,-26.475000381469727,-39.22500228881836,1001.2962036132812,44.22101961408637,2.895020150136755,2.8174781299173883,87.10497984986326,-45.74240808475099,-145.98253275065323,87.98004897554588,0.12072290174049012,214.01746724934677,1.3162613726901684
1744177525192,1744177524470,0.3445664644241333,6.813562393188477,7.001399040222168,1744177524504,-0.09346231073141098,-0.002290742937475443,0.057726722210645676,1744177524404,-21.918750762939453,-26.475000381469727,-39.22500228881836,1001.2962036132812,44.22101961408637,2.895020150136755,2.8174781299173883,87.10497984986326,-45.74240808475099,-145.98253275065323,87.98004897554588,0.10987641005987347,214.01746724934677,1.3162613726901684
1744177525200,1744177524470,0.3445664644241333,6.813562393188477,7.001399040222168,1744177524504,-0.09346231073141098,-0.002290742937475443,0.057726722210645676,1744177524503,-22.70625114440918,-26.08125114440918,-37.91250228881836,1001.2962036132812,44.22101961408637,2.895020150136755,2.8174781299173883,87.10497984986326,-45.74240808475099,-145.47464449677983,87.98004897554588,0.10987641005987347,214.52535550322017,1.3162613726901684
1744177525297,1744177524470,0.3445664644241333,6.813562393188477,7.001399040222168,1744177524608,0.004734201822429895,0.09010255336761475,0.3998109996318817,1744177524503,-22.70625114440918,-26.08125114440918,-37.91250228881836,1001.2962036132812,44.22101961408637,2.895020150136755,2.8174781299173883,87.10497984986326,-45.74240808475099,-145.47464449677983,87.98004897554588,0.40986548795538263,214.52535550322017,1.3162613726901684
1744177525314,1744177524601,-0.026919255033135414,6.558128833770752,6.951747894287109,1744177524608,0.004734201822429895,0.09010255336761475,0.3998109996318817,1744177524503,-22.70625114440918,-26.08125114440918,-37.91250228881836,1001.2962036132812,43.33112225639937,-0.23518157053160113,-0.22186535177626876,90.23518157053161,-46.66863681523119,-145.47464449677983,90.16138526411456,0.40986548795538263,214.52535550322017,1.3162613726901684
1744177525322,1744177524601,-0.026919255033135414,6.558128833770752,6.951747894287109,1744177524608,0.004734201822429895,0.09010255336761475,0.3998109996318817,1744177524503,-22.70625114440918,-26.08125114440918,-37.91250228881836,1001.2974853515625,43.33112225639937,-0.23518157053160113,-0.22186535177626876,90.23518157053161,-46.66863681523119,-145.47464449677983,90.16138526411456,0.40986548795538263,214.52535550322017,1.305463239592517
1744177525387,1744177524601,-0.026919255033135414,6.558128833770752,6.951747894287109,1744177524608,0.004734201822429895,0.09010255336761475,0.3998109996318817,1744177524703,-21.28125,-27.168750762939453,-38.0625,1001.2974853515625,43.33112225639937,-0.23518157053160113,-0.22186535177626876,90.23518157053161,-46.66863681523119,-144.48101501245165,90.16138526411456,0.40986548795538263,215.51898498754835,1.305463239592517
1744177525426,1744177524601,-0.026919255033135414,6.558128833770752,6.951747894287109,1744177524711,-0.020311253145337105,0.30741769075393677,0.42424559593200684,1744177524703,-21.28125,-27.168750762939453,-38.0625,1001.2974853515625,43.33112225639937,-0.23518157053160113,-0.22186535177626876,90.23518157053161,-46.66863681523119,-144.48101501245165,90.16138526411456,0.5243114620724219,215.51898498754835,1.305463239592517
1744177525446,1744177524730,-0.6382854580879211,6.56411075592041,7.1228346824646,1744177524711,-0.020311253145337105,0.30741769075393677,0.42424559593200684,1744177524703,-21.28125,-27.168750762939453,-38.0625,1001.2974853515625,42.66238867348613,-5.553905101015884,-5.120663747947186,95.5539051010159,-47.203232808765044,-144.48101501245165,93.7701362997048,0.5243114620724219,215.51898498754835,1.305463239592517
1744177525509,1744177524730,-0.6382854580879211,6.56411075592041,7.1228346824646,1744177524711,-0.020311253145337105,0.30741769075393677,0.42424559593200684,1744177524703,-21.28125,-27.168750762939453,-38.0625,1001.2949829101562,42.66238867348613,-5.553905101015884,-5.120663747947186,95.5539051010159,-47.203232808765044,-144.48101501245165,93.7701362997048,0.5243114620724219,215.51898498754835,1.3265453193821664
1744177525510,1744177524730,-0.6382854580879211,6.56411075592041,7.1228346824646,1744177524816,-0.35155269503593445,0.6424770355224609,1.0393863916397095,1744177524703,-21.28125,-27.168750762939453,-38.0625,1001.2949829101562,42.66238867348613,-5.553905101015884,-5.120663747947186,95.5539051010159,-47.203232808765044,-144.48101501245165,93.7701362997048,1.2714912935944838,215.51898498754835,1.3265453193821664
1744177525578,1744177524860,-3.1316065788269043,7.645666599273682,5.956333637237549,1744177524816,-0.35155269503593445,0.6424770355224609,1.0393863916397095,1744177524703,-21.28125,-27.168750762939453,-38.0625,1001.2949829101562,52.07973333956367,-22.273631087807843,-27.73363288431276,112.27363108780784,-35.7885058371242,-144.48101501245165,107.90636012031072,1.2714912935944838,215.51898498754835,1.3265453193821664
1744177525602,1744177524860,-3.1316065788269043,7.645666599273682,5.956333637237549,1744177524816,-0.35155269503593445,0.6424770355224609,1.0393863916397095,1744177524903,-17.568750381469727,-31.950000762939453,-35.90625,1001.2949829101562,52.07973333956367,-22.273631087807843,-27.73363288431276,112.27363108780784,-35.7885058371242,-138.33676055124621,107.90636012031072,1.2714912935944838,221.66323944875379,1.3265453193821664
1744177525611,1744177524860,-3.1316065788269043,7.645666599273682,5.956333637237549,1744177524920,0.40714138746261597,0.980743408203125,0.9065233469009399,1744177524903,-17.568750381469727,-31.950000762939453,-35.90625,1001.2949829101562,52.07973333956367,-22.273631087807843,-27.73363288431276,112.27363108780784,-35.7885058371242,-138.33676055124621,107.90636012031072,1.3962114168690025,221.66323944875379,1.3265453193821664
1744177525663,1744177524860,-3.1316065788269043,7.645666599273682,5.956333637237549,1744177524920,0.40714138746261597,0.980743408203125,0.9065233469009399,1744177524903,-17.568750381469727,-31.950000762939453,-35.90625,1001.2899780273438,52.07973333956367,-22.273631087807843,-27.73363288431276,112.27363108780784,-35.7885058371242,-138.33676055124621,107.90636012031072,1.3962114168690025,221.66323944875379,1.3687096069481586
1744177525699,1744177524860,-3.1316065788269043,7.645666599273682,5.956333637237549,1744177524920,0.40714138746261597,0.980743408203125,0.9065233469009399,1744177525003,-19.293750762939453,-32.17500305175781,-34.89375305175781,1001.2899780273438,52.07973333956367,-22.273631087807843,-27.73363288431276,112.27363108780784,-35.7885058371242,-137.32131427678527,107.90636012031072,1.3962114168690025,222.67868572321473,1.3687096069481586
1744177525712,1744177525012,-2.462812662124634,0.36251261830329895,6.385247230529785,1744177524920,0.40714138746261597,0.980743408203125,0.9065233469009399,1744177525003,-19.293750762939453,-32.17500305175781,-34.89375305175781,1001.2899780273438,3.249391826367152,-81.62650170697029,-21.091805129978027,171.62650170697032,-68.70120133523366,-137.32131427678527,111.0608703423427,1.3962114168690025,222.67868572321473,1.3687096069481586
1744177525774,1744177525012,-2.462812662124634,0.36251261830329895,6.385247230529785,1744177525024,0.1802051067352295,1.7692171335220337,1.3258819580078125,1744177525003,-19.293750762939453,-32.17500305175781,-34.89375305175781,1001.2899780273438,3.249391826367152,-81.62650170697029,-21.091805129978027,171.62650170697032,-68.70120133523366,-137.32131427678527,111.0608703423427,2.2182349092492455,222.67868572321473,1.3687096069481586
1744177525795,1744177525012,-2.462812662124634,0.36251261830329895,6.385247230529785,1744177525024,0.1802051067352295,1.7692171335220337,1.3258819580078125,1744177525003,-19.293750762939453,-32.17500305175781,-34.89375305175781,1001.2874755859375,3.249391826367152,-81.62650170697029,-21.091805129978027,171.62650170697032,-68.70120133523366,-137.32131427678527,111.0608703423427,2.2182349092492455,222.67868572321473,1.3897918147245014
1744177525815,1744177525121,-3.562314748764038,-1.2394821643829346,3.4301111698150635,1744177525024,0.1802051067352295,1.7692171335220337,1.3258819580078125,1744177525003,-19.293750762939453,-32.17500305175781,-34.89375305175781,1001.2874755859375,-19.86749162960251,-109.18497894145291,-46.08314408099786,-160.8150210585471,-42.28375812384403,-137.32131427678527,134.32552327872324,2.2182349092492455,222.67868572321473,1.3897918147245014
1744177525881,1744177525121,-3.562314748764038,-1.2394821643829346,3.4301111698150635,1744177525128,-1.2194387912750244,2.3519821166992188,0.11774418503046036,1744177525003,-19.293750762939453,-32.17500305175781,-34.89375305175781,1001.2874755859375,-19.86749162960251,-109.18497894145291,-46.08314408099786,-160.8150210585471,-42.28375812384403,-137.32131427678527,134.32552327872324,2.651926570636472,222.67868572321473,1.3897918147245014
1744177525916,1744177525121,-3.562314748764038,-1.2394821643829346,3.4301111698150635,1744177525128,-1.2194387912750244,2.3519821166992188,0.11774418503046036,1744177525203,-25.181251525878906,-37.61250305175781,-21.46875,1001.2874755859375,-19.86749162960251,-109.18497894145291,-46.08314408099786,-160.8150210585471,-42.28375812384403,-119.71718828621039,134.32552327872324,2.651926570636472,240.2828117137896,1.3897918147245014
1744177525929,1744177525121,-3.562314748764038,-1.2394821643829346,3.4301111698150635,1744177525231,-2.7977607250213623,1.8310672044754028,-1.018311619758606,1744177525203,-25.181251525878906,-37.61250305175781,-21.46875,1001.2874755859375,-19.86749162960251,-109.18497894145291,-46.08314408099786,-160.8150210585471,-42.28375812384403,-119.71718828621039,134.32552327872324,3.495315541794878,240.2828117137896,1.3897918147245014
1744177525957,1744177525121,-3.562314748764038,-1.2394821643829346,3.4301111698150635,1744177525231,-2.7977607250213623,1.8310672044754028,-1.018311619758606,1744177525203,-25.181251525878906,-37.61250305175781,-21.46875,1001.2911987304688,-19.86749162960251,-109.18497894145291,-46.08314408099786,-160.8150210585471,-42.28375812384403,-119.71718828621039,134.32552327872324,3.495315541794878,240.2828117137896,1.3584256186340316
1744177525984,1744177525272,4.542773723602295,1.077966570854187,-4.975276470184326,1744177525231,-2.7977607250213623,1.8310672044754028,-1.018311619758606,1744177525203,-25.181251525878906,-37.61250305175781,-21.46875,1001.2911987304688,167.77498729609098,76.6510309358332,137.60174582035617,13.348969064166798,46.81944538821985,-119.71718828621039,48.25541232810704,3.495315541794878,240.2828117137896,1.3584256186340316
1744177526059,1744177525272,4.542773723602295,1.077966570854187,-4.975276470184326,1744177525336,-3.6587746143341064,1.8277074098587036,-1.5604541301727295,1744177525203,-25.181251525878906,-37.61250305175781,-21.46875,1001.2911987304688,167.77498729609098,76.6510309358332,137.60174582035617,13.348969064166798,46.81944538821985,-119.71718828621039,48.25541232810704,4.377460810438082,240.2828117137896,1.3584256186340316
1744177526101,1744177525272,4.542773723602295,1.077966570854187,-4.975276470184326,1744177525336,-3.6587746143341064,1.8277074098587036,-1.5604541301727295,1744177525403,-32.28750228881836,-25.218751907348633,12.768750190734863,1001.2911987304688,167.77498729609098,76.6510309358332,137.60174582035617,13.348969064166798,46.81944538821985,-63.14600925889276,48.25541232810704,4.377460810438082,296.8539907411072,1.3584256186340316
1744177526124,1744177525402,11.528619766235352,1.6307085752487183,-11.078768730163574,1744177525336,-3.6587746143341064,1.8277074098587036,-1.5604541301727295,1744177525403,-32.28750228881836,-25.218751907348633,12.768750190734863,1001.2911987304688,171.62663270128107,81.94899562259316,133.8600556493137,8.05100437740685,43.57658028619792,-63.14600925889276,44.1668942780457,4.377460810438082,296.8539907411072,1.3584256186340316
1744177526124,1744177525402,11.528619766235352,1.6307085752487183,-11.078768730163574,1744177525336,-3.6587746143341064,1.8277074098587036,-1.5604541301727295,1744177525403,-32.28750228881836,-25.218751907348633,12.768750190734863,1001.293701171875,171.62663270128107,81.94899562259316,133.8600556493137,8.05100437740685,43.57658028619792,-63.14600925889276,44.1668942780457,4.377460810438082,296.8539907411072,1.3373434743318047
1744177526181,1744177525402,11.528619766235352,1.6307085752487183,-11.078768730163574,1744177525440,-3.616319417953491,0.8946114778518677,-3.107774496078491,1744177525403,-32.28750228881836,-25.218751907348633,12.768750190734863,1001.293701171875,171.62663270128107,81.94899562259316,133.8600556493137,8.05100437740685,43.57658028619792,-63.14600925889276,44.1668942780457,4.851428464632628,296.8539907411072,1.3373434743318047
1744177526229,1744177525402,11.528619766235352,1.6307085752487183,-11.078768730163574,1744177525544,-4.769174098968506,-0.32559093832969666,-2.3238823413848877,1744177525403,-32.28750228881836,-25.218751907348633,12.768750190734863,1001.293701171875,171.62663270128107,81.94899562259316,133.8600556493137,8.05100437740685,43.57658028619792,-63.14600925889276,44.1668942780457,5.31521026695981,296.8539907411072,1.3373434743318047
1744177526240,1744177525533,20.233707427978516,-5.457430362701416,-13.637892723083496,1744177525544,-4.769174098968506,-0.32559093832969666,-2.3238823413848877,1744177525403,-32.28750228881836,-25.218751907348633,12.768750190734863,1001.293701171875,-158.1903577794971,105.0946075681993,123.98069816721139,-15.094607568199292,33.05458580708947,-63.14600925889276,35.97896875836883,5.31521026695981,296.8539907411072,1.3373434743318047
1744177526292,1744177525533,20.233707427978516,-5.457430362701416,-13.637892723083496,1744177525544,-4.769174098968506,-0.32559093832969666,-2.3238823413848877,1744177525403,-32.28750228881836,-25.218751907348633,12.768750190734863,1001.2974853515625,-158.1903577794971,105.0946075681993,123.98069816721139,-15.094607568199292,33.05458580708947,-63.14600925889276,35.97896875836883,5.31521026695981,296.8539907411072,1.305463239592517
1744177526300,1744177525533,20.233707427978516,-5.457430362701416,-13.637892723083496,1744177525544,-4.769174098968506,-0.32559093832969666,-2.3238823413848877,1744177525603,-36.525001525878906,16.481250762939453,22.931251525878906,1001.2974853515625,-158.1903577794971,105.0946075681993,123.98069816721139,-15.094607568199292,33.05458580708947,35.70572551151074,35.97896875836883,5.31521026695981,35.705725511510764,1.305463239592517
1744177526366,1744177525533,20.233707427978516,-5.457430362701416,-13.637892723083496,1744177525648,-4.536739826202393,-1.9272783994674683,-1.5645774602890015,1744177525603,-36.525001525878906,16.481250762939453,22.931251525878906,1001.2974853515625,-158.1903577794971,105.0946075681993,123.98069816721139,-15.094607568199292,33.05458580708947,35.70572551151074,35.97896875836883,5.171490395326011,35.705725511510764,1.305463239592517
1744177526398,1744177525662,18.22553253173828,-6.03948450088501,-8.62193775177002,1744177525648,-4.536739826202393,-1.9272783994674683,-1.5645774602890015,1744177525603,-36.525001525878906,16.481250762939453,22.931251525878906,1001.2974853515625,-144.98957287268485,108.33390195249983,115.31738825971789,-18.33390195249982,24.182748712800894,35.70572551151074,30.010061978355157,5.171490395326011,35.705725511510764,1.305463239592517
1744177526415,1744177525662,18.22553253173828,-6.03948450088501,-8.62193775177002,1744177525648,-4.536739826202393,-1.9272783994674683,-1.5645774602890015,1744177525703,-40.10625076293945,30.750001907348633,9.61875057220459,1001.2974853515625,-144.98957287268485,108.33390195249983,115.31738825971789,-18.33390195249982,24.182748712800894,72.63006267391725,30.010061978355157,5.171490395326011,72.63006267391722,1.305463239592517
1744177526450,1744177525662,18.22553253173828,-6.03948450088501,-8.62193775177002,1744177525648,-4.536739826202393,-1.9272783994674683,-1.5645774602890015,1744177525703,-40.10625076293945,30.750001907348633,9.61875057220459,1001.3112182617188,-144.98957287268485,108.33390195249983,115.31738825971789,-18.33390195249982,24.182748712800894,72.63006267391725,30.010061978355157,5.171490395326011,72.63006267391722,1.1897696587422835
1744177526459,1744177525662,18.22553253173828,-6.03948450088501,-8.62193775177002,1744177525752,-4.280787467956543,-2.567617416381836,-0.9098830819129944,1744177525703,-40.10625076293945,30.750001907348633,9.61875057220459,1001.3112182617188,-144.98957287268485,108.33390195249983,115.31738825971789,-18.33390195249982,24.182748712800894,72.63006267391725,30.010061978355157,5.0740208676623135,72.63006267391722,1.1897696587422835
1744177526506,1744177525662,18.22553253173828,-6.03948450088501,-8.62193775177002,1744177525752,-4.280787467956543,-2.567617416381836,-0.9098830819129944,1744177525803,-37.10625076293945,33.65625,-11.71875,1001.3112182617188,-144.98957287268485,108.33390195249983,115.31738825971789,-18.33390195249982,24.182748712800894,109.19757638840353,30.010061978355157,5.0740208676623135,109.19757638840355,1.1897696587422835
1744177526516,1744177525792,22.59004020690918,-6.134000778198242,-2.4436700344085693,1744177525752,-4.280787467956543,-2.567617416381836,-0.9098830819129944,1744177525803,-37.10625076293945,33.65625,-11.71875,1001.3112182617188,-111.72140314716454,105.19155015807478,96.17394444990812,-15.191550158074763,5.959777523464855,109.19757638840353,16.29310560053799,5.0740208676623135,109.19757638840355,1.1897696587422835
1744177526571,1744177525792,22.59004020690918,-6.134000778198242,-2.4436700344085693,1744177525856,-3.9532113075256348,-3.268890142440796,0.09040798991918564,1744177525803,-37.10625076293945,33.65625,-11.71875,1001.3112182617188,-111.72140314716454,105.19155015807478,96.17394444990812,-15.191550158074763,5.959777523464855,109.19757638840353,16.29310560053799,5.130467426067178,109.19757638840355,1.1897696587422835
1744177526603,1744177525792,22.59004020690918,-6.134000778198242,-2.4436700344085693,1744177525856,-3.9532113075256348,-3.268890142440796,0.09040798991918564,1744177525803,-37.10625076293945,33.65625,-11.71875,1001.333740234375,-111.72140314716454,105.19155015807478,96.17394444990812,-15.191550158074763,5.959777523464855,109.19757638840353,16.29310560053799,5.130467426067178,109.19757638840355,1.0000349674152442
1744177526603,1744177525922,17.03510284423828,-5.514857769012451,2.7385854721069336,1744177525856,-3.9532113075256348,-3.268890142440796,0.09040798991918564,1744177525803,-37.10625076293945,33.65625,-11.71875,1001.333740234375,-63.59177940135759,107.93857852034608,80.8671970078428,-17.938578520346084,-8.695787484764859,109.19757638840353,19.87255770931912,5.130467426067178,109.19757638840355,1.0000349674152442
1744177526650,1744177525922,17.03510284423828,-5.514857769012451,2.7385854721069336,1744177525960,-4.130056858062744,-3.0164501667022705,1.62199866771698,1744177525803,-37.10625076293945,33.65625,-11.71875,1001.333740234375,-63.59177940135759,107.93857852034608,80.8671970078428,-17.938578520346084,-8.695787484764859,109.19757638840353,19.87255770931912,5.365372395007165,109.19757638840355,1.0000349674152442
1744177526717,1744177525922,17.03510284423828,-5.514857769012451,2.7385854721069336,1744177525960,-4.130056858062744,-3.0164501667022705,1.62199866771698,1744177526003,-16.200000762939453,0.45000001788139343,-46.181251525878906,1001.333740234375,-63.59177940135759,107.93857852034608,80.8671970078428,-17.938578520346084,-8.695787484764859,179.44171530724475,19.87255770931912,5.365372395007165,179.44171530724475,1.0000349674152442
1744177526751,1744177525922,17.03510284423828,-5.514857769012451,2.7385854721069336,1744177525960,-4.130056858062744,-3.0164501667022705,1.62199866771698,1744177526003,-16.200000762939453,0.45000001788139343,-46.181251525878906,1001.3536987304688,-63.59177940135759,107.93857852034608,80.8671970078428,-17.938578520346084,-8.695787484764859,179.44171530724475,19.87255770931912,5.365372395007165,179.44171530724475,0.8318989824466516
1744177526765,1744177525922,17.03510284423828,-5.514857769012451,2.7385854721069336,1744177526064,-3.5888304710388184,-1.278234601020813,2.919475555419922,1744177526003,-16.200000762939453,0.45000001788139343,-46.181251525878906,1001.3536987304688,-63.59177940135759,107.93857852034608,80.8671970078428,-17.938578520346084,-8.695787484764859,179.44171530724475,19.87255770931912,4.7996797147099315,179.44171530724475,0.8318989824466516
1744177526765,1744177526073,6.683752059936523,-2.4532413482666016,4.599005222320557,1744177526064,-3.5888304710388184,-1.278234601020813,2.919475555419922,1744177526003,-16.200000762939453,0.45000001788139343,-46.181251525878906,1001.3536987304688,-28.076740551314565,110.15543603321511,55.46863171339052,-20.155436033215118,-32.860429737483415,179.44171530724475,37.949357592883416,4.7996797147099315,179.44171530724475,0.8318989824466516
1744177526868,1744177526073,6.683752059936523,-2.4532413482666016,4.599005222320557,1744177526167,-3.526216983795166,1.123533010482788,4.328588008880615,1744177526003,-16.200000762939453,0.45000001788139343,-46.181251525878906,1001.3536987304688,-28.076740551314565,110.15543603321511,55.46863171339052,-20.155436033215118,-32.860429737483415,179.44171530724475,37.949357592883416,5.695015960739271,179.44171530724475,0.8318989824466516
1744177526903,1744177526073,6.683752059936523,-2.4532413482666016,4.599005222320557,1744177526167,-3.526216983795166,1.123533010482788,4.328588008880615,1744177526203,8.100000381469727,-35.75625228881836,-40.087501525878906,1001.3536987304688,-28.076740551314565,110.15543603321511,55.46863171339052,-20.155436033215118,-32.860429737483415,-138.26847025317542,37.949357592883416,5.695015960739271,221.73152974682458,0.8318989824466516
1744177526909,1744177526203,1.2681959867477417,3.5090744495391846,-0.1663011759519577,1744177526167,-3.526216983795166,1.123533010482788,4.328588008880615,1744177526203,8.100000381469727,-35.75625228881836,-40.087501525878906,1001.3536987304688,92.7133170734086,19.870093715270045,97.47068823169018,70.12990628472996,2.552001849351254,-138.26847025317542,70.15044168706083,5.695015960739271,221.73152974682458,0.8318989824466516
1744177526909,1744177526203,1.2681959867477417,3.5090744495391846,-0.1663011759519577,1744177526167,-3.526216983795166,1.123533010482788,4.328588008880615,1744177526203,8.100000381469727,-35.75625228881836,-40.087501525878906,1001.3624877929688,92.7133170734086,19.870093715270045,97.47068823169018,70.12990628472996,2.552001849351254,-138.26847025317542,70.15044168706083,5.695015960739271,221.73152974682458,0.7578583083500867
1744177526960,1744177526203,1.2681959867477417,3.5090744495391846,-0.1663011759519577,1744177526271,-2.2528693675994873,2.174067735671997,4.337292671203613,1744177526203,8.100000381469727,-35.75625228881836,-40.087501525878906,1001.3624877929688,92.7133170734086,19.870093715270045,97.47068823169018,70.12990628472996,2.552001849351254,-138.26847025317542,70.15044168706083,5.349214766901274,221.73152974682458,0.7578583083500867
1744177527023,1744177526203,1.2681959867477417,3.5090744495391846,-0.1663011759519577,1744177526271,-2.2528693675994873,2.174067735671997,4.337292671203613,1744177526303,18.243751525878906,-37.57500076293945,-33.1875,1001.3624877929688,92.7133170734086,19.870093715270045,97.47068823169018,70.12990628472996,2.552001849351254,-131.45202087022494,70.15044168706083,5.349214766901274,228.54797912977506,0.7578583083500867
1744177527062,1744177526334,-3.5958142280578613,5.404788017272949,0.29790642857551575,1744177526271,-2.2528693675994873,2.174067735671997,4.337292671203613,1744177526303,18.243751525878906,-37.57500076293945,-33.1875,1001.3624877929688,86.84510717812209,-33.635887076917825,-85.26396868110282,123.63588707691784,-2.627497658835296,-131.45202087022494,123.59582130257078,5.349214766901274,228.54797912977506,0.7578583083500867
1744177527070,1744177526334,-3.5958142280578613,5.404788017272949,0.29790642857551575,1744177526376,-1.2246311902999878,2.49843692779541,3.3654067516326904,1744177526303,18.243751525878906,-37.57500076293945,-33.1875,1001.3624877929688,86.84510717812209,-33.635887076917825,-85.26396868110282,123.63588707691784,-2.627497658835296,-131.45202087022494,123.59582130257078,4.366677368247193,228.54797912977506,0.7578583083500867
1744177527070,1744177526334,-3.5958142280578613,5.404788017272949,0.29790642857551575,1744177526376,-1.2246311902999878,2.49843692779541,3.3654067516326904,1744177526303,18.243751525878906,-37.57500076293945,-33.1875,1001.3637084960938,86.84510717812209,-33.635887076917825,-85.26396868110282,123.63588707691784,-2.627497658835296,-131.45202087022494,123.59582130257078,4.366677368247193,228.54797912977506,0.7475749230080708
1744177527172,1744177526463,-10.140782356262207,3.850649833679199,1.089930772781372,1744177526376,-1.2246311902999878,2.49843692779541,3.3654067516326904,1744177526303,18.243751525878906,-37.57500076293945,-33.1875,1001.3637084960938,74.19577485337662,-69.20726854628896,-83.86540236242001,159.207268546289,-5.737813423302568,-131.45202087022494,158.46395764758165,4.366677368247193,228.54797912977506,0.7475749230080708
1744177527183,1744177526463,-10.140782356262207,3.850649833679199,1.089930772781372,1744177526480,-0.6024653911590576,2.215606451034546,3.0275986194610596,1744177526303,18.243751525878906,-37.57500076293945,-33.1875,1001.3637084960938,74.19577485337662,-69.20726854628896,-83.86540236242001,159.207268546289,-5.737813423302568,-131.45202087022494,158.46395764758165,3.7997670841740874,228.54797912977506,0.7475749230080708
1744177527200,1744177526463,-10.140782356262207,3.850649833679199,1.089930772781372,1744177526480,-0.6024653911590576,2.215606451034546,3.0275986194610596,1744177526503,27.806251525878906,-29.400001525878906,-36.09375,1001.3637084960938,74.19577485337662,-69.20726854628896,-83.86540236242001,159.207268546289,-5.737813423302568,-140.8356169887389,158.46395764758165,3.7997670841740874,219.1643830112611,0.7475749230080708
1744177527277,1744177526463,-10.140782356262207,3.850649833679199,1.089930772781372,1744177526480,-0.6024653911590576,2.215606451034546,3.0275986194610596,1744177526503,27.806251525878906,-29.400001525878906,-36.09375,1001.3587036132812,74.19577485337662,-69.20726854628896,-83.86540236242001,159.207268546289,-5.737813423302568,-140.8356169887389,158.46395764758165,3.7997670841740874,219.1643830112611,0.7897368674111016
1744177527279,1744177526463,-10.140782356262207,3.850649833679199,1.089930772781372,1744177526584,0.11804962158203125,0.5209149122238159,-0.004734201822429895,1744177526503,27.806251525878906,-29.400001525878906,-36.09375,1001.3587036132812,74.19577485337662,-69.20726854628896,-83.86540236242001,159.207268546289,-5.737813423302568,-140.8356169887389,158.46395764758165,0.5341446167469088,219.1643830112611,0.7897368674111016
1744177527290,1744177526615,-6.7345991134643555,3.912863254547119,2.5058834552764893,1744177526584,0.11804962158203125,0.5209149122238159,-0.004734201822429895,1744177526503,27.806251525878906,-29.400001525878906,-36.09375,1001.3587036132812,57.363609908119734,-59.8430231565177,-69.59022096093888,149.84302315651772,-17.834504294418547,-140.8356169887389,145.3964837100466,0.5341446167469088,219.1643830112611,0.7897368674111016
1744177527380,1744177526615,-6.7345991134643555,3.912863254547119,2.5058834552764893,1744177526688,0.19868376851081848,-0.03558287397027016,-0.5381718873977661,1744177526503,27.806251525878906,-29.400001525878906,-36.09375,1001.3587036132812,57.363609908119734,-59.8430231565177,-69.59022096093888,149.84302315651772,-17.834504294418547,-140.8356169887389,145.3964837100466,0.5747785322843212,219.1643830112611,0.7897368674111016
1744177527380,1744177526615,-6.7345991134643555,3.912863254547119,2.5058834552764893,1744177526688,0.19868376851081848,-0.03558287397027016,-0.5381718873977661,1744177526503,27.806251525878906,-29.400001525878906,-36.09375,1001.3524780273438,57.363609908119734,-59.8430231565177,-69.59022096093888,149.84302315651772,-17.834504294418547,-140.8356169887389,145.3964837100466,0.5747785322843212,219.1643830112611,0.8421824510230824
1744177527390,1744177526615,-6.7345991134643555,3.912863254547119,2.5058834552764893,1744177526688,0.19868376851081848,-0.03558287397027016,-0.5381718873977661,1744177526703,23.587501525878906,-27.918750762939453,-37.61250305175781,1001.3524780273438,57.363609908119734,-59.8430231565177,-69.59022096093888,149.84302315651772,-17.834504294418547,-143.4144933226795,145.3964837100466,0.5747785322843212,216.5855066773205,0.8421824510230824
1744177527470,1744177526724,-5.933003902435303,4.403990268707275,3.493520975112915,1744177526688,0.19868376851081848,-0.03558287397027016,-0.5381718873977661,1744177526703,23.587501525878906,-27.918750762939453,-37.61250305175781,1001.3524780273438,51.576345761171815,-53.413990041142675,-59.509216589619676,143.41399004114268,-25.30513129093087,-143.4144933226795,136.5449459704742,0.5747785322843212,216.5855066773205,0.8421824510230824
1744177527473,1744177526724,-5.933003902435303,4.403990268707275,3.493520975112915,1744177526792,0.056199558079242706,-0.5708531141281128,-0.7516691088676453,1744177526703,23.587501525878906,-27.918750762939453,-37.61250305175781,1001.3524780273438,51.576345761171815,-53.413990041142675,-59.509216589619676,143.41399004114268,-25.30513129093087,-143.4144933226795,136.5449459704742,0.9455358890406784,216.5855066773205,0.8421824510230824
1744177527492,1744177526724,-5.933003902435303,4.403990268707275,3.493520975112915,1744177526792,0.056199558079242706,-0.5708531141281128,-0.7516691088676453,1744177526803,22.200000762939453,-29.868751525878906,-36.69375228881836,1001.3524780273438,51.576345761171815,-53.413990041142675,-59.509216589619676,143.41399004114268,-25.30513129093087,-140.85437577998334,136.5449459704742,0.9455358890406784,219.14562422001666,0.8421824510230824
1744177527569,1744177526724,-5.933003902435303,4.403990268707275,3.493520975112915,1744177526792,0.056199558079242706,-0.5708531141281128,-0.7516691088676453,1744177526803,22.200000762939453,-29.868751525878906,-36.69375228881836,1001.3412475585938,51.576345761171815,-53.413990041142675,-59.509216589619676,143.41399004114268,-25.30513129093087,-140.85437577998334,136.5449459704742,0.9455358890406784,219.14562422001666,0.9367908381755352
1744177527569,1744177526854,-5.458626747131348,6.226124286651611,3.0370900630950928,1744177526792,0.056199558079242706,-0.5708531141281128,-0.7516691088676453,1744177526803,22.200000762939453,-29.868751525878906,-36.69375228881836,1001.3412475585938,63.99697926786993,-41.24200013781548,-60.90915739239339,131.24200013781547,-20.14256995875783,-140.85437577998334,128.23736688281474,0.9455358890406784,219.14562422001666,0.9367908381755352
1744177527697,1744177526854,-5.458626747131348,6.226124286651611,3.0370900630950928,1744177526896,0.022907428443431854,-0.45051276683807373,-0.3390299379825592,1744177526803,22.200000762939453,-29.868751525878906,-36.69375228881836,1001.3412475585938,63.99697926786993,-41.24200013781548,-60.90915739239339,131.24200013781547,-20.14256995875783,-140.85437577998334,128.23736688281474,0.5642940742294265,219.14562422001666,0.9367908381755352
1744177527697,1744177526854,-5.458626747131348,6.226124286651611,3.0370900630950928,1744177527000,-0.0386371985077858,-0.28557929396629333,-0.2098320573568344,1744177526803,22.200000762939453,-29.868751525878906,-36.69375228881836,1001.3412475585938,63.99697926786993,-41.24200013781548,-60.90915739239339,131.24200013781547,-20.14256995875783,-140.85437577998334,128.23736688281474,0.35647981506028986,219.14562422001666,0.9367908381755352
1744177527697,1744177526854,-5.458626747131348,6.226124286651611,3.0370900630950928,1744177527000,-0.0386371985077858,-0.28557929396629333,-0.2098320573568344,1744177527003,25.106250762939453,-31.350000381469727,-36,1001.3412475585938,63.99697926786993,-41.24200013781548,-60.90915739239339,131.24200013781547,-20.14256995875783,-138.94956529057308,128.23736688281474,0.35647981506028986,221.05043470942692,0.9367908381755352
1744177527697,1744177527005,-6.98405122756958,8.117650985717773,2.169692039489746,1744177527000,-0.0386371985077858,-0.28557929396629333,-0.2098320573568344,1744177527003,25.106250762939453,-31.350000381469727,-36,1001.3412475585938,75.0357380663191,-40.70717920582571,-72.74187081541749,130.70717920582572,-11.453809549147106,-138.94956529057308,129.73256646960425,0.35647981506028986,221.05043470942692,0.9367908381755352
1744177527707,1744177527005,-6.98405122756958,8.117650985717773,2.169692039489746,1744177527000,-0.0386371985077858,-0.28557929396629333,-0.2098320573568344,1744177527003,25.106250762939453,-31.350000381469727,-36,1001.3299560546875,75.0357380663191,-40.70717920582571,-72.74187081541749,130.70717920582572,-11.453809549147106,-138.94956529057308,129.73256646960425,0.35647981506028986,221.05043470942692,1.0319142675293036
1744177527794,1744177527005,-6.98405122756958,8.117650985717773,2.169692039489746,1744177527106,0.01649334840476513,-0.11636973917484283,-0.07315105944871902,1744177527003,25.106250762939453,-31.350000381469727,-36,1001.3299560546875,75.0357380663191,-40.70717920582571,-72.74187081541749,130.70717920582572,-11.453809549147106,-138.94956529057308,129.73256646960425,0.13843779915793208,221.05043470942692,1.0319142675293036
1744177527858,1744177527138,-5.444868087768555,7.36032247543335,2.9700911045074463,1744177527106,0.01649334840476513,-0.11636973917484283,-0.07315105944871902,1744177527003,25.106250762939453,-31.350000381469727,-36,1001.3299560546875,68.02457875075545,-36.492534278293405,-61.388217960976846,126.4925342782934,-17.973553652708432,-138.94956529057308,124.45058344118445,0.13843779915793208,221.05043470942692,1.0319142675293036
1744177527893,1744177527138,-5.444868087768555,7.36032247543335,2.9700911045074463,1744177527106,0.01649334840476513,-0.11636973917484283,-0.07315105944871902,1744177527003,25.106250762939453,-31.350000381469727,-36,1001.3187255859375,68.02457875075545,-36.492534278293405,-61.388217960976846,126.4925342782934,-17.973553652708432,-138.94956529057308,124.45058344118445,0.13843779915793208,221.05043470942692,1.126524377691236
1744177527903,1744177527138,-5.444868087768555,7.36032247543335,2.9700911045074463,1744177527106,0.01649334840476513,-0.11636973917484283,-0.07315105944871902,1744177527203,24.506250381469727,-31.200000762939453,-34.650001525878906,1001.3187255859375,68.02457875075545,-36.492534278293405,-61.388217960976846,126.4925342782934,-17.973553652708432,-137.99908749341597,124.45058344118445,0.13843779915793208,222.00091250658403,1.126524377691236
1744177527903,1744177527138,-5.444868087768555,7.36032247543335,2.9700911045074463,1744177527212,-0.0032070400193333626,-0.007024944759905338,0.023518294095993042,1744177527203,24.506250381469727,-31.200000762939453,-34.650001525878906,1001.3187255859375,68.02457875075545,-36.492534278293405,-61.388217960976846,126.4925342782934,-17.973553652708432,-137.99908749341597,124.45058344118445,0.02475368885138028,222.00091250658403,1.126524377691236
1744177527974,1744177527270,-5.7858452796936035,7.128817081451416,3.0071799755096436,1744177527212,-0.0032070400193333626,-0.007024944759905338,0.023518294095993042,1744177527203,24.506250381469727,-31.200000762939453,-34.650001525878906,1001.3187255859375,67.12831163639896,-39.06325578906155,-62.536946875452934,129.06325578906154,-18.13535925905253,-137.99908749341597,126.7892361419126,0.02475368885138028,222.00091250658403,1.126524377691236
1744177528000,1744177527270,-5.7858452796936035,7.128817081451416,3.0071799755096436,1744177527212,-0.0032070400193333626,-0.007024944759905338,0.023518294095993042,1744177527303,24.600000381469727,-31.481250762939453,-35.32500076293945,1001.3187255859375,67.12831163639896,-39.06325578906155,-62.536946875452934,129.06325578906154,-18.13535925905253,-138.29292714840201,126.7892361419126,0.02475368885138028,221.70707285159799,1.126524377691236
1744177528006,1744177527270,-5.7858452796936035,7.128817081451416,3.0071799755096436,1744177527316,0.04413498193025589,0.02107483521103859,-0.03405570983886719,1744177527303,24.600000381469727,-31.481250762939453,-35.32500076293945,1001.3187255859375,67.12831163639896,-39.06325578906155,-62.536946875452934,129.06325578906154,-18.13535925905253,-138.29292714840201,126.7892361419126,0.05959728753714855,221.70707285159799,1.126524377691236
1744177528073,1744177527270,-5.7858452796936035,7.128817081451416,3.0071799755096436,1744177527316,0.04413498193025589,0.02107483521103859,-0.03405570983886719,1744177527303,24.600000381469727,-31.481250762939453,-35.32500076293945,1001.3099975585938,67.12831163639896,-39.06325578906155,-62.536946875452934,129.06325578906154,-18.13535925905253,-138.29292714840201,126.7892361419126,0.05959728753714855,221.70707285159799,1.2000534805678942
1744177528107,1744177527270,-5.7858452796936035,7.128817081451416,3.0071799755096436,1744177527316,0.04413498193025589,0.02107483521103859,-0.03405570983886719,1744177527403,23.137500762939453,-31.275001525878906,-35.118751525878906,1001.3099975585938,67.12831163639896,-39.06325578906155,-62.536946875452934,129.06325578906154,-18.13535925905253,-138.31334037085807,126.7892361419126,0.05959728753714855,221.68665962914193,1.2000534805678942
1744177528127,1744177527400,-5.571687698364258,7.561319351196289,2.6530420780181885,1744177527316,0.04413498193025589,0.02107483521103859,-0.03405570983886719,1744177527403,23.137500762939453,-31.275001525878906,-35.118751525878906,1001.3099975585938,70.66554520807638,-36.38528112389597,-64.53784980362828,126.38528112389598,-15.773222937630177,-138.31334037085807,124.81124909581278,0.05959728753714855,221.68665962914193,1.2000534805678942
1744177528127,1744177527400,-5.571687698364258,7.561319351196289,2.6530420780181885,1744177527419,0.05818486958742142,0.02153298258781433,-0.023823726922273636,1744177527403,23.137500762939453,-31.275001525878906,-35.118751525878906,1001.3099975585938,70.66554520807638,-36.38528112389597,-64.53784980362828,126.38528112389598,-15.773222937630177,-138.31334037085807,124.81124909581278,0.0664583956509591,221.68665962914193,1.2000534805678942
1744177528186,1744177527400,-5.571687698364258,7.561319351196289,2.6530420780181885,1744177527419,0.05818486958742142,0.02153298258781433,-0.023823726922273636,1744177527403,23.137500762939453,-31.275001525878906,-35.118751525878906,1001.3049926757812,70.66554520807638,-36.38528112389597,-64.53784980362828,126.38528112389598,-15.773222937630177,-138.31334037085807,124.81124909581278,0.0664583956509591,221.68665962914193,1.2422172561969558
1744177528228,1744177527400,-5.571687698364258,7.561319351196289,2.6530420780181885,1744177527524,0.003359756199643016,0.05803215503692627,0.11728604137897491,1744177527403,23.137500762939453,-31.275001525878906,-35.118751525878906,1001.3049926757812,70.66554520807638,-36.38528112389597,-64.53784980362828,126.38528112389598,-15.773222937630177,-138.31334037085807,124.81124909581278,0.13090085745441662,221.68665962914193,1.2422172561969558
1744177528236,1744177527529,-5.876772403717041,7.467401027679443,2.89890456199646,1744177527524,0.003359756199643016,0.05803215503692627,0.11728604137897491,1744177527403,23.137500762939453,-31.275001525878906,-35.118751525878906,1001.3049926757812,68.78339114397096,-38.2024034610346,-63.74371759960763,128.2024034610346,-16.96515685743848,-138.31334037085807,126.2655335489079,0.13090085745441662,221.68665962914193,1.2422172561969558
